id;code;descr;category;stock;price
1;SKU-001;Teclado Mecânico;Periféricos;34;199.90
2;SKU-002;Mouse Óptico;Periféricos;80;69.90
3;SKU-003;"Monitor 24""";Monitores;11;999.00
4;SKU-004;Headset USB;Áudio;14;149.00
5;SKU-005;Webcam HD;Vídeo;9;229.00
6;SKU-006;"Notebook 14""";Computadores;6;3999.00
7;SKU-10000;Item 10000 Periféricos - Modelo 1;Periféricos;0;19.90
8;SKU-10001;Item 10001 Monitores - Modelo 2;Monitores;7;23.37
9;SKU-10002;Item 10002 Áudio - Modelo 3;Áudio;14;26.84
10;SKU-10003;Item 10003 Vídeo - Modelo 4;Vídeo;21;30.31
11;SKU-10004;Item 10004 Computadores - Modelo 5;Computadores;28;33.78
12;SKU-10005;Item 10005 Redes - Modelo 6;Redes;30;37.25
13;SKU-10006;Item 10006 Impressão - Modelo 7;Impressão;42;40.72
14;SKU-10007;Item 10007 Acessórios - Modelo 8;Acessórios;49;44.19
15;SKU-10008;Item 10008 Armazenamento - Modelo 9;Armazenamento;56;47.66
16;SKU-10009;Item 10009 Energia - Modelo 10;Energia;63;51.13
17;SKU-10010;Item 10010 Periféricos - Modelo 11;Periféricos;70;54.60
18;SKU-10011;Item 10011 Monitores - Modelo 12;Monitores;77;58.07
19;SKU-10012;Item 10012 Áudio - Modelo 13;Áudio;84;61.54
20;SKU-10013;Item 10013 Vídeo - Modelo 14;Vídeo;91;65.01
21;SKU-10014;Item 10014 Computadores - Modelo 15;Computadores;98;68.48
22;SKU-10015;Item 10015 Redes - Modelo 16;Redes;105;71.95
23;SKU-10016;Item 10016 Impressão - Modelo 17;Impressão;112;75.42
24;SKU-10017;Item 10017 Acessórios - Modelo 18;Acessórios;119;78.89
25;SKU-10018;Item 10018 Armazenamento - Modelo 19;Armazenamento;6;82.36
26;SKU-10019;Item 10019 Energia - Modelo 20;Energia;13;85.83
27;SKU-10020;Item 10020 Periféricos - Modelo 21;Periféricos;20;89.30
28;SKU-10021;Item 10021 Monitores - Modelo 22;Monitores;27;92.77
29;SKU-10022;Item 10022 Áudio - Modelo 23;Áudio;34;96.24
30;SKU-10023;Item 10023 Vídeo - Modelo 24;Vídeo;41;99.71
31;SKU-10024;Item 10024 Computadores - Modelo 25;Computadores;48;103.18
32;SKU-10025;Item 10025 Redes - Modelo 26;Redes;55;106.65
33;SKU-10026;Item 10026 Impressão - Modelo 27;Impressão;62;110.12
34;SKU-10027;Item 10027 Acessórios - Modelo 28;Acessórios;69;113.59
35;SKU-10028;Item 10028 Armazenamento - Modelo 29;Armazenamento;76;117.06
36;SKU-10029;Item 10029 Energia - Modelo 30;Energia;83;120.53
37;SKU-10030;Item 10030 Periféricos - Modelo 31;Periféricos;90;124.00
38;SKU-10031;Item 10031 Monitores - Modelo 32;Monitores;97;127.47
39;SKU-10032;Item 10032 Áudio - Modelo 33;Áudio;104;130.94
40;SKU-10033;Item 10033 Vídeo - Modelo 34;Vídeo;111;134.41
41;SKU-10034;Item 10034 Computadores - Modelo 35;Computadores;118;137.88
42;SKU-10035;Item 10035 Redes - Modelo 36;Redes;5;141.35
43;SKU-10036;Item 10036 Impressão - Modelo 37;Impressão;12;144.82
44;SKU-10037;Item 10037 Acessórios - Modelo 38;Acessórios;19;148.29
45;SKU-10038;Item 10038 Armazenamento - Modelo 39;Armazenamento;26;151.76
46;SKU-10039;Item 10039 Energia - Modelo 40;Energia;33;155.23
47;SKU-10040;Item 10040 Periféricos - Modelo 41;Periféricos;40;158.70
48;SKU-10041;Item 10041 Monitores - Modelo 42;Monitores;47;162.17
49;SKU-10042;Item 10042 Áudio - Modelo 43;Áudio;54;165.64
50;SKU-10043;Item 10043 Vídeo - Modelo 44;Vídeo;61;169.11
51;SKU-10044;Item 10044 Computadores - Modelo 45;Computadores;68;172.58
52;SKU-10045;Item 10045 Redes - Modelo 46;Redes;75;176.05
53;SKU-10046;Item 10046 Impressão - Modelo 47;Impressão;82;179.52
54;SKU-10047;Item 10047 Acessórios - Modelo 48;Acessórios;89;182.99
55;SKU-10048;Item 10048 Armazenamento - Modelo 49;Armazenamento;96;186.46
56;SKU-10049;Item 10049 Energia - Modelo 50;Energia;103;189.93
57;SKU-10050;Item 10050 Periféricos - Modelo 51;Periféricos;110;193.40
58;SKU-10051;Item 10051 Monitores - Modelo 52;Monitores;117;196.87
59;SKU-10052;Item 10052 Áudio - Modelo 53;Áudio;4;200.34
60;SKU-10053;Item 10053 Vídeo - Modelo 54;Vídeo;11;203.81
61;SKU-10054;Item 10054 Computadores - Modelo 55;Computadores;18;207.28
62;SKU-10055;Item 10055 Redes - Modelo 56;Redes;25;210.75
63;SKU-10056;Item 10056 Impressão - Modelo 57;Impressão;32;214.22
64;SKU-10057;Item 10057 Acessórios - Modelo 58;Acessórios;39;217.69
65;SKU-10058;Item 10058 Armazenamento - Modelo 59;Armazenamento;46;221.16
66;SKU-10059;Item 10059 Energia - Modelo 60;Energia;53;224.63
67;SKU-10060;Item 10060 Periféricos - Modelo 61;Periféricos;60;228.10
68;SKU-10061;Item 10061 Monitores - Modelo 62;Monitores;67;231.57
69;SKU-10062;Item 10062 Áudio - Modelo 63;Áudio;74;235.04
70;SKU-10063;Item 10063 Vídeo - Modelo 64;Vídeo;81;238.51
71;SKU-10064;Item 10064 Computadores - Modelo 65;Computadores;88;241.98
72;SKU-10065;Item 10065 Redes - Modelo 66;Redes;95;245.45
73;SKU-10066;Item 10066 Impressão - Modelo 67;Impressão;102;248.92
74;SKU-10067;Item 10067 Acessórios - Modelo 68;Acessórios;109;252.39
75;SKU-10068;Item 10068 Armazenamento - Modelo 69;Armazenamento;116;255.86
76;SKU-10069;Item 10069 Energia - Modelo 70;Energia;3;259.33
77;SKU-10070;Item 10070 Periféricos - Modelo 71;Periféricos;10;262.80
78;SKU-10071;Item 10071 Monitores - Modelo 72;Monitores;17;266.27
79;SKU-10072;Item 10072 Áudio - Modelo 73;Áudio;24;269.74
80;SKU-10073;Item 10073 Vídeo - Modelo 74;Vídeo;31;273.21
81;SKU-10074;Item 10074 Computadores - Modelo 75;Computadores;38;276.68
82;SKU-10075;Item 10075 Redes - Modelo 76;Redes;45;280.15
83;SKU-10076;Item 10076 Impressão - Modelo 77;Impressão;52;283.62
84;SKU-10077;Item 10077 Acessórios - Modelo 78;Acessórios;59;287.09
85;SKU-10078;Item 10078 Armazenamento - Modelo 79;Armazenamento;66;290.56
86;SKU-10079;Item 10079 Energia - Modelo 80;Energia;73;294.03
87;SKU-10080;Item 10080 Periféricos - Modelo 81;Periféricos;80;297.50
88;SKU-10081;Item 10081 Monitores - Modelo 82;Monitores;87;300.97
89;SKU-10082;Item 10082 Áudio - Modelo 83;Áudio;94;304.44
90;SKU-10083;Item 10083 Vídeo - Modelo 84;Vídeo;101;307.91
91;SKU-10084;Item 10084 Computadores - Modelo 85;Computadores;108;311.38
92;SKU-10085;Item 10085 Redes - Modelo 86;Redes;115;314.85
93;SKU-10086;Item 10086 Impressão - Modelo 87;Impressão;2;318.32
94;SKU-10087;Item 10087 Acessórios - Modelo 88;Acessórios;9;321.79
95;SKU-10088;Item 10088 Armazenamento - Modelo 89;Armazenamento;16;325.26
96;SKU-10089;Item 10089 Energia - Modelo 90;Energia;23;328.73
97;SKU-10090;Item 10090 Periféricos - Modelo 91;Periféricos;30;332.20
98;SKU-10091;Item 10091 Monitores - Modelo 92;Monitores;37;335.67
99;SKU-10092;Item 10092 Áudio - Modelo 93;Áudio;44;339.14
100;SKU-10093;Item 10093 Vídeo - Modelo 94;Vídeo;51;342.61
101;SKU-10094;Item 10094 Computadores - Modelo 95;Computadores;58;346.08
102;SKU-10095;Item 10095 Redes - Modelo 96;Redes;65;349.55
103;SKU-10096;Item 10096 Impressão - Modelo 97;Impressão;72;353.02
104;SKU-10097;Item 10097 Acessórios - Modelo 98;Acessórios;79;356.49
105;SKU-10098;Item 10098 Armazenamento - Modelo 99;Armazenamento;86;359.96
106;SKU-10099;Item 10099 Energia - Modelo 100;Energia;93;363.43
107;SKU-10100;Item 10100 Periféricos - Modelo 1;Periféricos;100;366.90
108;SKU-10101;Item 10101 Monitores - Modelo 2;Monitores;107;370.37
109;SKU-10102;Item 10102 Áudio - Modelo 3;Áudio;114;373.84
110;SKU-10103;Item 10103 Vídeo - Modelo 4;Vídeo;1;377.31
111;SKU-10104;Item 10104 Computadores - Modelo 5;Computadores;8;380.78
112;SKU-10105;Item 10105 Redes - Modelo 6;Redes;15;384.25
113;SKU-10106;Item 10106 Impressão - Modelo 7;Impressão;22;387.72
114;SKU-10107;Item 10107 Acessórios - Modelo 8;Acessórios;29;391.19
115;SKU-10108;Item 10108 Armazenamento - Modelo 9;Armazenamento;36;394.66
116;SKU-10109;Item 10109 Energia - Modelo 10;Energia;43;398.13
117;SKU-10110;Item 10110 Periféricos - Modelo 11;Periféricos;50;401.60
118;SKU-10111;Item 10111 Monitores - Modelo 12;Monitores;57;405.07
119;SKU-10112;Item 10112 Áudio - Modelo 13;Áudio;64;408.54
120;SKU-10113;Item 10113 Vídeo - Modelo 14;Vídeo;71;412.01
121;SKU-10114;Item 10114 Computadores - Modelo 15;Computadores;78;415.48
122;SKU-10115;Item 10115 Redes - Modelo 16;Redes;85;418.95
123;SKU-10116;Item 10116 Impressão - Modelo 17;Impressão;92;422.42
124;SKU-10117;Item 10117 Acessórios - Modelo 18;Acessórios;99;425.89
125;SKU-10118;Item 10118 Armazenamento - Modelo 19;Armazenamento;106;429.36
126;SKU-10119;Item 10119 Energia - Modelo 20;Energia;113;432.83
127;SKU-10120;Item 10120 Periféricos - Modelo 21;Periféricos;0;436.30
128;SKU-10121;Item 10121 Monitores - Modelo 22;Monitores;7;439.77
129;SKU-10122;Item 10122 Áudio - Modelo 23;Áudio;14;443.24
130;SKU-10123;Item 10123 Vídeo - Modelo 24;Vídeo;21;446.71
131;SKU-10124;Item 10124 Computadores - Modelo 25;Computadores;28;450.18
132;SKU-10125;Item 10125 Redes - Modelo 26;Redes;35;453.65
133;SKU-10126;Item 10126 Impressão - Modelo 27;Impressão;42;457.12
134;SKU-10127;Item 10127 Acessórios - Modelo 28;Acessórios;49;460.59
135;SKU-10128;Item 10128 Armazenamento - Modelo 29;Armazenamento;56;464.06
136;SKU-10129;Item 10129 Energia - Modelo 30;Energia;63;467.53
137;SKU-10130;Item 10130 Periféricos - Modelo 31;Periféricos;70;471.00
138;SKU-10131;Item 10131 Monitores - Modelo 32;Monitores;77;474.47
139;SKU-10132;Item 10132 Áudio - Modelo 33;Áudio;84;477.94
140;SKU-10133;Item 10133 Vídeo - Modelo 34;Vídeo;91;481.41
141;SKU-10134;Item 10134 Computadores - Modelo 35;Computadores;98;484.88
142;SKU-10135;Item 10135 Redes - Modelo 36;Redes;105;488.35
143;SKU-10136;Item 10136 Impressão - Modelo 37;Impressão;112;491.82
144;SKU-10137;Item 10137 Acessórios - Modelo 38;Acessórios;119;495.29
145;SKU-10138;Item 10138 Armazenamento - Modelo 39;Armazenamento;6;498.76
146;SKU-10139;Item 10139 Energia - Modelo 40;Energia;13;502.23
147;SKU-10140;Item 10140 Periféricos - Modelo 41;Periféricos;20;505.70
148;SKU-10141;Item 10141 Monitores - Modelo 42;Monitores;27;509.17
149;SKU-10142;Item 10142 Áudio - Modelo 43;Áudio;34;512.64
150;SKU-10143;Item 10143 Vídeo - Modelo 44;Vídeo;41;516.11
151;SKU-10144;Item 10144 Computadores - Modelo 45;Computadores;48;519.58
152;SKU-10145;Item 10145 Redes - Modelo 46;Redes;55;523.05
153;SKU-10146;Item 10146 Impressão - Modelo 47;Impressão;62;526.52
154;SKU-10147;Item 10147 Acessórios - Modelo 48;Acessórios;69;529.99
155;SKU-10148;Item 10148 Armazenamento - Modelo 49;Armazenamento;76;533.46
156;SKU-10149;Item 10149 Energia - Modelo 50;Energia;83;536.93
157;SKU-10150;Item 10150 Periféricos - Modelo 51;Periféricos;90;540.40
158;SKU-10151;Item 10151 Monitores - Modelo 52;Monitores;97;543.87
159;SKU-10152;Item 10152 Áudio - Modelo 53;Áudio;104;547.34
160;SKU-10153;Item 10153 Vídeo - Modelo 54;Vídeo;111;550.81
161;SKU-10154;Item 10154 Computadores - Modelo 55;Computadores;118;554.28
162;SKU-10155;Item 10155 Redes - Modelo 56;Redes;5;557.75
163;SKU-10156;Item 10156 Impressão - Modelo 57;Impressão;12;561.22
164;SKU-10157;Item 10157 Acessórios - Modelo 58;Acessórios;19;564.69
165;SKU-10158;Item 10158 Armazenamento - Modelo 59;Armazenamento;26;568.16
166;SKU-10159;Item 10159 Energia - Modelo 60;Energia;33;571.63
167;SKU-10160;Item 10160 Periféricos - Modelo 61;Periféricos;40;575.10
168;SKU-10161;Item 10161 Monitores - Modelo 62;Monitores;47;578.57
169;SKU-10162;Item 10162 Áudio - Modelo 63;Áudio;54;582.04
170;SKU-10163;Item 10163 Vídeo - Modelo 64;Vídeo;61;585.51
171;SKU-10164;Item 10164 Computadores - Modelo 65;Computadores;68;588.98
172;SKU-10165;Item 10165 Redes - Modelo 66;Redes;75;592.45
173;SKU-10166;Item 10166 Impressão - Modelo 67;Impressão;82;595.92
174;SKU-10167;Item 10167 Acessórios - Modelo 68;Acessórios;89;599.39
175;SKU-10168;Item 10168 Armazenamento - Modelo 69;Armazenamento;96;602.86
176;SKU-10169;Item 10169 Energia - Modelo 70;Energia;103;606.33
177;SKU-10170;Item 10170 Periféricos - Modelo 71;Periféricos;110;609.80
178;SKU-10171;Item 10171 Monitores - Modelo 72;Monitores;117;613.27
179;SKU-10172;Item 10172 Áudio - Modelo 73;Áudio;4;616.74
180;SKU-10173;Item 10173 Vídeo - Modelo 74;Vídeo;11;620.21
181;SKU-10174;Item 10174 Computadores - Modelo 75;Computadores;18;623.68
182;SKU-10175;Item 10175 Redes - Modelo 76;Redes;25;627.15
183;SKU-10176;Item 10176 Impressão - Modelo 77;Impressão;32;630.62
184;SKU-10177;Item 10177 Acessórios - Modelo 78;Acessórios;39;634.09
185;SKU-10178;Item 10178 Armazenamento - Modelo 79;Armazenamento;46;637.56
186;SKU-10179;Item 10179 Energia - Modelo 80;Energia;53;641.03
187;SKU-10180;Item 10180 Periféricos - Modelo 81;Periféricos;60;644.50
188;SKU-10181;Item 10181 Monitores - Modelo 82;Monitores;67;647.97
189;SKU-10182;Item 10182 Áudio - Modelo 83;Áudio;74;651.44
190;SKU-10183;Item 10183 Vídeo - Modelo 84;Vídeo;81;654.91
191;SKU-10184;Item 10184 Computadores - Modelo 85;Computadores;88;658.38
192;SKU-10185;Item 10185 Redes - Modelo 86;Redes;95;661.85
193;SKU-10186;Item 10186 Impressão - Modelo 87;Impressão;102;665.32
194;SKU-10187;Item 10187 Acessórios - Modelo 88;Acessórios;109;668.79
195;SKU-10188;Item 10188 Armazenamento - Modelo 89;Armazenamento;116;672.26
196;SKU-10189;Item 10189 Energia - Modelo 90;Energia;3;675.73
197;SKU-10190;Item 10190 Periféricos - Modelo 91;Periféricos;10;679.20
198;SKU-10191;Item 10191 Monitores - Modelo 92;Monitores;17;682.67
199;SKU-10192;Item 10192 Áudio - Modelo 93;Áudio;24;686.14
200;SKU-10193;Item 10193 Vídeo - Modelo 94;Vídeo;31;689.61
201;SKU-10194;Item 10194 Computadores - Modelo 95;Computadores;38;693.08
202;SKU-10195;Item 10195 Redes - Modelo 96;Redes;45;696.55
203;SKU-10196;Item 10196 Impressão - Modelo 97;Impressão;52;700.02
204;SKU-10197;Item 10197 Acessórios - Modelo 98;Acessórios;59;703.49
205;SKU-10198;Item 10198 Armazenamento - Modelo 99;Armazenamento;66;706.96
206;SKU-10199;Item 10199 Energia - Modelo 100;Energia;73;710.43
207;SKU-10200;Item 10200 Periféricos - Modelo 1;Periféricos;80;713.90
208;SKU-10201;Item 10201 Monitores - Modelo 2;Monitores;87;717.37
209;SKU-10202;Item 10202 Áudio - Modelo 3;Áudio;94;720.84
210;SKU-10203;Item 10203 Vídeo - Modelo 4;Vídeo;101;724.31
211;SKU-10204;Item 10204 Computadores - Modelo 5;Computadores;108;727.78
212;SKU-10205;Item 10205 Redes - Modelo 6;Redes;115;731.25
213;SKU-10206;Item 10206 Impressão - Modelo 7;Impressão;2;734.72
214;SKU-10207;Item 10207 Acessórios - Modelo 8;Acessórios;9;738.19
215;SKU-10208;Item 10208 Armazenamento - Modelo 9;Armazenamento;16;741.66
216;SKU-10209;Item 10209 Energia - Modelo 10;Energia;23;745.13
217;SKU-10210;Item 10210 Periféricos - Modelo 11;Periféricos;30;748.60
218;SKU-10211;Item 10211 Monitores - Modelo 12;Monitores;37;752.07
219;SKU-10212;Item 10212 Áudio - Modelo 13;Áudio;44;755.54
220;SKU-10213;Item 10213 Vídeo - Modelo 14;Vídeo;51;759.01
221;SKU-10214;Item 10214 Computadores - Modelo 15;Computadores;58;762.48
222;SKU-10215;Item 10215 Redes - Modelo 16;Redes;65;765.95
223;SKU-10216;Item 10216 Impressão - Modelo 17;Impressão;72;769.42
224;SKU-10217;Item 10217 Acessórios - Modelo 18;Acessórios;79;772.89
225;SKU-10218;Item 10218 Armazenamento - Modelo 19;Armazenamento;86;776.36
226;SKU-10219;Item 10219 Energia - Modelo 20;Energia;93;779.83
227;SKU-10220;Item 10220 Periféricos - Modelo 21;Periféricos;100;783.30
228;SKU-10221;Item 10221 Monitores - Modelo 22;Monitores;107;786.77
229;SKU-10222;Item 10222 Áudio - Modelo 23;Áudio;114;790.24
230;SKU-10223;Item 10223 Vídeo - Modelo 24;Vídeo;1;793.71
231;SKU-10224;Item 10224 Computadores - Modelo 25;Computadores;8;797.18
232;SKU-10225;Item 10225 Redes - Modelo 26;Redes;15;800.65
233;SKU-10226;Item 10226 Impressão - Modelo 27;Impressão;22;804.12
234;SKU-10227;Item 10227 Acessórios - Modelo 28;Acessórios;29;807.59
235;SKU-10228;Item 10228 Armazenamento - Modelo 29;Armazenamento;36;811.06
236;SKU-10229;Item 10229 Energia - Modelo 30;Energia;43;814.53
237;SKU-10230;Item 10230 Periféricos - Modelo 31;Periféricos;50;818.00
238;SKU-10231;Item 10231 Monitores - Modelo 32;Monitores;57;821.47
239;SKU-10232;Item 10232 Áudio - Modelo 33;Áudio;64;824.94
240;SKU-10233;Item 10233 Vídeo - Modelo 34;Vídeo;71;828.41
241;SKU-10234;Item 10234 Computadores - Modelo 35;Computadores;78;831.88
242;SKU-10235;Item 10235 Redes - Modelo 36;Redes;85;835.35
243;SKU-10236;Item 10236 Impressão - Modelo 37;Impressão;92;838.82
244;SKU-10237;Item 10237 Acessórios - Modelo 38;Acessórios;99;842.29
245;SKU-10238;Item 10238 Armazenamento - Modelo 39;Armazenamento;106;845.76
246;SKU-10239;Item 10239 Energia - Modelo 40;Energia;113;849.23
247;SKU-10240;Item 10240 Periféricos - Modelo 41;Periféricos;0;852.70
248;SKU-10241;Item 10241 Monitores - Modelo 42;Monitores;7;856.17
249;SKU-10242;Item 10242 Áudio - Modelo 43;Áudio;14;859.64
250;SKU-10243;Item 10243 Vídeo - Modelo 44;Vídeo;21;863.11
251;SKU-10244;Item 10244 Computadores - Modelo 45;Computadores;28;866.58
252;SKU-10245;Item 10245 Redes - Modelo 46;Redes;35;870.05
253;SKU-10246;Item 10246 Impressão - Modelo 47;Impressão;42;873.52
254;SKU-10247;Item 10247 Acessórios - Modelo 48;Acessórios;49;876.99
255;SKU-10248;Item 10248 Armazenamento - Modelo 49;Armazenamento;56;880.46
256;SKU-10249;Item 10249 Energia - Modelo 50;Energia;63;883.93
257;SKU-10250;Item 10250 Periféricos - Modelo 51;Periféricos;70;887.40
258;SKU-10251;Item 10251 Monitores - Modelo 52;Monitores;77;890.87
259;SKU-10252;Item 10252 Áudio - Modelo 53;Áudio;84;894.34
260;SKU-10253;Item 10253 Vídeo - Modelo 54;Vídeo;91;897.81
261;SKU-10254;Item 10254 Computadores - Modelo 55;Computadores;98;901.28
262;SKU-10255;Item 10255 Redes - Modelo 56;Redes;105;904.75
263;SKU-10256;Item 10256 Impressão - Modelo 57;Impressão;112;908.22
264;SKU-10257;Item 10257 Acessórios - Modelo 58;Acessórios;119;911.69
265;SKU-10258;Item 10258 Armazenamento - Modelo 59;Armazenamento;6;915.16
266;SKU-10259;Item 10259 Energia - Modelo 60;Energia;13;918.63
267;SKU-10260;Item 10260 Periféricos - Modelo 61;Periféricos;20;922.10
268;SKU-10261;Item 10261 Monitores - Modelo 62;Monitores;27;925.57
269;SKU-10262;Item 10262 Áudio - Modelo 63;Áudio;34;929.04
270;SKU-10263;Item 10263 Vídeo - Modelo 64;Vídeo;41;932.51
271;SKU-10264;Item 10264 Computadores - Modelo 65;Computadores;48;935.98
272;SKU-10265;Item 10265 Redes - Modelo 66;Redes;55;939.45
273;SKU-10266;Item 10266 Impressão - Modelo 67;Impressão;62;942.92
274;SKU-10267;Item 10267 Acessórios - Modelo 68;Acessórios;69;946.39
275;SKU-10268;Item 10268 Armazenamento - Modelo 69;Armazenamento;76;949.86
276;SKU-10269;Item 10269 Energia - Modelo 70;Energia;83;953.33
277;SKU-10270;Item 10270 Periféricos - Modelo 71;Periféricos;90;956.80
278;SKU-10271;Item 10271 Monitores - Modelo 72;Monitores;97;960.27
279;SKU-10272;Item 10272 Áudio - Modelo 73;Áudio;104;963.74
280;SKU-10273;Item 10273 Vídeo - Modelo 74;Vídeo;111;967.21
281;SKU-10274;Item 10274 Computadores - Modelo 75;Computadores;118;970.68
282;SKU-10275;Item 10275 Redes - Modelo 76;Redes;5;974.15
283;SKU-10276;Item 10276 Impressão - Modelo 77;Impressão;12;977.62
284;SKU-10277;Item 10277 Acessórios - Modelo 78;Acessórios;19;981.09
285;SKU-10278;Item 10278 Armazenamento - Modelo 79;Armazenamento;26;984.56
286;SKU-10279;Item 10279 Energia - Modelo 80;Energia;33;988.03
287;SKU-10280;Item 10280 Periféricos - Modelo 81;Periféricos;40;991.50
288;SKU-10281;Item 10281 Monitores - Modelo 82;Monitores;47;994.97
289;SKU-10282;Item 10282 Áudio - Modelo 83;Áudio;54;998.44
290;SKU-10283;Item 10283 Vídeo - Modelo 84;Vídeo;61;1001.91
291;SKU-10284;Item 10284 Computadores - Modelo 85;Computadores;68;1005.38
292;SKU-10285;Item 10285 Redes - Modelo 86;Redes;75;1008.85
293;SKU-10286;Item 10286 Impressão - Modelo 87;Impressão;82;1012.32
294;SKU-10287;Item 10287 Acessórios - Modelo 88;Acessórios;89;1015.79
295;SKU-10288;Item 10288 Armazenamento - Modelo 89;Armazenamento;96;1019.26
296;SKU-10289;Item 10289 Energia - Modelo 90;Energia;103;1022.73
297;SKU-10290;Item 10290 Periféricos - Modelo 91;Periféricos;110;1026.20
298;SKU-10291;Item 10291 Monitores - Modelo 92;Monitores;117;1029.67
299;SKU-10292;Item 10292 Áudio - Modelo 93;Áudio;4;1033.14
300;SKU-10293;Item 10293 Vídeo - Modelo 94;Vídeo;11;1036.61
301;SKU-10294;Item 10294 Computadores - Modelo 95;Computadores;18;1040.08
302;SKU-10295;Item 10295 Redes - Modelo 96;Redes;25;1043.55
303;SKU-10296;Item 10296 Impressão - Modelo 97;Impressão;32;1047.02
304;SKU-10297;Item 10297 Acessórios - Modelo 98;Acessórios;39;1050.49
305;SKU-10298;Item 10298 Armazenamento - Modelo 99;Armazenamento;46;1053.96
306;SKU-10299;Item 10299 Energia - Modelo 100;Energia;53;1057.43
307;SKU-10300;Item 10300 Periféricos - Modelo 1;Periféricos;60;1060.90
308;SKU-10301;Item 10301 Monitores - Modelo 2;Monitores;67;1064.37
309;SKU-10302;Item 10302 Áudio - Modelo 3;Áudio;74;1067.84
310;SKU-10303;Item 10303 Vídeo - Modelo 4;Vídeo;81;1071.31
311;SKU-10304;Item 10304 Computadores - Modelo 5;Computadores;88;1074.78
312;SKU-10305;Item 10305 Redes - Modelo 6;Redes;95;1078.25
313;SKU-10306;Item 10306 Impressão - Modelo 7;Impressão;102;1081.72
314;SKU-10307;Item 10307 Acessórios - Modelo 8;Acessórios;109;1085.19
315;SKU-10308;Item 10308 Armazenamento - Modelo 9;Armazenamento;116;1088.66
316;SKU-10309;Item 10309 Energia - Modelo 10;Energia;3;1092.13
317;SKU-10310;Item 10310 Periféricos - Modelo 11;Periféricos;10;1095.60
318;SKU-10311;Item 10311 Monitores - Modelo 12;Monitores;17;1099.07
319;SKU-10312;Item 10312 Áudio - Modelo 13;Áudio;24;1102.54
320;SKU-10313;Item 10313 Vídeo - Modelo 14;Vídeo;31;1106.01
321;SKU-10314;Item 10314 Computadores - Modelo 15;Computadores;38;1109.48
322;SKU-10315;Item 10315 Redes - Modelo 16;Redes;45;1112.95
323;SKU-10316;Item 10316 Impressão - Modelo 17;Impressão;52;1116.42
324;SKU-10317;Item 10317 Acessórios - Modelo 18;Acessórios;59;1119.89
325;SKU-10318;Item 10318 Armazenamento - Modelo 19;Armazenamento;66;1123.36
326;SKU-10319;Item 10319 Energia - Modelo 20;Energia;73;1126.83
327;SKU-10320;Item 10320 Periféricos - Modelo 21;Periféricos;80;1130.30
328;SKU-10321;Item 10321 Monitores - Modelo 22;Monitores;87;1133.77
329;SKU-10322;Item 10322 Áudio - Modelo 23;Áudio;94;1137.24
330;SKU-10323;Item 10323 Vídeo - Modelo 24;Vídeo;101;1140.71
331;SKU-10324;Item 10324 Computadores - Modelo 25;Computadores;108;1144.18
332;SKU-10325;Item 10325 Redes - Modelo 26;Redes;115;1147.65
333;SKU-10326;Item 10326 Impressão - Modelo 27;Impressão;2;1151.12
334;SKU-10327;Item 10327 Acessórios - Modelo 28;Acessórios;9;1154.59
335;SKU-10328;Item 10328 Armazenamento - Modelo 29;Armazenamento;16;1158.06
336;SKU-10329;Item 10329 Energia - Modelo 30;Energia;23;1161.53
337;SKU-10330;Item 10330 Periféricos - Modelo 31;Periféricos;30;1165.00
338;SKU-10331;Item 10331 Monitores - Modelo 32;Monitores;37;1168.47
339;SKU-10332;Item 10332 Áudio - Modelo 33;Áudio;44;1171.94
340;SKU-10333;Item 10333 Vídeo - Modelo 34;Vídeo;51;1175.41
341;SKU-10334;Item 10334 Computadores - Modelo 35;Computadores;58;1178.88
342;SKU-10335;Item 10335 Redes - Modelo 36;Redes;65;1182.35
343;SKU-10336;Item 10336 Impressão - Modelo 37;Impressão;72;1185.82
344;SKU-10337;Item 10337 Acessórios - Modelo 38;Acessórios;79;1189.29
345;SKU-10338;Item 10338 Armazenamento - Modelo 39;Armazenamento;86;1192.76
346;SKU-10339;Item 10339 Energia - Modelo 40;Energia;93;1196.23
347;SKU-10340;Item 10340 Periféricos - Modelo 41;Periféricos;100;1199.70
348;SKU-10341;Item 10341 Monitores - Modelo 42;Monitores;107;1203.17
349;SKU-10342;Item 10342 Áudio - Modelo 43;Áudio;114;1206.64
350;SKU-10343;Item 10343 Vídeo - Modelo 44;Vídeo;1;1210.11
351;SKU-10344;Item 10344 Computadores - Modelo 45;Computadores;8;1213.58
352;SKU-10345;Item 10345 Redes - Modelo 46;Redes;15;1217.05
353;SKU-10346;Item 10346 Impressão - Modelo 47;Impressão;22;1220.52
354;SKU-10347;Item 10347 Acessórios - Modelo 48;Acessórios;29;1223.99
355;SKU-10348;Item 10348 Armazenamento - Modelo 49;Armazenamento;36;1227.46
356;SKU-10349;Item 10349 Energia - Modelo 50;Energia;43;1230.93
357;SKU-10350;Item 10350 Periféricos - Modelo 51;Periféricos;50;1234.40
358;SKU-10351;Item 10351 Monitores - Modelo 52;Monitores;57;1237.87
359;SKU-10352;Item 10352 Áudio - Modelo 53;Áudio;64;1241.34
360;SKU-10353;Item 10353 Vídeo - Modelo 54;Vídeo;71;1244.81
361;SKU-10354;Item 10354 Computadores - Modelo 55;Computadores;78;1248.28
362;SKU-10355;Item 10355 Redes - Modelo 56;Redes;85;1251.75
363;SKU-10356;Item 10356 Impressão - Modelo 57;Impressão;92;1255.22
364;SKU-10357;Item 10357 Acessórios - Modelo 58;Acessórios;99;1258.69
365;SKU-10358;Item 10358 Armazenamento - Modelo 59;Armazenamento;106;1262.16
366;SKU-10359;Item 10359 Energia - Modelo 60;Energia;113;1265.63
367;SKU-10360;Item 10360 Periféricos - Modelo 61;Periféricos;0;1269.10
368;SKU-10361;Item 10361 Monitores - Modelo 62;Monitores;7;1272.57
369;SKU-10362;Item 10362 Áudio - Modelo 63;Áudio;14;1276.04
370;SKU-10363;Item 10363 Vídeo - Modelo 64;Vídeo;21;1279.51
371;SKU-10364;Item 10364 Computadores - Modelo 65;Computadores;28;1282.98
372;SKU-10365;Item 10365 Redes - Modelo 66;Redes;35;1286.45
373;SKU-10366;Item 10366 Impressão - Modelo 67;Impressão;42;1289.92
374;SKU-10367;Item 10367 Acessórios - Modelo 68;Acessórios;49;1293.39
375;SKU-10368;Item 10368 Armazenamento - Modelo 69;Armazenamento;56;1296.86
376;SKU-10369;Item 10369 Energia - Modelo 70;Energia;63;1300.33
377;SKU-10370;Item 10370 Periféricos - Modelo 71;Periféricos;70;1303.80
378;SKU-10371;Item 10371 Monitores - Modelo 72;Monitores;77;1307.27
379;SKU-10372;Item 10372 Áudio - Modelo 73;Áudio;84;1310.74
380;SKU-10373;Item 10373 Vídeo - Modelo 74;Vídeo;91;1314.21
381;SKU-10374;Item 10374 Computadores - Modelo 75;Computadores;98;1317.68
382;SKU-10375;Item 10375 Redes - Modelo 76;Redes;105;1321.15
383;SKU-10376;Item 10376 Impressão - Modelo 77;Impressão;112;1324.62
384;SKU-10377;Item 10377 Acessórios - Modelo 78;Acessórios;119;1328.09
385;SKU-10378;Item 10378 Armazenamento - Modelo 79;Armazenamento;6;1331.56
386;SKU-10379;Item 10379 Energia - Modelo 80;Energia;13;1335.03
387;SKU-10380;Item 10380 Periféricos - Modelo 81;Periféricos;20;1338.50
388;SKU-10381;Item 10381 Monitores - Modelo 82;Monitores;27;1341.97
389;SKU-10382;Item 10382 Áudio - Modelo 83;Áudio;34;1345.44
390;SKU-10383;Item 10383 Vídeo - Modelo 84;Vídeo;41;1348.91
391;SKU-10384;Item 10384 Computadores - Modelo 85;Computadores;48;1352.38
392;SKU-10385;Item 10385 Redes - Modelo 86;Redes;55;1355.85
393;SKU-10386;Item 10386 Impressão - Modelo 87;Impressão;62;1359.32
394;SKU-10387;Item 10387 Acessórios - Modelo 88;Acessórios;69;1362.79
395;SKU-10388;Item 10388 Armazenamento - Modelo 89;Armazenamento;76;1366.26
396;SKU-10389;Item 10389 Energia - Modelo 90;Energia;83;1369.73
397;SKU-10390;Item 10390 Periféricos - Modelo 91;Periféricos;90;1373.20
398;SKU-10391;Item 10391 Monitores - Modelo 92;Monitores;97;1376.67
399;SKU-10392;Item 10392 Áudio - Modelo 93;Áudio;104;1380.14
400;SKU-10393;Item 10393 Vídeo - Modelo 94;Vídeo;111;1383.61
401;SKU-10394;Item 10394 Computadores - Modelo 95;Computadores;118;1387.08
402;SKU-10395;Item 10395 Redes - Modelo 96;Redes;5;1390.55
403;SKU-10396;Item 10396 Impressão - Modelo 97;Impressão;12;1394.02
404;SKU-10397;Item 10397 Acessórios - Modelo 98;Acessórios;19;1397.49
405;SKU-10398;Item 10398 Armazenamento - Modelo 99;Armazenamento;26;1400.96
406;SKU-10399;Item 10399 Energia - Modelo 100;Energia;33;1404.43
407;SKU-10400;Item 10400 Periféricos - Modelo 1;Periféricos;40;1407.90
408;SKU-10401;Item 10401 Monitores - Modelo 2;Monitores;47;1411.37
409;SKU-10402;Item 10402 Áudio - Modelo 3;Áudio;54;1414.84
410;SKU-10403;Item 10403 Vídeo - Modelo 4;Vídeo;61;1418.31
411;SKU-10404;Item 10404 Computadores - Modelo 5;Computadores;68;1421.78
412;SKU-10405;Item 10405 Redes - Modelo 6;Redes;75;1425.25
413;SKU-10406;Item 10406 Impressão - Modelo 7;Impressão;82;1428.72
414;SKU-10407;Item 10407 Acessórios - Modelo 8;Acessórios;89;1432.19
415;SKU-10408;Item 10408 Armazenamento - Modelo 9;Armazenamento;96;1435.66
416;SKU-10409;Item 10409 Energia - Modelo 10;Energia;103;1439.13
417;SKU-10410;Item 10410 Periféricos - Modelo 11;Periféricos;110;1442.60
418;SKU-10411;Item 10411 Monitores - Modelo 12;Monitores;117;1446.07
419;SKU-10412;Item 10412 Áudio - Modelo 13;Áudio;4;1449.54
420;SKU-10413;Item 10413 Vídeo - Modelo 14;Vídeo;11;1453.01
421;SKU-10414;Item 10414 Computadores - Modelo 15;Computadores;18;1456.48
422;SKU-10415;Item 10415 Redes - Modelo 16;Redes;25;1459.95
423;SKU-10416;Item 10416 Impressão - Modelo 17;Impressão;32;1463.42
424;SKU-10417;Item 10417 Acessórios - Modelo 18;Acessórios;39;1466.89
425;SKU-10418;Item 10418 Armazenamento - Modelo 19;Armazenamento;46;1470.36
426;SKU-10419;Item 10419 Energia - Modelo 20;Energia;53;1473.83
427;SKU-10420;Item 10420 Periféricos - Modelo 21;Periféricos;60;1477.30
428;SKU-10421;Item 10421 Monitores - Modelo 22;Monitores;67;1480.77
429;SKU-10422;Item 10422 Áudio - Modelo 23;Áudio;74;1484.24
430;SKU-10423;Item 10423 Vídeo - Modelo 24;Vídeo;81;1487.71
431;SKU-10424;Item 10424 Computadores - Modelo 25;Computadores;88;1491.18
432;SKU-10425;Item 10425 Redes - Modelo 26;Redes;95;1494.65
433;SKU-10426;Item 10426 Impressão - Modelo 27;Impressão;102;1498.12
434;SKU-10427;Item 10427 Acessórios - Modelo 28;Acessórios;109;1501.59
435;SKU-10428;Item 10428 Armazenamento - Modelo 29;Armazenamento;116;1505.06
436;SKU-10429;Item 10429 Energia - Modelo 30;Energia;3;1508.53
437;SKU-10430;Item 10430 Periféricos - Modelo 31;Periféricos;10;1512.00
438;SKU-10431;Item 10431 Monitores - Modelo 32;Monitores;17;1515.47
439;SKU-10432;Item 10432 Áudio - Modelo 33;Áudio;24;1518.94
440;SKU-10433;Item 10433 Vídeo - Modelo 34;Vídeo;31;1522.41
441;SKU-10434;Item 10434 Computadores - Modelo 35;Computadores;38;1525.88
442;SKU-10435;Item 10435 Redes - Modelo 36;Redes;45;1529.35
443;SKU-10436;Item 10436 Impressão - Modelo 37;Impressão;52;1532.82
444;SKU-10437;Item 10437 Acessórios - Modelo 38;Acessórios;59;1536.29
445;SKU-10438;Item 10438 Armazenamento - Modelo 39;Armazenamento;66;1539.76
446;SKU-10439;Item 10439 Energia - Modelo 40;Energia;73;1543.23
447;SKU-10440;Item 10440 Periféricos - Modelo 41;Periféricos;80;1546.70
448;SKU-10441;Item 10441 Monitores - Modelo 42;Monitores;87;1550.17
449;SKU-10442;Item 10442 Áudio - Modelo 43;Áudio;94;1553.64
450;SKU-10443;Item 10443 Vídeo - Modelo 44;Vídeo;101;1557.11
451;SKU-10444;Item 10444 Computadores - Modelo 45;Computadores;108;1560.58
452;SKU-10445;Item 10445 Redes - Modelo 46;Redes;115;1564.05
453;SKU-10446;Item 10446 Impressão - Modelo 47;Impressão;2;1567.52
454;SKU-10447;Item 10447 Acessórios - Modelo 48;Acessórios;9;1570.99
455;SKU-10448;Item 10448 Armazenamento - Modelo 49;Armazenamento;16;1574.46
456;SKU-10449;Item 10449 Energia - Modelo 50;Energia;23;1577.93
457;SKU-10450;Item 10450 Periféricos - Modelo 51;Periféricos;30;1581.40
458;SKU-10451;Item 10451 Monitores - Modelo 52;Monitores;37;1584.87
459;SKU-10452;Item 10452 Áudio - Modelo 53;Áudio;44;1588.34
460;SKU-10453;Item 10453 Vídeo - Modelo 54;Vídeo;51;1591.81
461;SKU-10454;Item 10454 Computadores - Modelo 55;Computadores;58;1595.28
462;SKU-10455;Item 10455 Redes - Modelo 56;Redes;65;1598.75
463;SKU-10456;Item 10456 Impressão - Modelo 57;Impressão;72;1602.22
464;SKU-10457;Item 10457 Acessórios - Modelo 58;Acessórios;79;1605.69
465;SKU-10458;Item 10458 Armazenamento - Modelo 59;Armazenamento;86;1609.16
466;SKU-10459;Item 10459 Energia - Modelo 60;Energia;93;1612.63
467;SKU-10460;Item 10460 Periféricos - Modelo 61;Periféricos;100;1616.10
468;SKU-10461;Item 10461 Monitores - Modelo 62;Monitores;107;1619.57
469;SKU-10462;Item 10462 Áudio - Modelo 63;Áudio;114;1623.04
470;SKU-10463;Item 10463 Vídeo - Modelo 64;Vídeo;1;1626.51
471;SKU-10464;Item 10464 Computadores - Modelo 65;Computadores;8;1629.98
472;SKU-10465;Item 10465 Redes - Modelo 66;Redes;15;1633.45
473;SKU-10466;Item 10466 Impressão - Modelo 67;Impressão;22;1636.92
474;SKU-10467;Item 10467 Acessórios - Modelo 68;Acessórios;29;1640.39
475;SKU-10468;Item 10468 Armazenamento - Modelo 69;Armazenamento;36;1643.86
476;SKU-10469;Item 10469 Energia - Modelo 70;Energia;43;1647.33
477;SKU-10470;Item 10470 Periféricos - Modelo 71;Periféricos;50;1650.80
478;SKU-10471;Item 10471 Monitores - Modelo 72;Monitores;57;1654.27
479;SKU-10472;Item 10472 Áudio - Modelo 73;Áudio;64;1657.74
480;SKU-10473;Item 10473 Vídeo - Modelo 74;Vídeo;71;1661.21
481;SKU-10474;Item 10474 Computadores - Modelo 75;Computadores;78;1664.68
482;SKU-10475;Item 10475 Redes - Modelo 76;Redes;85;1668.15
483;SKU-10476;Item 10476 Impressão - Modelo 77;Impressão;92;1671.62
484;SKU-10477;Item 10477 Acessórios - Modelo 78;Acessórios;99;1675.09
485;SKU-10478;Item 10478 Armazenamento - Modelo 79;Armazenamento;106;1678.56
486;SKU-10479;Item 10479 Energia - Modelo 80;Energia;113;1682.03
487;SKU-10480;Item 10480 Periféricos - Modelo 81;Periféricos;0;1685.50
488;SKU-10481;Item 10481 Monitores - Modelo 82;Monitores;7;1688.97
489;SKU-10482;Item 10482 Áudio - Modelo 83;Áudio;14;1692.44
490;SKU-10483;Item 10483 Vídeo - Modelo 84;Vídeo;21;1695.91
491;SKU-10484;Item 10484 Computadores - Modelo 85;Computadores;28;1699.38
492;SKU-10485;Item 10485 Redes - Modelo 86;Redes;35;1702.85
493;SKU-10486;Item 10486 Impressão - Modelo 87;Impressão;42;1706.32
494;SKU-10487;Item 10487 Acessórios - Modelo 88;Acessórios;49;1709.79
495;SKU-10488;Item 10488 Armazenamento - Modelo 89;Armazenamento;56;1713.26
496;SKU-10489;Item 10489 Energia - Modelo 90;Energia;63;1716.73
497;SKU-10490;Item 10490 Periféricos - Modelo 91;Periféricos;70;1720.20
498;SKU-10491;Item 10491 Monitores - Modelo 92;Monitores;77;1723.67
499;SKU-10492;Item 10492 Áudio - Modelo 93;Áudio;84;1727.14
500;SKU-10493;Item 10493 Vídeo - Modelo 94;Vídeo;91;1730.61
501;SKU-10494;Item 10494 Computadores - Modelo 95;Computadores;98;1734.08
502;SKU-10495;Item 10495 Redes - Modelo 96;Redes;105;1737.55
503;SKU-10496;Item 10496 Impressão - Modelo 97;Impressão;112;1741.02
504;SKU-10497;Item 10497 Acessórios - Modelo 98;Acessórios;119;1744.49
505;SKU-10498;Item 10498 Armazenamento - Modelo 99;Armazenamento;6;1747.96
506;SKU-10499;Item 10499 Energia - Modelo 100;Energia;13;1751.43
507;SKU-10500;Item 10500 Periféricos - Modelo 1;Periféricos;20;19.90
508;SKU-10501;Item 10501 Monitores - Modelo 2;Monitores;27;23.37
509;SKU-10502;Item 10502 Áudio - Modelo 3;Áudio;34;26.84
510;SKU-10503;Item 10503 Vídeo - Modelo 4;Vídeo;41;30.31
511;SKU-10504;Item 10504 Computadores - Modelo 5;Computadores;48;33.78
512;SKU-10505;Item 10505 Redes - Modelo 6;Redes;55;37.25
513;SKU-10506;Item 10506 Impressão - Modelo 7;Impressão;62;40.72
514;SKU-10507;Item 10507 Acessórios - Modelo 8;Acessórios;69;44.19
515;SKU-10508;Item 10508 Armazenamento - Modelo 9;Armazenamento;76;47.66
516;SKU-10509;Item 10509 Energia - Modelo 10;Energia;83;51.13
517;SKU-10510;Item 10510 Periféricos - Modelo 11;Periféricos;90;54.60
518;SKU-10511;Item 10511 Monitores - Modelo 12;Monitores;97;58.07
519;SKU-10512;Item 10512 Áudio - Modelo 13;Áudio;104;61.54
520;SKU-10513;Item 10513 Vídeo - Modelo 14;Vídeo;111;65.01
521;SKU-10514;Item 10514 Computadores - Modelo 15;Computadores;118;68.48
522;SKU-10515;Item 10515 Redes - Modelo 16;Redes;5;71.95
523;SKU-10516;Item 10516 Impressão - Modelo 17;Impressão;12;75.42
524;SKU-10517;Item 10517 Acessórios - Modelo 18;Acessórios;19;78.89
525;SKU-10518;Item 10518 Armazenamento - Modelo 19;Armazenamento;26;82.36
526;SKU-10519;Item 10519 Energia - Modelo 20;Energia;33;85.83
527;SKU-10520;Item 10520 Periféricos - Modelo 21;Periféricos;40;89.30
528;SKU-10521;Item 10521 Monitores - Modelo 22;Monitores;47;92.77
529;SKU-10522;Item 10522 Áudio - Modelo 23;Áudio;54;96.24
530;SKU-10523;Item 10523 Vídeo - Modelo 24;Vídeo;61;99.71
531;SKU-10524;Item 10524 Computadores - Modelo 25;Computadores;68;103.18
532;SKU-10525;Item 10525 Redes - Modelo 26;Redes;75;106.65
533;SKU-10526;Item 10526 Impressão - Modelo 27;Impressão;82;110.12
534;SKU-10527;Item 10527 Acessórios - Modelo 28;Acessórios;89;113.59
535;SKU-10528;Item 10528 Armazenamento - Modelo 29;Armazenamento;96;117.06
536;SKU-10529;Item 10529 Energia - Modelo 30;Energia;103;120.53
537;SKU-10530;Item 10530 Periféricos - Modelo 31;Periféricos;110;124.00
538;SKU-10531;Item 10531 Monitores - Modelo 32;Monitores;117;127.47
539;SKU-10532;Item 10532 Áudio - Modelo 33;Áudio;4;130.94
540;SKU-10533;Item 10533 Vídeo - Modelo 34;Vídeo;11;134.41
541;SKU-10534;Item 10534 Computadores - Modelo 35;Computadores;18;137.88
542;SKU-10535;Item 10535 Redes - Modelo 36;Redes;25;141.35
543;SKU-10536;Item 10536 Impressão - Modelo 37;Impressão;32;144.82
544;SKU-10537;Item 10537 Acessórios - Modelo 38;Acessórios;39;148.29
545;SKU-10538;Item 10538 Armazenamento - Modelo 39;Armazenamento;46;151.76
546;SKU-10539;Item 10539 Energia - Modelo 40;Energia;53;155.23
547;SKU-10540;Item 10540 Periféricos - Modelo 41;Periféricos;60;158.70
548;SKU-10541;Item 10541 Monitores - Modelo 42;Monitores;67;162.17
549;SKU-10542;Item 10542 Áudio - Modelo 43;Áudio;74;165.64
550;SKU-10543;Item 10543 Vídeo - Modelo 44;Vídeo;81;169.11
551;SKU-10544;Item 10544 Computadores - Modelo 45;Computadores;88;172.58
552;SKU-10545;Item 10545 Redes - Modelo 46;Redes;95;176.05
553;SKU-10546;Item 10546 Impressão - Modelo 47;Impressão;102;179.52
554;SKU-10547;Item 10547 Acessórios - Modelo 48;Acessórios;109;182.99
555;SKU-10548;Item 10548 Armazenamento - Modelo 49;Armazenamento;116;186.46
556;SKU-10549;Item 10549 Energia - Modelo 50;Energia;3;189.93
557;SKU-10550;Item 10550 Periféricos - Modelo 51;Periféricos;10;193.40
558;SKU-10551;Item 10551 Monitores - Modelo 52;Monitores;17;196.87
559;SKU-10552;Item 10552 Áudio - Modelo 53;Áudio;24;200.34
560;SKU-10553;Item 10553 Vídeo - Modelo 54;Vídeo;31;203.81
561;SKU-10554;Item 10554 Computadores - Modelo 55;Computadores;38;207.28
562;SKU-10555;Item 10555 Redes - Modelo 56;Redes;45;210.75
563;SKU-10556;Item 10556 Impressão - Modelo 57;Impressão;52;214.22
564;SKU-10557;Item 10557 Acessórios - Modelo 58;Acessórios;59;217.69
565;SKU-10558;Item 10558 Armazenamento - Modelo 59;Armazenamento;66;221.16
566;SKU-10559;Item 10559 Energia - Modelo 60;Energia;73;224.63
567;SKU-10560;Item 10560 Periféricos - Modelo 61;Periféricos;80;228.10
568;SKU-10561;Item 10561 Monitores - Modelo 62;Monitores;87;231.57
569;SKU-10562;Item 10562 Áudio - Modelo 63;Áudio;94;235.04
570;SKU-10563;Item 10563 Vídeo - Modelo 64;Vídeo;101;238.51
571;SKU-10564;Item 10564 Computadores - Modelo 65;Computadores;108;241.98
572;SKU-10565;Item 10565 Redes - Modelo 66;Redes;115;245.45
573;SKU-10566;Item 10566 Impressão - Modelo 67;Impressão;2;248.92
574;SKU-10567;Item 10567 Acessórios - Modelo 68;Acessórios;9;252.39
575;SKU-10568;Item 10568 Armazenamento - Modelo 69;Armazenamento;16;255.86
576;SKU-10569;Item 10569 Energia - Modelo 70;Energia;23;259.33
577;SKU-10570;Item 10570 Periféricos - Modelo 71;Periféricos;30;262.80
578;SKU-10571;Item 10571 Monitores - Modelo 72;Monitores;37;266.27
579;SKU-10572;Item 10572 Áudio - Modelo 73;Áudio;44;269.74
580;SKU-10573;Item 10573 Vídeo - Modelo 74;Vídeo;51;273.21
581;SKU-10574;Item 10574 Computadores - Modelo 75;Computadores;58;276.68
582;SKU-10575;Item 10575 Redes - Modelo 76;Redes;65;280.15
583;SKU-10576;Item 10576 Impressão - Modelo 77;Impressão;72;283.62
584;SKU-10577;Item 10577 Acessórios - Modelo 78;Acessórios;79;287.09
585;SKU-10578;Item 10578 Armazenamento - Modelo 79;Armazenamento;86;290.56
586;SKU-10579;Item 10579 Energia - Modelo 80;Energia;93;294.03
587;SKU-10580;Item 10580 Periféricos - Modelo 81;Periféricos;100;297.50
588;SKU-10581;Item 10581 Monitores - Modelo 82;Monitores;107;300.97
589;SKU-10582;Item 10582 Áudio - Modelo 83;Áudio;114;304.44
590;SKU-10583;Item 10583 Vídeo - Modelo 84;Vídeo;1;307.91
591;SKU-10584;Item 10584 Computadores - Modelo 85;Computadores;8;311.38
592;SKU-10585;Item 10585 Redes - Modelo 86;Redes;15;314.85
593;SKU-10586;Item 10586 Impressão - Modelo 87;Impressão;22;318.32
594;SKU-10587;Item 10587 Acessórios - Modelo 88;Acessórios;29;321.79
595;SKU-10588;Item 10588 Armazenamento - Modelo 89;Armazenamento;36;325.26
596;SKU-10589;Item 10589 Energia - Modelo 90;Energia;43;328.73
597;SKU-10590;Item 10590 Periféricos - Modelo 91;Periféricos;50;332.20
598;SKU-10591;Item 10591 Monitores - Modelo 92;Monitores;57;335.67
599;SKU-10592;Item 10592 Áudio - Modelo 93;Áudio;64;339.14
600;SKU-10593;Item 10593 Vídeo - Modelo 94;Vídeo;71;342.61
601;SKU-10594;Item 10594 Computadores - Modelo 95;Computadores;78;346.08
602;SKU-10595;Item 10595 Redes - Modelo 96;Redes;85;349.55
603;SKU-10596;Item 10596 Impressão - Modelo 97;Impressão;92;353.02
604;SKU-10597;Item 10597 Acessórios - Modelo 98;Acessórios;99;356.49
605;SKU-10598;Item 10598 Armazenamento - Modelo 99;Armazenamento;106;359.96
606;SKU-10599;Item 10599 Energia - Modelo 100;Energia;113;363.43
607;SKU-10600;Item 10600 Periféricos - Modelo 1;Periféricos;0;366.90
608;SKU-10601;Item 10601 Monitores - Modelo 2;Monitores;7;370.37
609;SKU-10602;Item 10602 Áudio - Modelo 3;Áudio;14;373.84
610;SKU-10603;Item 10603 Vídeo - Modelo 4;Vídeo;21;377.31
611;SKU-10604;Item 10604 Computadores - Modelo 5;Computadores;28;380.78
612;SKU-10605;Item 10605 Redes - Modelo 6;Redes;35;384.25
613;SKU-10606;Item 10606 Impressão - Modelo 7;Impressão;42;387.72
614;SKU-10607;Item 10607 Acessórios - Modelo 8;Acessórios;49;391.19
615;SKU-10608;Item 10608 Armazenamento - Modelo 9;Armazenamento;56;394.66
616;SKU-10609;Item 10609 Energia - Modelo 10;Energia;63;398.13
617;SKU-10610;Item 10610 Periféricos - Modelo 11;Periféricos;70;401.60
618;SKU-10611;Item 10611 Monitores - Modelo 12;Monitores;77;405.07
619;SKU-10612;Item 10612 Áudio - Modelo 13;Áudio;84;408.54
620;SKU-10613;Item 10613 Vídeo - Modelo 14;Vídeo;91;412.01
621;SKU-10614;Item 10614 Computadores - Modelo 15;Computadores;98;415.48
622;SKU-10615;Item 10615 Redes - Modelo 16;Redes;105;418.95
623;SKU-10616;Item 10616 Impressão - Modelo 17;Impressão;112;422.42
624;SKU-10617;Item 10617 Acessórios - Modelo 18;Acessórios;119;425.89
625;SKU-10618;Item 10618 Armazenamento - Modelo 19;Armazenamento;6;429.36
626;SKU-10619;Item 10619 Energia - Modelo 20;Energia;13;432.83
627;SKU-10620;Item 10620 Periféricos - Modelo 21;Periféricos;20;436.30
628;SKU-10621;Item 10621 Monitores - Modelo 22;Monitores;27;439.77
629;SKU-10622;Item 10622 Áudio - Modelo 23;Áudio;34;443.24
630;SKU-10623;Item 10623 Vídeo - Modelo 24;Vídeo;41;446.71
631;SKU-10624;Item 10624 Computadores - Modelo 25;Computadores;48;450.18
632;SKU-10625;Item 10625 Redes - Modelo 26;Redes;55;453.65
633;SKU-10626;Item 10626 Impressão - Modelo 27;Impressão;62;457.12
634;SKU-10627;Item 10627 Acessórios - Modelo 28;Acessórios;69;460.59
635;SKU-10628;Item 10628 Armazenamento - Modelo 29;Armazenamento;76;464.06
636;SKU-10629;Item 10629 Energia - Modelo 30;Energia;83;467.53
637;SKU-10630;Item 10630 Periféricos - Modelo 31;Periféricos;90;471.00
638;SKU-10631;Item 10631 Monitores - Modelo 32;Monitores;97;474.47
639;SKU-10632;Item 10632 Áudio - Modelo 33;Áudio;104;477.94
640;SKU-10633;Item 10633 Vídeo - Modelo 34;Vídeo;111;481.41
641;SKU-10634;Item 10634 Computadores - Modelo 35;Computadores;118;484.88
642;SKU-10635;Item 10635 Redes - Modelo 36;Redes;5;488.35
643;SKU-10636;Item 10636 Impressão - Modelo 37;Impressão;12;491.82
644;SKU-10637;Item 10637 Acessórios - Modelo 38;Acessórios;19;495.29
645;SKU-10638;Item 10638 Armazenamento - Modelo 39;Armazenamento;26;498.76
646;SKU-10639;Item 10639 Energia - Modelo 40;Energia;33;502.23
647;SKU-10640;Item 10640 Periféricos - Modelo 41;Periféricos;40;505.70
648;SKU-10641;Item 10641 Monitores - Modelo 42;Monitores;47;509.17
649;SKU-10642;Item 10642 Áudio - Modelo 43;Áudio;54;512.64
650;SKU-10643;Item 10643 Vídeo - Modelo 44;Vídeo;61;516.11
651;SKU-10644;Item 10644 Computadores - Modelo 45;Computadores;68;519.58
652;SKU-10645;Item 10645 Redes - Modelo 46;Redes;75;523.05
653;SKU-10646;Item 10646 Impressão - Modelo 47;Impressão;82;526.52
654;SKU-10647;Item 10647 Acessórios - Modelo 48;Acessórios;89;529.99
655;SKU-10648;Item 10648 Armazenamento - Modelo 49;Armazenamento;96;533.46
656;SKU-10649;Item 10649 Energia - Modelo 50;Energia;103;536.93
657;SKU-10650;Item 10650 Periféricos - Modelo 51;Periféricos;110;540.40
658;SKU-10651;Item 10651 Monitores - Modelo 52;Monitores;117;543.87
659;SKU-10652;Item 10652 Áudio - Modelo 53;Áudio;4;547.34
660;SKU-10653;Item 10653 Vídeo - Modelo 54;Vídeo;11;550.81
661;SKU-10654;Item 10654 Computadores - Modelo 55;Computadores;18;554.28
662;SKU-10655;Item 10655 Redes - Modelo 56;Redes;25;557.75
663;SKU-10656;Item 10656 Impressão - Modelo 57;Impressão;32;561.22
664;SKU-10657;Item 10657 Acessórios - Modelo 58;Acessórios;39;564.69
665;SKU-10658;Item 10658 Armazenamento - Modelo 59;Armazenamento;46;568.16
666;SKU-10659;Item 10659 Energia - Modelo 60;Energia;53;571.63
667;SKU-10660;Item 10660 Periféricos - Modelo 61;Periféricos;60;575.10
668;SKU-10661;Item 10661 Monitores - Modelo 62;Monitores;67;578.57
669;SKU-10662;Item 10662 Áudio - Modelo 63;Áudio;74;582.04
670;SKU-10663;Item 10663 Vídeo - Modelo 64;Vídeo;81;585.51
671;SKU-10664;Item 10664 Computadores - Modelo 65;Computadores;88;588.98
672;SKU-10665;Item 10665 Redes - Modelo 66;Redes;95;592.45
673;SKU-10666;Item 10666 Impressão - Modelo 67;Impressão;102;595.92
674;SKU-10667;Item 10667 Acessórios - Modelo 68;Acessórios;109;599.39
675;SKU-10668;Item 10668 Armazenamento - Modelo 69;Armazenamento;116;602.86
676;SKU-10669;Item 10669 Energia - Modelo 70;Energia;3;606.33
677;SKU-10670;Item 10670 Periféricos - Modelo 71;Periféricos;10;609.80
678;SKU-10671;Item 10671 Monitores - Modelo 72;Monitores;17;613.27
679;SKU-10672;Item 10672 Áudio - Modelo 73;Áudio;24;616.74
680;SKU-10673;Item 10673 Vídeo - Modelo 74;Vídeo;31;620.21
681;SKU-10674;Item 10674 Computadores - Modelo 75;Computadores;38;623.68
682;SKU-10675;Item 10675 Redes - Modelo 76;Redes;45;627.15
683;SKU-10676;Item 10676 Impressão - Modelo 77;Impressão;52;630.62
684;SKU-10677;Item 10677 Acessórios - Modelo 78;Acessórios;59;634.09
685;SKU-10678;Item 10678 Armazenamento - Modelo 79;Armazenamento;66;637.56
686;SKU-10679;Item 10679 Energia - Modelo 80;Energia;73;641.03
687;SKU-10680;Item 10680 Periféricos - Modelo 81;Periféricos;80;644.50
688;SKU-10681;Item 10681 Monitores - Modelo 82;Monitores;87;647.97
689;SKU-10682;Item 10682 Áudio - Modelo 83;Áudio;94;651.44
690;SKU-10683;Item 10683 Vídeo - Modelo 84;Vídeo;101;654.91
691;SKU-10684;Item 10684 Computadores - Modelo 85;Computadores;108;658.38
692;SKU-10685;Item 10685 Redes - Modelo 86;Redes;115;661.85
693;SKU-10686;Item 10686 Impressão - Modelo 87;Impressão;2;665.32
694;SKU-10687;Item 10687 Acessórios - Modelo 88;Acessórios;9;668.79
695;SKU-10688;Item 10688 Armazenamento - Modelo 89;Armazenamento;16;672.26
696;SKU-10689;Item 10689 Energia - Modelo 90;Energia;23;675.73
697;SKU-10690;Item 10690 Periféricos - Modelo 91;Periféricos;30;679.20
698;SKU-10691;Item 10691 Monitores - Modelo 92;Monitores;37;682.67
699;SKU-10692;Item 10692 Áudio - Modelo 93;Áudio;44;686.14
700;SKU-10693;Item 10693 Vídeo - Modelo 94;Vídeo;51;689.61
701;SKU-10694;Item 10694 Computadores - Modelo 95;Computadores;58;693.08
702;SKU-10695;Item 10695 Redes - Modelo 96;Redes;65;696.55
703;SKU-10696;Item 10696 Impressão - Modelo 97;Impressão;72;700.02
704;SKU-10697;Item 10697 Acessórios - Modelo 98;Acessórios;79;703.49
705;SKU-10698;Item 10698 Armazenamento - Modelo 99;Armazenamento;86;706.96
706;SKU-10699;Item 10699 Energia - Modelo 100;Energia;93;710.43
707;SKU-10700;Item 10700 Periféricos - Modelo 1;Periféricos;100;713.90
708;SKU-10701;Item 10701 Monitores - Modelo 2;Monitores;107;717.37
709;SKU-10702;Item 10702 Áudio - Modelo 3;Áudio;114;720.84
710;SKU-10703;Item 10703 Vídeo - Modelo 4;Vídeo;1;724.31
711;SKU-10704;Item 10704 Computadores - Modelo 5;Computadores;8;727.78
712;SKU-10705;Item 10705 Redes - Modelo 6;Redes;15;731.25
713;SKU-10706;Item 10706 Impressão - Modelo 7;Impressão;22;734.72
714;SKU-10707;Item 10707 Acessórios - Modelo 8;Acessórios;29;738.19
715;SKU-10708;Item 10708 Armazenamento - Modelo 9;Armazenamento;36;741.66
716;SKU-10709;Item 10709 Energia - Modelo 10;Energia;43;745.13
717;SKU-10710;Item 10710 Periféricos - Modelo 11;Periféricos;50;748.60
718;SKU-10711;Item 10711 Monitores - Modelo 12;Monitores;57;752.07
719;SKU-10712;Item 10712 Áudio - Modelo 13;Áudio;64;755.54
720;SKU-10713;Item 10713 Vídeo - Modelo 14;Vídeo;71;759.01
721;SKU-10714;Item 10714 Computadores - Modelo 15;Computadores;78;762.48
722;SKU-10715;Item 10715 Redes - Modelo 16;Redes;85;765.95
723;SKU-10716;Item 10716 Impressão - Modelo 17;Impressão;92;769.42
724;SKU-10717;Item 10717 Acessórios - Modelo 18;Acessórios;99;772.89
725;SKU-10718;Item 10718 Armazenamento - Modelo 19;Armazenamento;106;776.36
726;SKU-10719;Item 10719 Energia - Modelo 20;Energia;113;779.83
727;SKU-10720;Item 10720 Periféricos - Modelo 21;Periféricos;0;783.30
728;SKU-10721;Item 10721 Monitores - Modelo 22;Monitores;7;786.77
729;SKU-10722;Item 10722 Áudio - Modelo 23;Áudio;14;790.24
730;SKU-10723;Item 10723 Vídeo - Modelo 24;Vídeo;21;793.71
731;SKU-10724;Item 10724 Computadores - Modelo 25;Computadores;28;797.18
732;SKU-10725;Item 10725 Redes - Modelo 26;Redes;35;800.65
733;SKU-10726;Item 10726 Impressão - Modelo 27;Impressão;42;804.12
734;SKU-10727;Item 10727 Acessórios - Modelo 28;Acessórios;49;807.59
735;SKU-10728;Item 10728 Armazenamento - Modelo 29;Armazenamento;56;811.06
736;SKU-10729;Item 10729 Energia - Modelo 30;Energia;63;814.53
737;SKU-10730;Item 10730 Periféricos - Modelo 31;Periféricos;70;818.00
738;SKU-10731;Item 10731 Monitores - Modelo 32;Monitores;77;821.47
739;SKU-10732;Item 10732 Áudio - Modelo 33;Áudio;84;824.94
740;SKU-10733;Item 10733 Vídeo - Modelo 34;Vídeo;91;828.41
741;SKU-10734;Item 10734 Computadores - Modelo 35;Computadores;98;831.88
742;SKU-10735;Item 10735 Redes - Modelo 36;Redes;105;835.35
743;SKU-10736;Item 10736 Impressão - Modelo 37;Impressão;112;838.82
744;SKU-10737;Item 10737 Acessórios - Modelo 38;Acessórios;119;842.29
745;SKU-10738;Item 10738 Armazenamento - Modelo 39;Armazenamento;6;845.76
746;SKU-10739;Item 10739 Energia - Modelo 40;Energia;13;849.23
747;SKU-10740;Item 10740 Periféricos - Modelo 41;Periféricos;20;852.70
748;SKU-10741;Item 10741 Monitores - Modelo 42;Monitores;27;856.17
749;SKU-10742;Item 10742 Áudio - Modelo 43;Áudio;34;859.64
750;SKU-10743;Item 10743 Vídeo - Modelo 44;Vídeo;41;863.11
751;SKU-10744;Item 10744 Computadores - Modelo 45;Computadores;48;866.58
752;SKU-10745;Item 10745 Redes - Modelo 46;Redes;55;870.05
753;SKU-10746;Item 10746 Impressão - Modelo 47;Impressão;62;873.52
754;SKU-10747;Item 10747 Acessórios - Modelo 48;Acessórios;69;876.99
755;SKU-10748;Item 10748 Armazenamento - Modelo 49;Armazenamento;76;880.46
756;SKU-10749;Item 10749 Energia - Modelo 50;Energia;83;883.93
757;SKU-10750;Item 10750 Periféricos - Modelo 51;Periféricos;90;887.40
758;SKU-10751;Item 10751 Monitores - Modelo 52;Monitores;97;890.87
759;SKU-10752;Item 10752 Áudio - Modelo 53;Áudio;104;894.34
760;SKU-10753;Item 10753 Vídeo - Modelo 54;Vídeo;111;897.81
761;SKU-10754;Item 10754 Computadores - Modelo 55;Computadores;118;901.28
762;SKU-10755;Item 10755 Redes - Modelo 56;Redes;5;904.75
763;SKU-10756;Item 10756 Impressão - Modelo 57;Impressão;12;908.22
764;SKU-10757;Item 10757 Acessórios - Modelo 58;Acessórios;19;911.69
765;SKU-10758;Item 10758 Armazenamento - Modelo 59;Armazenamento;26;915.16
766;SKU-10759;Item 10759 Energia - Modelo 60;Energia;33;918.63
767;SKU-10760;Item 10760 Periféricos - Modelo 61;Periféricos;40;922.10
768;SKU-10761;Item 10761 Monitores - Modelo 62;Monitores;47;925.57
769;SKU-10762;Item 10762 Áudio - Modelo 63;Áudio;54;929.04
770;SKU-10763;Item 10763 Vídeo - Modelo 64;Vídeo;61;932.51
771;SKU-10764;Item 10764 Computadores - Modelo 65;Computadores;68;935.98
772;SKU-10765;Item 10765 Redes - Modelo 66;Redes;75;939.45
773;SKU-10766;Item 10766 Impressão - Modelo 67;Impressão;82;942.92
774;SKU-10767;Item 10767 Acessórios - Modelo 68;Acessórios;89;946.39
775;SKU-10768;Item 10768 Armazenamento - Modelo 69;Armazenamento;96;949.86
776;SKU-10769;Item 10769 Energia - Modelo 70;Energia;103;953.33
777;SKU-10770;Item 10770 Periféricos - Modelo 71;Periféricos;110;956.80
778;SKU-10771;Item 10771 Monitores - Modelo 72;Monitores;117;960.27
779;SKU-10772;Item 10772 Áudio - Modelo 73;Áudio;4;963.74
780;SKU-10773;Item 10773 Vídeo - Modelo 74;Vídeo;11;967.21
781;SKU-10774;Item 10774 Computadores - Modelo 75;Computadores;18;970.68
782;SKU-10775;Item 10775 Redes - Modelo 76;Redes;25;974.15
783;SKU-10776;Item 10776 Impressão - Modelo 77;Impressão;32;977.62
784;SKU-10777;Item 10777 Acessórios - Modelo 78;Acessórios;39;981.09
785;SKU-10778;Item 10778 Armazenamento - Modelo 79;Armazenamento;46;984.56
786;SKU-10779;Item 10779 Energia - Modelo 80;Energia;53;988.03
787;SKU-10780;Item 10780 Periféricos - Modelo 81;Periféricos;60;991.50
788;SKU-10781;Item 10781 Monitores - Modelo 82;Monitores;67;994.97
789;SKU-10782;Item 10782 Áudio - Modelo 83;Áudio;74;998.44
790;SKU-10783;Item 10783 Vídeo - Modelo 84;Vídeo;81;1001.91
791;SKU-10784;Item 10784 Computadores - Modelo 85;Computadores;88;1005.38
792;SKU-10785;Item 10785 Redes - Modelo 86;Redes;95;1008.85
793;SKU-10786;Item 10786 Impressão - Modelo 87;Impressão;102;1012.32
794;SKU-10787;Item 10787 Acessórios - Modelo 88;Acessórios;109;1015.79
795;SKU-10788;Item 10788 Armazenamento - Modelo 89;Armazenamento;116;1019.26
796;SKU-10789;Item 10789 Energia - Modelo 90;Energia;3;1022.73
797;SKU-10790;Item 10790 Periféricos - Modelo 91;Periféricos;10;1026.20
798;SKU-10791;Item 10791 Monitores - Modelo 92;Monitores;17;1029.67
799;SKU-10792;Item 10792 Áudio - Modelo 93;Áudio;24;1033.14
800;SKU-10793;Item 10793 Vídeo - Modelo 94;Vídeo;31;1036.61
801;SKU-10794;Item 10794 Computadores - Modelo 95;Computadores;38;1040.08
802;SKU-10795;Item 10795 Redes - Modelo 96;Redes;45;1043.55
803;SKU-10796;Item 10796 Impressão - Modelo 97;Impressão;52;1047.02
804;SKU-10797;Item 10797 Acessórios - Modelo 98;Acessórios;59;1050.49
805;SKU-10798;Item 10798 Armazenamento - Modelo 99;Armazenamento;66;1053.96
806;SKU-10799;Item 10799 Energia - Modelo 100;Energia;73;1057.43
807;SKU-10800;Item 10800 Periféricos - Modelo 1;Periféricos;80;1060.90
808;SKU-10801;Item 10801 Monitores - Modelo 2;Monitores;87;1064.37
809;SKU-10802;Item 10802 Áudio - Modelo 3;Áudio;94;1067.84
810;SKU-10803;Item 10803 Vídeo - Modelo 4;Vídeo;101;1071.31
811;SKU-10804;Item 10804 Computadores - Modelo 5;Computadores;108;1074.78
812;SKU-10805;Item 10805 Redes - Modelo 6;Redes;115;1078.25
813;SKU-10806;Item 10806 Impressão - Modelo 7;Impressão;2;1081.72
814;SKU-10807;Item 10807 Acessórios - Modelo 8;Acessórios;9;1085.19
815;SKU-10808;Item 10808 Armazenamento - Modelo 9;Armazenamento;16;1088.66
816;SKU-10809;Item 10809 Energia - Modelo 10;Energia;23;1092.13
817;SKU-10810;Item 10810 Periféricos - Modelo 11;Periféricos;30;1095.60
818;SKU-10811;Item 10811 Monitores - Modelo 12;Monitores;37;1099.07
819;SKU-10812;Item 10812 Áudio - Modelo 13;Áudio;44;1102.54
820;SKU-10813;Item 10813 Vídeo - Modelo 14;Vídeo;51;1106.01
821;SKU-10814;Item 10814 Computadores - Modelo 15;Computadores;58;1109.48
822;SKU-10815;Item 10815 Redes - Modelo 16;Redes;65;1112.95
823;SKU-10816;Item 10816 Impressão - Modelo 17;Impressão;72;1116.42
824;SKU-10817;Item 10817 Acessórios - Modelo 18;Acessórios;79;1119.89
825;SKU-10818;Item 10818 Armazenamento - Modelo 19;Armazenamento;86;1123.36
826;SKU-10819;Item 10819 Energia - Modelo 20;Energia;93;1126.83
827;SKU-10820;Item 10820 Periféricos - Modelo 21;Periféricos;100;1130.30
828;SKU-10821;Item 10821 Monitores - Modelo 22;Monitores;107;1133.77
829;SKU-10822;Item 10822 Áudio - Modelo 23;Áudio;114;1137.24
830;SKU-10823;Item 10823 Vídeo - Modelo 24;Vídeo;1;1140.71
831;SKU-10824;Item 10824 Computadores - Modelo 25;Computadores;8;1144.18
832;SKU-10825;Item 10825 Redes - Modelo 26;Redes;15;1147.65
833;SKU-10826;Item 10826 Impressão - Modelo 27;Impressão;22;1151.12
834;SKU-10827;Item 10827 Acessórios - Modelo 28;Acessórios;29;1154.59
835;SKU-10828;Item 10828 Armazenamento - Modelo 29;Armazenamento;36;1158.06
836;SKU-10829;Item 10829 Energia - Modelo 30;Energia;43;1161.53
837;SKU-10830;Item 10830 Periféricos - Modelo 31;Periféricos;50;1165.00
838;SKU-10831;Item 10831 Monitores - Modelo 32;Monitores;57;1168.47
839;SKU-10832;Item 10832 Áudio - Modelo 33;Áudio;64;1171.94
840;SKU-10833;Item 10833 Vídeo - Modelo 34;Vídeo;71;1175.41
841;SKU-10834;Item 10834 Computadores - Modelo 35;Computadores;78;1178.88
842;SKU-10835;Item 10835 Redes - Modelo 36;Redes;85;1182.35
843;SKU-10836;Item 10836 Impressão - Modelo 37;Impressão;92;1185.82
844;SKU-10837;Item 10837 Acessórios - Modelo 38;Acessórios;99;1189.29
845;SKU-10838;Item 10838 Armazenamento - Modelo 39;Armazenamento;106;1192.76
846;SKU-10839;Item 10839 Energia - Modelo 40;Energia;113;1196.23
847;SKU-10840;Item 10840 Periféricos - Modelo 41;Periféricos;0;1199.70
848;SKU-10841;Item 10841 Monitores - Modelo 42;Monitores;7;1203.17
849;SKU-10842;Item 10842 Áudio - Modelo 43;Áudio;14;1206.64
850;SKU-10843;Item 10843 Vídeo - Modelo 44;Vídeo;21;1210.11
851;SKU-10844;Item 10844 Computadores - Modelo 45;Computadores;28;1213.58
852;SKU-10845;Item 10845 Redes - Modelo 46;Redes;35;1217.05
853;SKU-10846;Item 10846 Impressão - Modelo 47;Impressão;42;1220.52
854;SKU-10847;Item 10847 Acessórios - Modelo 48;Acessórios;49;1223.99
855;SKU-10848;Item 10848 Armazenamento - Modelo 49;Armazenamento;56;1227.46
856;SKU-10849;Item 10849 Energia - Modelo 50;Energia;63;1230.93
857;SKU-10850;Item 10850 Periféricos - Modelo 51;Periféricos;70;1234.40
858;SKU-10851;Item 10851 Monitores - Modelo 52;Monitores;77;1237.87
859;SKU-10852;Item 10852 Áudio - Modelo 53;Áudio;84;1241.34
860;SKU-10853;Item 10853 Vídeo - Modelo 54;Vídeo;91;1244.81
861;SKU-10854;Item 10854 Computadores - Modelo 55;Computadores;98;1248.28
862;SKU-10855;Item 10855 Redes - Modelo 56;Redes;105;1251.75
863;SKU-10856;Item 10856 Impressão - Modelo 57;Impressão;112;1255.22
864;SKU-10857;Item 10857 Acessórios - Modelo 58;Acessórios;119;1258.69
865;SKU-10858;Item 10858 Armazenamento - Modelo 59;Armazenamento;6;1262.16
866;SKU-10859;Item 10859 Energia - Modelo 60;Energia;13;1265.63
867;SKU-10860;Item 10860 Periféricos - Modelo 61;Periféricos;20;1269.10
868;SKU-10861;Item 10861 Monitores - Modelo 62;Monitores;27;1272.57
869;SKU-10862;Item 10862 Áudio - Modelo 63;Áudio;34;1276.04
870;SKU-10863;Item 10863 Vídeo - Modelo 64;Vídeo;41;1279.51
871;SKU-10864;Item 10864 Computadores - Modelo 65;Computadores;48;1282.98
872;SKU-10865;Item 10865 Redes - Modelo 66;Redes;55;1286.45
873;SKU-10866;Item 10866 Impressão - Modelo 67;Impressão;62;1289.92
874;SKU-10867;Item 10867 Acessórios - Modelo 68;Acessórios;69;1293.39
875;SKU-10868;Item 10868 Armazenamento - Modelo 69;Armazenamento;76;1296.86
876;SKU-10869;Item 10869 Energia - Modelo 70;Energia;83;1300.33
877;SKU-10870;Item 10870 Periféricos - Modelo 71;Periféricos;90;1303.80
878;SKU-10871;Item 10871 Monitores - Modelo 72;Monitores;97;1307.27
879;SKU-10872;Item 10872 Áudio - Modelo 73;Áudio;104;1310.74
880;SKU-10873;Item 10873 Vídeo - Modelo 74;Vídeo;111;1314.21
881;SKU-10874;Item 10874 Computadores - Modelo 75;Computadores;118;1317.68
882;SKU-10875;Item 10875 Redes - Modelo 76;Redes;5;1321.15
883;SKU-10876;Item 10876 Impressão - Modelo 77;Impressão;12;1324.62
884;SKU-10877;Item 10877 Acessórios - Modelo 78;Acessórios;19;1328.09
885;SKU-10878;Item 10878 Armazenamento - Modelo 79;Armazenamento;26;1331.56
886;SKU-10879;Item 10879 Energia - Modelo 80;Energia;33;1335.03
887;SKU-10880;Item 10880 Periféricos - Modelo 81;Periféricos;40;1338.50
888;SKU-10881;Item 10881 Monitores - Modelo 82;Monitores;47;1341.97
889;SKU-10882;Item 10882 Áudio - Modelo 83;Áudio;54;1345.44
890;SKU-10883;Item 10883 Vídeo - Modelo 84;Vídeo;61;1348.91
891;SKU-10884;Item 10884 Computadores - Modelo 85;Computadores;68;1352.38
892;SKU-10885;Item 10885 Redes - Modelo 86;Redes;75;1355.85
893;SKU-10886;Item 10886 Impressão - Modelo 87;Impressão;82;1359.32
894;SKU-10887;Item 10887 Acessórios - Modelo 88;Acessórios;89;1362.79
895;SKU-10888;Item 10888 Armazenamento - Modelo 89;Armazenamento;96;1366.26
896;SKU-10889;Item 10889 Energia - Modelo 90;Energia;103;1369.73
897;SKU-10890;Item 10890 Periféricos - Modelo 91;Periféricos;110;1373.20
898;SKU-10891;Item 10891 Monitores - Modelo 92;Monitores;117;1376.67
899;SKU-10892;Item 10892 Áudio - Modelo 93;Áudio;4;1380.14
900;SKU-10893;Item 10893 Vídeo - Modelo 94;Vídeo;11;1383.61
901;SKU-10894;Item 10894 Computadores - Modelo 95;Computadores;18;1387.08
902;SKU-10895;Item 10895 Redes - Modelo 96;Redes;25;1390.55
903;SKU-10896;Item 10896 Impressão - Modelo 97;Impressão;32;1394.02
904;SKU-10897;Item 10897 Acessórios - Modelo 98;Acessórios;39;1397.49
905;SKU-10898;Item 10898 Armazenamento - Modelo 99;Armazenamento;46;1400.96
906;SKU-10899;Item 10899 Energia - Modelo 100;Energia;53;1404.43
907;SKU-10900;Item 10900 Periféricos - Modelo 1;Periféricos;60;1407.90
908;SKU-10901;Item 10901 Monitores - Modelo 2;Monitores;67;1411.37
909;SKU-10902;Item 10902 Áudio - Modelo 3;Áudio;74;1414.84
910;SKU-10903;Item 10903 Vídeo - Modelo 4;Vídeo;81;1418.31
911;SKU-10904;Item 10904 Computadores - Modelo 5;Computadores;88;1421.78
912;SKU-10905;Item 10905 Redes - Modelo 6;Redes;95;1425.25
913;SKU-10906;Item 10906 Impressão - Modelo 7;Impressão;102;1428.72
914;SKU-10907;Item 10907 Acessórios - Modelo 8;Acessórios;109;1432.19
915;SKU-10908;Item 10908 Armazenamento - Modelo 9;Armazenamento;116;1435.66
916;SKU-10909;Item 10909 Energia - Modelo 10;Energia;3;1439.13
917;SKU-10910;Item 10910 Periféricos - Modelo 11;Periféricos;10;1442.60
918;SKU-10911;Item 10911 Monitores - Modelo 12;Monitores;17;1446.07
919;SKU-10912;Item 10912 Áudio - Modelo 13;Áudio;24;1449.54
920;SKU-10913;Item 10913 Vídeo - Modelo 14;Vídeo;31;1453.01
921;SKU-10914;Item 10914 Computadores - Modelo 15;Computadores;38;1456.48
922;SKU-10915;Item 10915 Redes - Modelo 16;Redes;45;1459.95
923;SKU-10916;Item 10916 Impressão - Modelo 17;Impressão;52;1463.42
924;SKU-10917;Item 10917 Acessórios - Modelo 18;Acessórios;59;1466.89
925;SKU-10918;Item 10918 Armazenamento - Modelo 19;Armazenamento;66;1470.36
926;SKU-10919;Item 10919 Energia - Modelo 20;Energia;73;1473.83
927;SKU-10920;Item 10920 Periféricos - Modelo 21;Periféricos;80;1477.30
928;SKU-10921;Item 10921 Monitores - Modelo 22;Monitores;87;1480.77
929;SKU-10922;Item 10922 Áudio - Modelo 23;Áudio;94;1484.24
930;SKU-10923;Item 10923 Vídeo - Modelo 24;Vídeo;101;1487.71
931;SKU-10924;Item 10924 Computadores - Modelo 25;Computadores;108;1491.18
932;SKU-10925;Item 10925 Redes - Modelo 26;Redes;115;1494.65
933;SKU-10926;Item 10926 Impressão - Modelo 27;Impressão;2;1498.12
934;SKU-10927;Item 10927 Acessórios - Modelo 28;Acessórios;9;1501.59
935;SKU-10928;Item 10928 Armazenamento - Modelo 29;Armazenamento;16;1505.06
936;SKU-10929;Item 10929 Energia - Modelo 30;Energia;23;1508.53
937;SKU-10930;Item 10930 Periféricos - Modelo 31;Periféricos;30;1512.00
938;SKU-10931;Item 10931 Monitores - Modelo 32;Monitores;37;1515.47
939;SKU-10932;Item 10932 Áudio - Modelo 33;Áudio;44;1518.94
940;SKU-10933;Item 10933 Vídeo - Modelo 34;Vídeo;51;1522.41
941;SKU-10934;Item 10934 Computadores - Modelo 35;Computadores;58;1525.88
942;SKU-10935;Item 10935 Redes - Modelo 36;Redes;65;1529.35
943;SKU-10936;Item 10936 Impressão - Modelo 37;Impressão;72;1532.82
944;SKU-10937;Item 10937 Acessórios - Modelo 38;Acessórios;79;1536.29
945;SKU-10938;Item 10938 Armazenamento - Modelo 39;Armazenamento;86;1539.76
946;SKU-10939;Item 10939 Energia - Modelo 40;Energia;93;1543.23
947;SKU-10940;Item 10940 Periféricos - Modelo 41;Periféricos;100;1546.70
948;SKU-10941;Item 10941 Monitores - Modelo 42;Monitores;107;1550.17
949;SKU-10942;Item 10942 Áudio - Modelo 43;Áudio;114;1553.64
950;SKU-10943;Item 10943 Vídeo - Modelo 44;Vídeo;1;1557.11
951;SKU-10944;Item 10944 Computadores - Modelo 45;Computadores;8;1560.58
952;SKU-10945;Item 10945 Redes - Modelo 46;Redes;15;1564.05
953;SKU-10946;Item 10946 Impressão - Modelo 47;Impressão;22;1567.52
954;SKU-10947;Item 10947 Acessórios - Modelo 48;Acessórios;29;1570.99
955;SKU-10948;Item 10948 Armazenamento - Modelo 49;Armazenamento;36;1574.46
956;SKU-10949;Item 10949 Energia - Modelo 50;Energia;43;1577.93
957;SKU-10950;Item 10950 Periféricos - Modelo 51;Periféricos;50;1581.40
958;SKU-10951;Item 10951 Monitores - Modelo 52;Monitores;57;1584.87
959;SKU-10952;Item 10952 Áudio - Modelo 53;Áudio;64;1588.34
960;SKU-10953;Item 10953 Vídeo - Modelo 54;Vídeo;71;1591.81
961;SKU-10954;Item 10954 Computadores - Modelo 55;Computadores;78;1595.28
962;SKU-10955;Item 10955 Redes - Modelo 56;Redes;85;1598.75
963;SKU-10956;Item 10956 Impressão - Modelo 57;Impressão;92;1602.22
964;SKU-10957;Item 10957 Acessórios - Modelo 58;Acessórios;99;1605.69
965;SKU-10958;Item 10958 Armazenamento - Modelo 59;Armazenamento;106;1609.16
966;SKU-10959;Item 10959 Energia - Modelo 60;Energia;113;1612.63
967;SKU-10960;Item 10960 Periféricos - Modelo 61;Periféricos;0;1616.10
968;SKU-10961;Item 10961 Monitores - Modelo 62;Monitores;7;1619.57
969;SKU-10962;Item 10962 Áudio - Modelo 63;Áudio;14;1623.04
970;SKU-10963;Item 10963 Vídeo - Modelo 64;Vídeo;21;1626.51
971;SKU-10964;Item 10964 Computadores - Modelo 65;Computadores;28;1629.98
972;SKU-10965;Item 10965 Redes - Modelo 66;Redes;35;1633.45
973;SKU-10966;Item 10966 Impressão - Modelo 67;Impressão;42;1636.92
974;SKU-10967;Item 10967 Acessórios - Modelo 68;Acessórios;49;1640.39
975;SKU-10968;Item 10968 Armazenamento - Modelo 69;Armazenamento;56;1643.86
976;SKU-10969;Item 10969 Energia - Modelo 70;Energia;63;1647.33
977;SKU-10970;Item 10970 Periféricos - Modelo 71;Periféricos;70;1650.80
978;SKU-10971;Item 10971 Monitores - Modelo 72;Monitores;77;1654.27
979;SKU-10972;Item 10972 Áudio - Modelo 73;Áudio;84;1657.74
980;SKU-10973;Item 10973 Vídeo - Modelo 74;Vídeo;91;1661.21
981;SKU-10974;Item 10974 Computadores - Modelo 75;Computadores;98;1664.68
982;SKU-10975;Item 10975 Redes - Modelo 76;Redes;105;1668.15
983;SKU-10976;Item 10976 Impressão - Modelo 77;Impressão;112;1671.62
984;SKU-10977;Item 10977 Acessórios - Modelo 78;Acessórios;119;1675.09
985;SKU-10978;Item 10978 Armazenamento - Modelo 79;Armazenamento;6;1678.56
986;SKU-10979;Item 10979 Energia - Modelo 80;Energia;13;1682.03
987;SKU-10980;Item 10980 Periféricos - Modelo 81;Periféricos;20;1685.50
988;SKU-10981;Item 10981 Monitores - Modelo 82;Monitores;27;1688.97
989;SKU-10982;Item 10982 Áudio - Modelo 83;Áudio;34;1692.44
990;SKU-10983;Item 10983 Vídeo - Modelo 84;Vídeo;41;1695.91
991;SKU-10984;Item 10984 Computadores - Modelo 85;Computadores;48;1699.38
992;SKU-10985;Item 10985 Redes - Modelo 86;Redes;55;1702.85
993;SKU-10986;Item 10986 Impressão - Modelo 87;Impressão;62;1706.32
994;SKU-10987;Item 10987 Acessórios - Modelo 88;Acessórios;69;1709.79
995;SKU-10988;Item 10988 Armazenamento - Modelo 89;Armazenamento;76;1713.26
996;SKU-10989;Item 10989 Energia - Modelo 90;Energia;83;1716.73
997;SKU-10990;Item 10990 Periféricos - Modelo 91;Periféricos;90;1720.20
998;SKU-10991;Item 10991 Monitores - Modelo 92;Monitores;97;1723.67
999;SKU-10992;Item 10992 Áudio - Modelo 93;Áudio;104;1727.14
1000;SKU-10993;Item 10993 Vídeo - Modelo 94;Vídeo;111;1730.61
1001;SKU-10994;Item 10994 Computadores - Modelo 95;Computadores;118;1734.08
1002;SKU-10995;Item 10995 Redes - Modelo 96;Redes;5;1737.55
1003;SKU-10996;Item 10996 Impressão - Modelo 97;Impressão;12;1741.02
1004;SKU-10997;Item 10997 Acessórios - Modelo 98;Acessórios;19;1744.49
1005;SKU-10998;Item 10998 Armazenamento - Modelo 99;Armazenamento;26;1747.96
1006;SKU-10999;Item 10999 Energia - Modelo 100;Energia;33;1751.43
1007;SKU-11000;Item 11000 Periféricos - Modelo 1;Periféricos;40;19.90
1008;SKU-11001;Item 11001 Monitores - Modelo 2;Monitores;47;23.37
1009;SKU-11002;Item 11002 Áudio - Modelo 3;Áudio;54;26.84
1010;SKU-11003;Item 11003 Vídeo - Modelo 4;Vídeo;61;30.31
1011;SKU-11004;Item 11004 Computadores - Modelo 5;Computadores;68;33.78
1012;SKU-11005;Item 11005 Redes - Modelo 6;Redes;75;37.25
1013;SKU-11006;Item 11006 Impressão - Modelo 7;Impressão;82;40.72
1014;SKU-11007;Item 11007 Acessórios - Modelo 8;Acessórios;89;44.19
1015;SKU-11008;Item 11008 Armazenamento - Modelo 9;Armazenamento;96;47.66
1016;SKU-11009;Item 11009 Energia - Modelo 10;Energia;103;51.13
1017;SKU-11010;Item 11010 Periféricos - Modelo 11;Periféricos;110;54.60
1018;SKU-11011;Item 11011 Monitores - Modelo 12;Monitores;117;58.07
1019;SKU-11012;Item 11012 Áudio - Modelo 13;Áudio;4;61.54
1020;SKU-11013;Item 11013 Vídeo - Modelo 14;Vídeo;11;65.01
1021;SKU-11014;Item 11014 Computadores - Modelo 15;Computadores;18;68.48
1022;SKU-11015;Item 11015 Redes - Modelo 16;Redes;25;71.95
1023;SKU-11016;Item 11016 Impressão - Modelo 17;Impressão;32;75.42
1024;SKU-11017;Item 11017 Acessórios - Modelo 18;Acessórios;39;78.89
1025;SKU-11018;Item 11018 Armazenamento - Modelo 19;Armazenamento;46;82.36
1026;SKU-11019;Item 11019 Energia - Modelo 20;Energia;53;85.83
1027;SKU-11020;Item 11020 Periféricos - Modelo 21;Periféricos;60;89.30
1028;SKU-11021;Item 11021 Monitores - Modelo 22;Monitores;67;92.77
1029;SKU-11022;Item 11022 Áudio - Modelo 23;Áudio;74;96.24
1030;SKU-11023;Item 11023 Vídeo - Modelo 24;Vídeo;81;99.71
1031;SKU-11024;Item 11024 Computadores - Modelo 25;Computadores;88;103.18
1032;SKU-11025;Item 11025 Redes - Modelo 26;Redes;95;106.65
1033;SKU-11026;Item 11026 Impressão - Modelo 27;Impressão;102;110.12
1034;SKU-11027;Item 11027 Acessórios - Modelo 28;Acessórios;109;113.59
1035;SKU-11028;Item 11028 Armazenamento - Modelo 29;Armazenamento;116;117.06
1036;SKU-11029;Item 11029 Energia - Modelo 30;Energia;3;120.53
1037;SKU-11030;Item 11030 Periféricos - Modelo 31;Periféricos;10;124.00
1038;SKU-11031;Item 11031 Monitores - Modelo 32;Monitores;17;127.47
1039;SKU-11032;Item 11032 Áudio - Modelo 33;Áudio;24;130.94
1040;SKU-11033;Item 11033 Vídeo - Modelo 34;Vídeo;31;134.41
1041;SKU-11034;Item 11034 Computadores - Modelo 35;Computadores;38;137.88
1042;SKU-11035;Item 11035 Redes - Modelo 36;Redes;45;141.35
1043;SKU-11036;Item 11036 Impressão - Modelo 37;Impressão;52;144.82
1044;SKU-11037;Item 11037 Acessórios - Modelo 38;Acessórios;59;148.29
1045;SKU-11038;Item 11038 Armazenamento - Modelo 39;Armazenamento;66;151.76
1046;SKU-11039;Item 11039 Energia - Modelo 40;Energia;73;155.23
1047;SKU-11040;Item 11040 Periféricos - Modelo 41;Periféricos;80;158.70
1048;SKU-11041;Item 11041 Monitores - Modelo 42;Monitores;87;162.17
1049;SKU-11042;Item 11042 Áudio - Modelo 43;Áudio;94;165.64
1050;SKU-11043;Item 11043 Vídeo - Modelo 44;Vídeo;101;169.11
1051;SKU-11044;Item 11044 Computadores - Modelo 45;Computadores;108;172.58
1052;SKU-11045;Item 11045 Redes - Modelo 46;Redes;115;176.05
1053;SKU-11046;Item 11046 Impressão - Modelo 47;Impressão;2;179.52
1054;SKU-11047;Item 11047 Acessórios - Modelo 48;Acessórios;9;182.99
1055;SKU-11048;Item 11048 Armazenamento - Modelo 49;Armazenamento;16;186.46
1056;SKU-11049;Item 11049 Energia - Modelo 50;Energia;23;189.93
1057;SKU-11050;Item 11050 Periféricos - Modelo 51;Periféricos;30;193.40
1058;SKU-11051;Item 11051 Monitores - Modelo 52;Monitores;37;196.87
1059;SKU-11052;Item 11052 Áudio - Modelo 53;Áudio;44;200.34
1060;SKU-11053;Item 11053 Vídeo - Modelo 54;Vídeo;51;203.81
1061;SKU-11054;Item 11054 Computadores - Modelo 55;Computadores;58;207.28
1062;SKU-11055;Item 11055 Redes - Modelo 56;Redes;65;210.75
1063;SKU-11056;Item 11056 Impressão - Modelo 57;Impressão;72;214.22
1064;SKU-11057;Item 11057 Acessórios - Modelo 58;Acessórios;79;217.69
1065;SKU-11058;Item 11058 Armazenamento - Modelo 59;Armazenamento;86;221.16
1066;SKU-11059;Item 11059 Energia - Modelo 60;Energia;93;224.63
1067;SKU-11060;Item 11060 Periféricos - Modelo 61;Periféricos;100;228.10
1068;SKU-11061;Item 11061 Monitores - Modelo 62;Monitores;107;231.57
1069;SKU-11062;Item 11062 Áudio - Modelo 63;Áudio;114;235.04
1070;SKU-11063;Item 11063 Vídeo - Modelo 64;Vídeo;1;238.51
1071;SKU-11064;Item 11064 Computadores - Modelo 65;Computadores;8;241.98
1072;SKU-11065;Item 11065 Redes - Modelo 66;Redes;15;245.45
1073;SKU-11066;Item 11066 Impressão - Modelo 67;Impressão;22;248.92
1074;SKU-11067;Item 11067 Acessórios - Modelo 68;Acessórios;29;252.39
1075;SKU-11068;Item 11068 Armazenamento - Modelo 69;Armazenamento;36;255.86
1076;SKU-11069;Item 11069 Energia - Modelo 70;Energia;43;259.33
1077;SKU-11070;Item 11070 Periféricos - Modelo 71;Periféricos;50;262.80
1078;SKU-11071;Item 11071 Monitores - Modelo 72;Monitores;57;266.27
1079;SKU-11072;Item 11072 Áudio - Modelo 73;Áudio;64;269.74
1080;SKU-11073;Item 11073 Vídeo - Modelo 74;Vídeo;71;273.21
1081;SKU-11074;Item 11074 Computadores - Modelo 75;Computadores;78;276.68
1082;SKU-11075;Item 11075 Redes - Modelo 76;Redes;85;280.15
1083;SKU-11076;Item 11076 Impressão - Modelo 77;Impressão;92;283.62
1084;SKU-11077;Item 11077 Acessórios - Modelo 78;Acessórios;99;287.09
1085;SKU-11078;Item 11078 Armazenamento - Modelo 79;Armazenamento;106;290.56
1086;SKU-11079;Item 11079 Energia - Modelo 80;Energia;113;294.03
1087;SKU-11080;Item 11080 Periféricos - Modelo 81;Periféricos;0;297.50
1088;SKU-11081;Item 11081 Monitores - Modelo 82;Monitores;7;300.97
1089;SKU-11082;Item 11082 Áudio - Modelo 83;Áudio;14;304.44
1090;SKU-11083;Item 11083 Vídeo - Modelo 84;Vídeo;21;307.91
1091;SKU-11084;Item 11084 Computadores - Modelo 85;Computadores;28;311.38
1092;SKU-11085;Item 11085 Redes - Modelo 86;Redes;35;314.85
1093;SKU-11086;Item 11086 Impressão - Modelo 87;Impressão;42;318.32
1094;SKU-11087;Item 11087 Acessórios - Modelo 88;Acessórios;49;321.79
1095;SKU-11088;Item 11088 Armazenamento - Modelo 89;Armazenamento;56;325.26
1096;SKU-11089;Item 11089 Energia - Modelo 90;Energia;63;328.73
1097;SKU-11090;Item 11090 Periféricos - Modelo 91;Periféricos;70;332.20
1098;SKU-11091;Item 11091 Monitores - Modelo 92;Monitores;77;335.67
1099;SKU-11092;Item 11092 Áudio - Modelo 93;Áudio;84;339.14
1100;SKU-11093;Item 11093 Vídeo - Modelo 94;Vídeo;91;342.61
1101;SKU-11094;Item 11094 Computadores - Modelo 95;Computadores;98;346.08
1102;SKU-11095;Item 11095 Redes - Modelo 96;Redes;105;349.55
1103;SKU-11096;Item 11096 Impressão - Modelo 97;Impressão;112;353.02
1104;SKU-11097;Item 11097 Acessórios - Modelo 98;Acessórios;119;356.49
1105;SKU-11098;Item 11098 Armazenamento - Modelo 99;Armazenamento;6;359.96
1106;SKU-11099;Item 11099 Energia - Modelo 100;Energia;13;363.43
1107;SKU-11100;Item 11100 Periféricos - Modelo 1;Periféricos;20;366.90
1108;SKU-11101;Item 11101 Monitores - Modelo 2;Monitores;27;370.37
1109;SKU-11102;Item 11102 Áudio - Modelo 3;Áudio;34;373.84
1110;SKU-11103;Item 11103 Vídeo - Modelo 4;Vídeo;41;377.31
1111;SKU-11104;Item 11104 Computadores - Modelo 5;Computadores;48;380.78
1112;SKU-11105;Item 11105 Redes - Modelo 6;Redes;55;384.25
1113;SKU-11106;Item 11106 Impressão - Modelo 7;Impressão;62;387.72
1114;SKU-11107;Item 11107 Acessórios - Modelo 8;Acessórios;69;391.19
1115;SKU-11108;Item 11108 Armazenamento - Modelo 9;Armazenamento;76;394.66
1116;SKU-11109;Item 11109 Energia - Modelo 10;Energia;83;398.13
1117;SKU-11110;Item 11110 Periféricos - Modelo 11;Periféricos;90;401.60
1118;SKU-11111;Item 11111 Monitores - Modelo 12;Monitores;97;405.07
1119;SKU-11112;Item 11112 Áudio - Modelo 13;Áudio;104;408.54
1120;SKU-11113;Item 11113 Vídeo - Modelo 14;Vídeo;111;412.01
1121;SKU-11114;Item 11114 Computadores - Modelo 15;Computadores;118;415.48
1122;SKU-11115;Item 11115 Redes - Modelo 16;Redes;5;418.95
1123;SKU-11116;Item 11116 Impressão - Modelo 17;Impressão;12;422.42
1124;SKU-11117;Item 11117 Acessórios - Modelo 18;Acessórios;19;425.89
1125;SKU-11118;Item 11118 Armazenamento - Modelo 19;Armazenamento;26;429.36
1126;SKU-11119;Item 11119 Energia - Modelo 20;Energia;33;432.83
1127;SKU-11120;Item 11120 Periféricos - Modelo 21;Periféricos;40;436.30
1128;SKU-11121;Item 11121 Monitores - Modelo 22;Monitores;47;439.77
1129;SKU-11122;Item 11122 Áudio - Modelo 23;Áudio;54;443.24
1130;SKU-11123;Item 11123 Vídeo - Modelo 24;Vídeo;61;446.71
1131;SKU-11124;Item 11124 Computadores - Modelo 25;Computadores;68;450.18
1132;SKU-11125;Item 11125 Redes - Modelo 26;Redes;75;453.65
1133;SKU-11126;Item 11126 Impressão - Modelo 27;Impressão;82;457.12
1134;SKU-11127;Item 11127 Acessórios - Modelo 28;Acessórios;89;460.59
1135;SKU-11128;Item 11128 Armazenamento - Modelo 29;Armazenamento;96;464.06
1136;SKU-11129;Item 11129 Energia - Modelo 30;Energia;103;467.53
1137;SKU-11130;Item 11130 Periféricos - Modelo 31;Periféricos;110;471.00
1138;SKU-11131;Item 11131 Monitores - Modelo 32;Monitores;117;474.47
1139;SKU-11132;Item 11132 Áudio - Modelo 33;Áudio;4;477.94
1140;SKU-11133;Item 11133 Vídeo - Modelo 34;Vídeo;11;481.41
1141;SKU-11134;Item 11134 Computadores - Modelo 35;Computadores;18;484.88
1142;SKU-11135;Item 11135 Redes - Modelo 36;Redes;25;488.35
1143;SKU-11136;Item 11136 Impressão - Modelo 37;Impressão;32;491.82
1144;SKU-11137;Item 11137 Acessórios - Modelo 38;Acessórios;39;495.29
1145;SKU-11138;Item 11138 Armazenamento - Modelo 39;Armazenamento;46;498.76
1146;SKU-11139;Item 11139 Energia - Modelo 40;Energia;53;502.23
1147;SKU-11140;Item 11140 Periféricos - Modelo 41;Periféricos;60;505.70
1148;SKU-11141;Item 11141 Monitores - Modelo 42;Monitores;67;509.17
1149;SKU-11142;Item 11142 Áudio - Modelo 43;Áudio;74;512.64
1150;SKU-11143;Item 11143 Vídeo - Modelo 44;Vídeo;81;516.11
1151;SKU-11144;Item 11144 Computadores - Modelo 45;Computadores;88;519.58
1152;SKU-11145;Item 11145 Redes - Modelo 46;Redes;95;523.05
1153;SKU-11146;Item 11146 Impressão - Modelo 47;Impressão;102;526.52
1154;SKU-11147;Item 11147 Acessórios - Modelo 48;Acessórios;109;529.99
1155;SKU-11148;Item 11148 Armazenamento - Modelo 49;Armazenamento;116;533.46
1156;SKU-11149;Item 11149 Energia - Modelo 50;Energia;3;536.93
1157;SKU-11150;Item 11150 Periféricos - Modelo 51;Periféricos;10;540.40
1158;SKU-11151;Item 11151 Monitores - Modelo 52;Monitores;17;543.87
1159;SKU-11152;Item 11152 Áudio - Modelo 53;Áudio;24;547.34
1160;SKU-11153;Item 11153 Vídeo - Modelo 54;Vídeo;31;550.81
1161;SKU-11154;Item 11154 Computadores - Modelo 55;Computadores;38;554.28
1162;SKU-11155;Item 11155 Redes - Modelo 56;Redes;45;557.75
1163;SKU-11156;Item 11156 Impressão - Modelo 57;Impressão;52;561.22
1164;SKU-11157;Item 11157 Acessórios - Modelo 58;Acessórios;59;564.69
1165;SKU-11158;Item 11158 Armazenamento - Modelo 59;Armazenamento;66;568.16
1166;SKU-11159;Item 11159 Energia - Modelo 60;Energia;73;571.63
1167;SKU-11160;Item 11160 Periféricos - Modelo 61;Periféricos;80;575.10
1168;SKU-11161;Item 11161 Monitores - Modelo 62;Monitores;87;578.57
1169;SKU-11162;Item 11162 Áudio - Modelo 63;Áudio;94;582.04
1170;SKU-11163;Item 11163 Vídeo - Modelo 64;Vídeo;101;585.51
1171;SKU-11164;Item 11164 Computadores - Modelo 65;Computadores;108;588.98
1172;SKU-11165;Item 11165 Redes - Modelo 66;Redes;115;592.45
1173;SKU-11166;Item 11166 Impressão - Modelo 67;Impressão;2;595.92
1174;SKU-11167;Item 11167 Acessórios - Modelo 68;Acessórios;9;599.39
1175;SKU-11168;Item 11168 Armazenamento - Modelo 69;Armazenamento;16;602.86
1176;SKU-11169;Item 11169 Energia - Modelo 70;Energia;23;606.33
1177;SKU-11170;Item 11170 Periféricos - Modelo 71;Periféricos;30;609.80
1178;SKU-11171;Item 11171 Monitores - Modelo 72;Monitores;37;613.27
1179;SKU-11172;Item 11172 Áudio - Modelo 73;Áudio;44;616.74
1180;SKU-11173;Item 11173 Vídeo - Modelo 74;Vídeo;51;620.21
1181;SKU-11174;Item 11174 Computadores - Modelo 75;Computadores;58;623.68
1182;SKU-11175;Item 11175 Redes - Modelo 76;Redes;65;627.15
1183;SKU-11176;Item 11176 Impressão - Modelo 77;Impressão;72;630.62
1184;SKU-11177;Item 11177 Acessórios - Modelo 78;Acessórios;79;634.09
1185;SKU-11178;Item 11178 Armazenamento - Modelo 79;Armazenamento;86;637.56
1186;SKU-11179;Item 11179 Energia - Modelo 80;Energia;93;641.03
1187;SKU-11180;Item 11180 Periféricos - Modelo 81;Periféricos;100;644.50
1188;SKU-11181;Item 11181 Monitores - Modelo 82;Monitores;107;647.97
1189;SKU-11182;Item 11182 Áudio - Modelo 83;Áudio;114;651.44
1190;SKU-11183;Item 11183 Vídeo - Modelo 84;Vídeo;1;654.91
1191;SKU-11184;Item 11184 Computadores - Modelo 85;Computadores;8;658.38
1192;SKU-11185;Item 11185 Redes - Modelo 86;Redes;15;661.85
1193;SKU-11186;Item 11186 Impressão - Modelo 87;Impressão;22;665.32
1194;SKU-11187;Item 11187 Acessórios - Modelo 88;Acessórios;29;668.79
1195;SKU-11188;Item 11188 Armazenamento - Modelo 89;Armazenamento;36;672.26
1196;SKU-11189;Item 11189 Energia - Modelo 90;Energia;43;675.73
1197;SKU-11190;Item 11190 Periféricos - Modelo 91;Periféricos;50;679.20
1198;SKU-11191;Item 11191 Monitores - Modelo 92;Monitores;57;682.67
1199;SKU-11192;Item 11192 Áudio - Modelo 93;Áudio;64;686.14
1200;SKU-11193;Item 11193 Vídeo - Modelo 94;Vídeo;71;689.61
1201;SKU-11194;Item 11194 Computadores - Modelo 95;Computadores;78;693.08
1202;SKU-11195;Item 11195 Redes - Modelo 96;Redes;85;696.55
1203;SKU-11196;Item 11196 Impressão - Modelo 97;Impressão;92;700.02
1204;SKU-11197;Item 11197 Acessórios - Modelo 98;Acessórios;99;703.49
1205;SKU-11198;Item 11198 Armazenamento - Modelo 99;Armazenamento;106;706.96
1206;SKU-11199;Item 11199 Energia - Modelo 100;Energia;113;710.43
1207;SKU-11200;Item 11200 Periféricos - Modelo 1;Periféricos;0;713.90
1208;SKU-11201;Item 11201 Monitores - Modelo 2;Monitores;7;717.37
1209;SKU-11202;Item 11202 Áudio - Modelo 3;Áudio;14;720.84
1210;SKU-11203;Item 11203 Vídeo - Modelo 4;Vídeo;21;724.31
1211;SKU-11204;Item 11204 Computadores - Modelo 5;Computadores;28;727.78
1212;SKU-11205;Item 11205 Redes - Modelo 6;Redes;35;731.25
1213;SKU-11206;Item 11206 Impressão - Modelo 7;Impressão;42;734.72
1214;SKU-11207;Item 11207 Acessórios - Modelo 8;Acessórios;49;738.19
1215;SKU-11208;Item 11208 Armazenamento - Modelo 9;Armazenamento;56;741.66
1216;SKU-11209;Item 11209 Energia - Modelo 10;Energia;63;745.13
1217;SKU-11210;Item 11210 Periféricos - Modelo 11;Periféricos;70;748.60
1218;SKU-11211;Item 11211 Monitores - Modelo 12;Monitores;77;752.07
1219;SKU-11212;Item 11212 Áudio - Modelo 13;Áudio;84;755.54
1220;SKU-11213;Item 11213 Vídeo - Modelo 14;Vídeo;91;759.01
1221;SKU-11214;Item 11214 Computadores - Modelo 15;Computadores;98;762.48
1222;SKU-11215;Item 11215 Redes - Modelo 16;Redes;105;765.95
1223;SKU-11216;Item 11216 Impressão - Modelo 17;Impressão;112;769.42
1224;SKU-11217;Item 11217 Acessórios - Modelo 18;Acessórios;119;772.89
1225;SKU-11218;Item 11218 Armazenamento - Modelo 19;Armazenamento;6;776.36
1226;SKU-11219;Item 11219 Energia - Modelo 20;Energia;13;779.83
1227;SKU-11220;Item 11220 Periféricos - Modelo 21;Periféricos;20;783.30
1228;SKU-11221;Item 11221 Monitores - Modelo 22;Monitores;27;786.77
1229;SKU-11222;Item 11222 Áudio - Modelo 23;Áudio;34;790.24
1230;SKU-11223;Item 11223 Vídeo - Modelo 24;Vídeo;41;793.71
1231;SKU-11224;Item 11224 Computadores - Modelo 25;Computadores;48;797.18
1232;SKU-11225;Item 11225 Redes - Modelo 26;Redes;55;800.65
1233;SKU-11226;Item 11226 Impressão - Modelo 27;Impressão;62;804.12
1234;SKU-11227;Item 11227 Acessórios - Modelo 28;Acessórios;69;807.59
1235;SKU-11228;Item 11228 Armazenamento - Modelo 29;Armazenamento;76;811.06
1236;SKU-11229;Item 11229 Energia - Modelo 30;Energia;83;814.53
1237;SKU-11230;Item 11230 Periféricos - Modelo 31;Periféricos;90;818.00
1238;SKU-11231;Item 11231 Monitores - Modelo 32;Monitores;97;821.47
1239;SKU-11232;Item 11232 Áudio - Modelo 33;Áudio;104;824.94
1240;SKU-11233;Item 11233 Vídeo - Modelo 34;Vídeo;111;828.41
1241;SKU-11234;Item 11234 Computadores - Modelo 35;Computadores;118;831.88
1242;SKU-11235;Item 11235 Redes - Modelo 36;Redes;5;835.35
1243;SKU-11236;Item 11236 Impressão - Modelo 37;Impressão;12;838.82
1244;SKU-11237;Item 11237 Acessórios - Modelo 38;Acessórios;19;842.29
1245;SKU-11238;Item 11238 Armazenamento - Modelo 39;Armazenamento;26;845.76
1246;SKU-11239;Item 11239 Energia - Modelo 40;Energia;33;849.23
1247;SKU-11240;Item 11240 Periféricos - Modelo 41;Periféricos;40;852.70
1248;SKU-11241;Item 11241 Monitores - Modelo 42;Monitores;47;856.17
1249;SKU-11242;Item 11242 Áudio - Modelo 43;Áudio;54;859.64
1250;SKU-11243;Item 11243 Vídeo - Modelo 44;Vídeo;61;863.11
1251;SKU-11244;Item 11244 Computadores - Modelo 45;Computadores;68;866.58
1252;SKU-11245;Item 11245 Redes - Modelo 46;Redes;75;870.05
1253;SKU-11246;Item 11246 Impressão - Modelo 47;Impressão;82;873.52
1254;SKU-11247;Item 11247 Acessórios - Modelo 48;Acessórios;89;876.99
1255;SKU-11248;Item 11248 Armazenamento - Modelo 49;Armazenamento;96;880.46
1256;SKU-11249;Item 11249 Energia - Modelo 50;Energia;103;883.93
1257;SKU-11250;Item 11250 Periféricos - Modelo 51;Periféricos;110;887.40
1258;SKU-11251;Item 11251 Monitores - Modelo 52;Monitores;117;890.87
1259;SKU-11252;Item 11252 Áudio - Modelo 53;Áudio;4;894.34
1260;SKU-11253;Item 11253 Vídeo - Modelo 54;Vídeo;11;897.81
1261;SKU-11254;Item 11254 Computadores - Modelo 55;Computadores;18;901.28
1262;SKU-11255;Item 11255 Redes - Modelo 56;Redes;25;904.75
1263;SKU-11256;Item 11256 Impressão - Modelo 57;Impressão;32;908.22
1264;SKU-11257;Item 11257 Acessórios - Modelo 58;Acessórios;39;911.69
1265;SKU-11258;Item 11258 Armazenamento - Modelo 59;Armazenamento;46;915.16
1266;SKU-11259;Item 11259 Energia - Modelo 60;Energia;53;918.63
1267;SKU-11260;Item 11260 Periféricos - Modelo 61;Periféricos;60;922.10
1268;SKU-11261;Item 11261 Monitores - Modelo 62;Monitores;67;925.57
1269;SKU-11262;Item 11262 Áudio - Modelo 63;Áudio;74;929.04
1270;SKU-11263;Item 11263 Vídeo - Modelo 64;Vídeo;81;932.51
1271;SKU-11264;Item 11264 Computadores - Modelo 65;Computadores;88;935.98
1272;SKU-11265;Item 11265 Redes - Modelo 66;Redes;95;939.45
1273;SKU-11266;Item 11266 Impressão - Modelo 67;Impressão;102;942.92
1274;SKU-11267;Item 11267 Acessórios - Modelo 68;Acessórios;109;946.39
1275;SKU-11268;Item 11268 Armazenamento - Modelo 69;Armazenamento;116;949.86
1276;SKU-11269;Item 11269 Energia - Modelo 70;Energia;3;953.33
1277;SKU-11270;Item 11270 Periféricos - Modelo 71;Periféricos;10;956.80
1278;SKU-11271;Item 11271 Monitores - Modelo 72;Monitores;17;960.27
1279;SKU-11272;Item 11272 Áudio - Modelo 73;Áudio;24;963.74
1280;SKU-11273;Item 11273 Vídeo - Modelo 74;Vídeo;31;967.21
1281;SKU-11274;Item 11274 Computadores - Modelo 75;Computadores;38;970.68
1282;SKU-11275;Item 11275 Redes - Modelo 76;Redes;45;974.15
1283;SKU-11276;Item 11276 Impressão - Modelo 77;Impressão;52;977.62
1284;SKU-11277;Item 11277 Acessórios - Modelo 78;Acessórios;59;981.09
1285;SKU-11278;Item 11278 Armazenamento - Modelo 79;Armazenamento;66;984.56
1286;SKU-11279;Item 11279 Energia - Modelo 80;Energia;73;988.03
1287;SKU-11280;Item 11280 Periféricos - Modelo 81;Periféricos;80;991.50
1288;SKU-11281;Item 11281 Monitores - Modelo 82;Monitores;87;994.97
1289;SKU-11282;Item 11282 Áudio - Modelo 83;Áudio;94;998.44
1290;SKU-11283;Item 11283 Vídeo - Modelo 84;Vídeo;101;1001.91
1291;SKU-11284;Item 11284 Computadores - Modelo 85;Computadores;108;1005.38
1292;SKU-11285;Item 11285 Redes - Modelo 86;Redes;115;1008.85
1293;SKU-11286;Item 11286 Impressão - Modelo 87;Impressão;2;1012.32
1294;SKU-11287;Item 11287 Acessórios - Modelo 88;Acessórios;9;1015.79
1295;SKU-11288;Item 11288 Armazenamento - Modelo 89;Armazenamento;16;1019.26
1296;SKU-11289;Item 11289 Energia - Modelo 90;Energia;23;1022.73
1297;SKU-11290;Item 11290 Periféricos - Modelo 91;Periféricos;30;1026.20
1298;SKU-11291;Item 11291 Monitores - Modelo 92;Monitores;37;1029.67
1299;SKU-11292;Item 11292 Áudio - Modelo 93;Áudio;44;1033.14
1300;SKU-11293;Item 11293 Vídeo - Modelo 94;Vídeo;51;1036.61
1301;SKU-11294;Item 11294 Computadores - Modelo 95;Computadores;58;1040.08
1302;SKU-11295;Item 11295 Redes - Modelo 96;Redes;65;1043.55
1303;SKU-11296;Item 11296 Impressão - Modelo 97;Impressão;72;1047.02
1304;SKU-11297;Item 11297 Acessórios - Modelo 98;Acessórios;79;1050.49
1305;SKU-11298;Item 11298 Armazenamento - Modelo 99;Armazenamento;86;1053.96
1306;SKU-11299;Item 11299 Energia - Modelo 100;Energia;93;1057.43
1307;SKU-11300;Item 11300 Periféricos - Modelo 1;Periféricos;100;1060.90
1308;SKU-11301;Item 11301 Monitores - Modelo 2;Monitores;107;1064.37
1309;SKU-11302;Item 11302 Áudio - Modelo 3;Áudio;114;1067.84
1310;SKU-11303;Item 11303 Vídeo - Modelo 4;Vídeo;1;1071.31
1311;SKU-11304;Item 11304 Computadores - Modelo 5;Computadores;8;1074.78
1312;SKU-11305;Item 11305 Redes - Modelo 6;Redes;15;1078.25
1313;SKU-11306;Item 11306 Impressão - Modelo 7;Impressão;22;1081.72
1314;SKU-11307;Item 11307 Acessórios - Modelo 8;Acessórios;29;1085.19
1315;SKU-11308;Item 11308 Armazenamento - Modelo 9;Armazenamento;36;1088.66
1316;SKU-11309;Item 11309 Energia - Modelo 10;Energia;43;1092.13
1317;SKU-11310;Item 11310 Periféricos - Modelo 11;Periféricos;50;1095.60
1318;SKU-11311;Item 11311 Monitores - Modelo 12;Monitores;57;1099.07
1319;SKU-11312;Item 11312 Áudio - Modelo 13;Áudio;64;1102.54
1320;SKU-11313;Item 11313 Vídeo - Modelo 14;Vídeo;71;1106.01
1321;SKU-11314;Item 11314 Computadores - Modelo 15;Computadores;78;1109.48
1322;SKU-11315;Item 11315 Redes - Modelo 16;Redes;85;1112.95
1323;SKU-11316;Item 11316 Impressão - Modelo 17;Impressão;92;1116.42
1324;SKU-11317;Item 11317 Acessórios - Modelo 18;Acessórios;99;1119.89
1325;SKU-11318;Item 11318 Armazenamento - Modelo 19;Armazenamento;106;1123.36
1326;SKU-11319;Item 11319 Energia - Modelo 20;Energia;113;1126.83
1327;SKU-11320;Item 11320 Periféricos - Modelo 21;Periféricos;0;1130.30
1328;SKU-11321;Item 11321 Monitores - Modelo 22;Monitores;7;1133.77
1329;SKU-11322;Item 11322 Áudio - Modelo 23;Áudio;14;1137.24
1330;SKU-11323;Item 11323 Vídeo - Modelo 24;Vídeo;21;1140.71
1331;SKU-11324;Item 11324 Computadores - Modelo 25;Computadores;28;1144.18
1332;SKU-11325;Item 11325 Redes - Modelo 26;Redes;35;1147.65
1333;SKU-11326;Item 11326 Impressão - Modelo 27;Impressão;42;1151.12
1334;SKU-11327;Item 11327 Acessórios - Modelo 28;Acessórios;49;1154.59
1335;SKU-11328;Item 11328 Armazenamento - Modelo 29;Armazenamento;56;1158.06
1336;SKU-11329;Item 11329 Energia - Modelo 30;Energia;63;1161.53
1337;SKU-11330;Item 11330 Periféricos - Modelo 31;Periféricos;70;1165.00
1338;SKU-11331;Item 11331 Monitores - Modelo 32;Monitores;77;1168.47
1339;SKU-11332;Item 11332 Áudio - Modelo 33;Áudio;84;1171.94
1340;SKU-11333;Item 11333 Vídeo - Modelo 34;Vídeo;91;1175.41
1341;SKU-11334;Item 11334 Computadores - Modelo 35;Computadores;98;1178.88
1342;SKU-11335;Item 11335 Redes - Modelo 36;Redes;105;1182.35
1343;SKU-11336;Item 11336 Impressão - Modelo 37;Impressão;112;1185.82
1344;SKU-11337;Item 11337 Acessórios - Modelo 38;Acessórios;119;1189.29
1345;SKU-11338;Item 11338 Armazenamento - Modelo 39;Armazenamento;6;1192.76
1346;SKU-11339;Item 11339 Energia - Modelo 40;Energia;13;1196.23
1347;SKU-11340;Item 11340 Periféricos - Modelo 41;Periféricos;20;1199.70
1348;SKU-11341;Item 11341 Monitores - Modelo 42;Monitores;27;1203.17
1349;SKU-11342;Item 11342 Áudio - Modelo 43;Áudio;34;1206.64
1350;SKU-11343;Item 11343 Vídeo - Modelo 44;Vídeo;41;1210.11
1351;SKU-11344;Item 11344 Computadores - Modelo 45;Computadores;48;1213.58
1352;SKU-11345;Item 11345 Redes - Modelo 46;Redes;55;1217.05
1353;SKU-11346;Item 11346 Impressão - Modelo 47;Impressão;62;1220.52
1354;SKU-11347;Item 11347 Acessórios - Modelo 48;Acessórios;69;1223.99
1355;SKU-11348;Item 11348 Armazenamento - Modelo 49;Armazenamento;76;1227.46
1356;SKU-11349;Item 11349 Energia - Modelo 50;Energia;83;1230.93
1357;SKU-11350;Item 11350 Periféricos - Modelo 51;Periféricos;90;1234.40
1358;SKU-11351;Item 11351 Monitores - Modelo 52;Monitores;97;1237.87
1359;SKU-11352;Item 11352 Áudio - Modelo 53;Áudio;104;1241.34
1360;SKU-11353;Item 11353 Vídeo - Modelo 54;Vídeo;111;1244.81
1361;SKU-11354;Item 11354 Computadores - Modelo 55;Computadores;118;1248.28
1362;SKU-11355;Item 11355 Redes - Modelo 56;Redes;5;1251.75
1363;SKU-11356;Item 11356 Impressão - Modelo 57;Impressão;12;1255.22
1364;SKU-11357;Item 11357 Acessórios - Modelo 58;Acessórios;19;1258.69
1365;SKU-11358;Item 11358 Armazenamento - Modelo 59;Armazenamento;26;1262.16
1366;SKU-11359;Item 11359 Energia - Modelo 60;Energia;33;1265.63
1367;SKU-11360;Item 11360 Periféricos - Modelo 61;Periféricos;40;1269.10
1368;SKU-11361;Item 11361 Monitores - Modelo 62;Monitores;47;1272.57
1369;SKU-11362;Item 11362 Áudio - Modelo 63;Áudio;54;1276.04
1370;SKU-11363;Item 11363 Vídeo - Modelo 64;Vídeo;61;1279.51
1371;SKU-11364;Item 11364 Computadores - Modelo 65;Computadores;68;1282.98
1372;SKU-11365;Item 11365 Redes - Modelo 66;Redes;75;1286.45
1373;SKU-11366;Item 11366 Impressão - Modelo 67;Impressão;82;1289.92
1374;SKU-11367;Item 11367 Acessórios - Modelo 68;Acessórios;89;1293.39
1375;SKU-11368;Item 11368 Armazenamento - Modelo 69;Armazenamento;96;1296.86
1376;SKU-11369;Item 11369 Energia - Modelo 70;Energia;103;1300.33
1377;SKU-11370;Item 11370 Periféricos - Modelo 71;Periféricos;110;1303.80
1378;SKU-11371;Item 11371 Monitores - Modelo 72;Monitores;117;1307.27
1379;SKU-11372;Item 11372 Áudio - Modelo 73;Áudio;4;1310.74
1380;SKU-11373;Item 11373 Vídeo - Modelo 74;Vídeo;11;1314.21
1381;SKU-11374;Item 11374 Computadores - Modelo 75;Computadores;18;1317.68
1382;SKU-11375;Item 11375 Redes - Modelo 76;Redes;25;1321.15
1383;SKU-11376;Item 11376 Impressão - Modelo 77;Impressão;32;1324.62
1384;SKU-11377;Item 11377 Acessórios - Modelo 78;Acessórios;39;1328.09
1385;SKU-11378;Item 11378 Armazenamento - Modelo 79;Armazenamento;46;1331.56
1386;SKU-11379;Item 11379 Energia - Modelo 80;Energia;53;1335.03
1387;SKU-11380;Item 11380 Periféricos - Modelo 81;Periféricos;60;1338.50
1388;SKU-11381;Item 11381 Monitores - Modelo 82;Monitores;67;1341.97
1389;SKU-11382;Item 11382 Áudio - Modelo 83;Áudio;74;1345.44
1390;SKU-11383;Item 11383 Vídeo - Modelo 84;Vídeo;81;1348.91
1391;SKU-11384;Item 11384 Computadores - Modelo 85;Computadores;88;1352.38
1392;SKU-11385;Item 11385 Redes - Modelo 86;Redes;95;1355.85
1393;SKU-11386;Item 11386 Impressão - Modelo 87;Impressão;102;1359.32
1394;SKU-11387;Item 11387 Acessórios - Modelo 88;Acessórios;109;1362.79
1395;SKU-11388;Item 11388 Armazenamento - Modelo 89;Armazenamento;116;1366.26
1396;SKU-11389;Item 11389 Energia - Modelo 90;Energia;3;1369.73
1397;SKU-11390;Item 11390 Periféricos - Modelo 91;Periféricos;10;1373.20
1398;SKU-11391;Item 11391 Monitores - Modelo 92;Monitores;17;1376.67
1399;SKU-11392;Item 11392 Áudio - Modelo 93;Áudio;24;1380.14
1400;SKU-11393;Item 11393 Vídeo - Modelo 94;Vídeo;31;1383.61
1401;SKU-11394;Item 11394 Computadores - Modelo 95;Computadores;38;1387.08
1402;SKU-11395;Item 11395 Redes - Modelo 96;Redes;45;1390.55
1403;SKU-11396;Item 11396 Impressão - Modelo 97;Impressão;52;1394.02
1404;SKU-11397;Item 11397 Acessórios - Modelo 98;Acessórios;59;1397.49
1405;SKU-11398;Item 11398 Armazenamento - Modelo 99;Armazenamento;66;1400.96
1406;SKU-11399;Item 11399 Energia - Modelo 100;Energia;73;1404.43
1407;SKU-11400;Item 11400 Periféricos - Modelo 1;Periféricos;80;1407.90
1408;SKU-11401;Item 11401 Monitores - Modelo 2;Monitores;87;1411.37
1409;SKU-11402;Item 11402 Áudio - Modelo 3;Áudio;94;1414.84
1410;SKU-11403;Item 11403 Vídeo - Modelo 4;Vídeo;101;1418.31
1411;SKU-11404;Item 11404 Computadores - Modelo 5;Computadores;108;1421.78
1412;SKU-11405;Item 11405 Redes - Modelo 6;Redes;115;1425.25
1413;SKU-11406;Item 11406 Impressão - Modelo 7;Impressão;2;1428.72
1414;SKU-11407;Item 11407 Acessórios - Modelo 8;Acessórios;9;1432.19
1415;SKU-11408;Item 11408 Armazenamento - Modelo 9;Armazenamento;16;1435.66
1416;SKU-11409;Item 11409 Energia - Modelo 10;Energia;23;1439.13
1417;SKU-11410;Item 11410 Periféricos - Modelo 11;Periféricos;30;1442.60
1418;SKU-11411;Item 11411 Monitores - Modelo 12;Monitores;37;1446.07
1419;SKU-11412;Item 11412 Áudio - Modelo 13;Áudio;44;1449.54
1420;SKU-11413;Item 11413 Vídeo - Modelo 14;Vídeo;51;1453.01
1421;SKU-11414;Item 11414 Computadores - Modelo 15;Computadores;58;1456.48
1422;SKU-11415;Item 11415 Redes - Modelo 16;Redes;65;1459.95
1423;SKU-11416;Item 11416 Impressão - Modelo 17;Impressão;72;1463.42
1424;SKU-11417;Item 11417 Acessórios - Modelo 18;Acessórios;79;1466.89
1425;SKU-11418;Item 11418 Armazenamento - Modelo 19;Armazenamento;86;1470.36
1426;SKU-11419;Item 11419 Energia - Modelo 20;Energia;93;1473.83
1427;SKU-11420;Item 11420 Periféricos - Modelo 21;Periféricos;100;1477.30
1428;SKU-11421;Item 11421 Monitores - Modelo 22;Monitores;107;1480.77
1429;SKU-11422;Item 11422 Áudio - Modelo 23;Áudio;114;1484.24
1430;SKU-11423;Item 11423 Vídeo - Modelo 24;Vídeo;1;1487.71
1431;SKU-11424;Item 11424 Computadores - Modelo 25;Computadores;8;1491.18
1432;SKU-11425;Item 11425 Redes - Modelo 26;Redes;15;1494.65
1433;SKU-11426;Item 11426 Impressão - Modelo 27;Impressão;22;1498.12
1434;SKU-11427;Item 11427 Acessórios - Modelo 28;Acessórios;29;1501.59
1435;SKU-11428;Item 11428 Armazenamento - Modelo 29;Armazenamento;36;1505.06
1436;SKU-11429;Item 11429 Energia - Modelo 30;Energia;43;1508.53
1437;SKU-11430;Item 11430 Periféricos - Modelo 31;Periféricos;50;1512.00
1438;SKU-11431;Item 11431 Monitores - Modelo 32;Monitores;57;1515.47
1439;SKU-11432;Item 11432 Áudio - Modelo 33;Áudio;64;1518.94
1440;SKU-11433;Item 11433 Vídeo - Modelo 34;Vídeo;71;1522.41
1441;SKU-11434;Item 11434 Computadores - Modelo 35;Computadores;78;1525.88
1442;SKU-11435;Item 11435 Redes - Modelo 36;Redes;85;1529.35
1443;SKU-11436;Item 11436 Impressão - Modelo 37;Impressão;92;1532.82
1444;SKU-11437;Item 11437 Acessórios - Modelo 38;Acessórios;99;1536.29
1445;SKU-11438;Item 11438 Armazenamento - Modelo 39;Armazenamento;106;1539.76
1446;SKU-11439;Item 11439 Energia - Modelo 40;Energia;113;1543.23
1447;SKU-11440;Item 11440 Periféricos - Modelo 41;Periféricos;0;1546.70
1448;SKU-11441;Item 11441 Monitores - Modelo 42;Monitores;7;1550.17
1449;SKU-11442;Item 11442 Áudio - Modelo 43;Áudio;14;1553.64
1450;SKU-11443;Item 11443 Vídeo - Modelo 44;Vídeo;21;1557.11
1451;SKU-11444;Item 11444 Computadores - Modelo 45;Computadores;28;1560.58
1452;SKU-11445;Item 11445 Redes - Modelo 46;Redes;35;1564.05
1453;SKU-11446;Item 11446 Impressão - Modelo 47;Impressão;42;1567.52
1454;SKU-11447;Item 11447 Acessórios - Modelo 48;Acessórios;49;1570.99
1455;SKU-11448;Item 11448 Armazenamento - Modelo 49;Armazenamento;56;1574.46
1456;SKU-11449;Item 11449 Energia - Modelo 50;Energia;63;1577.93
1457;SKU-11450;Item 11450 Periféricos - Modelo 51;Periféricos;70;1581.40
1458;SKU-11451;Item 11451 Monitores - Modelo 52;Monitores;77;1584.87
1459;SKU-11452;Item 11452 Áudio - Modelo 53;Áudio;84;1588.34
1460;SKU-11453;Item 11453 Vídeo - Modelo 54;Vídeo;91;1591.81
1461;SKU-11454;Item 11454 Computadores - Modelo 55;Computadores;98;1595.28
1462;SKU-11455;Item 11455 Redes - Modelo 56;Redes;105;1598.75
1463;SKU-11456;Item 11456 Impressão - Modelo 57;Impressão;112;1602.22
1464;SKU-11457;Item 11457 Acessórios - Modelo 58;Acessórios;119;1605.69
1465;SKU-11458;Item 11458 Armazenamento - Modelo 59;Armazenamento;6;1609.16
1466;SKU-11459;Item 11459 Energia - Modelo 60;Energia;13;1612.63
1467;SKU-11460;Item 11460 Periféricos - Modelo 61;Periféricos;20;1616.10
1468;SKU-11461;Item 11461 Monitores - Modelo 62;Monitores;27;1619.57
1469;SKU-11462;Item 11462 Áudio - Modelo 63;Áudio;34;1623.04
1470;SKU-11463;Item 11463 Vídeo - Modelo 64;Vídeo;41;1626.51
1471;SKU-11464;Item 11464 Computadores - Modelo 65;Computadores;48;1629.98
1472;SKU-11465;Item 11465 Redes - Modelo 66;Redes;55;1633.45
1473;SKU-11466;Item 11466 Impressão - Modelo 67;Impressão;62;1636.92
1474;SKU-11467;Item 11467 Acessórios - Modelo 68;Acessórios;69;1640.39
1475;SKU-11468;Item 11468 Armazenamento - Modelo 69;Armazenamento;76;1643.86
1476;SKU-11469;Item 11469 Energia - Modelo 70;Energia;83;1647.33
1477;SKU-11470;Item 11470 Periféricos - Modelo 71;Periféricos;90;1650.80
1478;SKU-11471;Item 11471 Monitores - Modelo 72;Monitores;97;1654.27
1479;SKU-11472;Item 11472 Áudio - Modelo 73;Áudio;104;1657.74
1480;SKU-11473;Item 11473 Vídeo - Modelo 74;Vídeo;111;1661.21
1481;SKU-11474;Item 11474 Computadores - Modelo 75;Computadores;118;1664.68
1482;SKU-11475;Item 11475 Redes - Modelo 76;Redes;5;1668.15
1483;SKU-11476;Item 11476 Impressão - Modelo 77;Impressão;12;1671.62
1484;SKU-11477;Item 11477 Acessórios - Modelo 78;Acessórios;19;1675.09
1485;SKU-11478;Item 11478 Armazenamento - Modelo 79;Armazenamento;26;1678.56
1486;SKU-11479;Item 11479 Energia - Modelo 80;Energia;33;1682.03
1487;SKU-11480;Item 11480 Periféricos - Modelo 81;Periféricos;40;1685.50
1488;SKU-11481;Item 11481 Monitores - Modelo 82;Monitores;47;1688.97
1489;SKU-11482;Item 11482 Áudio - Modelo 83;Áudio;54;1692.44
1490;SKU-11483;Item 11483 Vídeo - Modelo 84;Vídeo;61;1695.91
1491;SKU-11484;Item 11484 Computadores - Modelo 85;Computadores;68;1699.38
1492;SKU-11485;Item 11485 Redes - Modelo 86;Redes;75;1702.85
1493;SKU-11486;Item 11486 Impressão - Modelo 87;Impressão;82;1706.32
1494;SKU-11487;Item 11487 Acessórios - Modelo 88;Acessórios;89;1709.79
1495;SKU-11488;Item 11488 Armazenamento - Modelo 89;Armazenamento;96;1713.26
1496;SKU-11489;Item 11489 Energia - Modelo 90;Energia;103;1716.73
1497;SKU-11490;Item 11490 Periféricos - Modelo 91;Periféricos;110;1720.20
1498;SKU-11491;Item 11491 Monitores - Modelo 92;Monitores;117;1723.67
1499;SKU-11492;Item 11492 Áudio - Modelo 93;Áudio;4;1727.14
1500;SKU-11493;Item 11493 Vídeo - Modelo 94;Vídeo;11;1730.61
1501;SKU-11494;Item 11494 Computadores - Modelo 95;Computadores;18;1734.08
1502;SKU-11495;Item 11495 Redes - Modelo 96;Redes;25;1737.55
1503;SKU-11496;Item 11496 Impressão - Modelo 97;Impressão;32;1741.02
1504;SKU-11497;Item 11497 Acessórios - Modelo 98;Acessórios;39;1744.49
1505;SKU-11498;Item 11498 Armazenamento - Modelo 99;Armazenamento;46;1747.96
1506;SKU-11499;Item 11499 Energia - Modelo 100;Energia;53;1751.43
1507;SKU-11500;Item 11500 Periféricos - Modelo 1;Periféricos;60;19.90
1508;SKU-11501;Item 11501 Monitores - Modelo 2;Monitores;67;23.37
1509;SKU-11502;Item 11502 Áudio - Modelo 3;Áudio;74;26.84
1510;SKU-11503;Item 11503 Vídeo - Modelo 4;Vídeo;81;30.31
1511;SKU-11504;Item 11504 Computadores - Modelo 5;Computadores;88;33.78
1512;SKU-11505;Item 11505 Redes - Modelo 6;Redes;95;37.25
1513;SKU-11506;Item 11506 Impressão - Modelo 7;Impressão;102;40.72
1514;SKU-11507;Item 11507 Acessórios - Modelo 8;Acessórios;109;44.19
1515;SKU-11508;Item 11508 Armazenamento - Modelo 9;Armazenamento;116;47.66
1516;SKU-11509;Item 11509 Energia - Modelo 10;Energia;3;51.13
1517;SKU-11510;Item 11510 Periféricos - Modelo 11;Periféricos;10;54.60
1518;SKU-11511;Item 11511 Monitores - Modelo 12;Monitores;17;58.07
1519;SKU-11512;Item 11512 Áudio - Modelo 13;Áudio;24;61.54
1520;SKU-11513;Item 11513 Vídeo - Modelo 14;Vídeo;31;65.01
1521;SKU-11514;Item 11514 Computadores - Modelo 15;Computadores;38;68.48
1522;SKU-11515;Item 11515 Redes - Modelo 16;Redes;45;71.95
1523;SKU-11516;Item 11516 Impressão - Modelo 17;Impressão;52;75.42
1524;SKU-11517;Item 11517 Acessórios - Modelo 18;Acessórios;59;78.89
1525;SKU-11518;Item 11518 Armazenamento - Modelo 19;Armazenamento;66;82.36
1526;SKU-11519;Item 11519 Energia - Modelo 20;Energia;73;85.83
1527;SKU-11520;Item 11520 Periféricos - Modelo 21;Periféricos;80;89.30
1528;SKU-11521;Item 11521 Monitores - Modelo 22;Monitores;87;92.77
1529;SKU-11522;Item 11522 Áudio - Modelo 23;Áudio;94;96.24
1530;SKU-11523;Item 11523 Vídeo - Modelo 24;Vídeo;101;99.71
1531;SKU-11524;Item 11524 Computadores - Modelo 25;Computadores;108;103.18
1532;SKU-11525;Item 11525 Redes - Modelo 26;Redes;115;106.65
1533;SKU-11526;Item 11526 Impressão - Modelo 27;Impressão;2;110.12
1534;SKU-11527;Item 11527 Acessórios - Modelo 28;Acessórios;9;113.59
1535;SKU-11528;Item 11528 Armazenamento - Modelo 29;Armazenamento;16;117.06
1536;SKU-11529;Item 11529 Energia - Modelo 30;Energia;23;120.53
1537;SKU-11530;Item 11530 Periféricos - Modelo 31;Periféricos;30;124.00
1538;SKU-11531;Item 11531 Monitores - Modelo 32;Monitores;37;127.47
1539;SKU-11532;Item 11532 Áudio - Modelo 33;Áudio;44;130.94
1540;SKU-11533;Item 11533 Vídeo - Modelo 34;Vídeo;51;134.41
1541;SKU-11534;Item 11534 Computadores - Modelo 35;Computadores;58;137.88
1542;SKU-11535;Item 11535 Redes - Modelo 36;Redes;65;141.35
1543;SKU-11536;Item 11536 Impressão - Modelo 37;Impressão;72;144.82
1544;SKU-11537;Item 11537 Acessórios - Modelo 38;Acessórios;79;148.29
1545;SKU-11538;Item 11538 Armazenamento - Modelo 39;Armazenamento;86;151.76
1546;SKU-11539;Item 11539 Energia - Modelo 40;Energia;93;155.23
1547;SKU-11540;Item 11540 Periféricos - Modelo 41;Periféricos;100;158.70
1548;SKU-11541;Item 11541 Monitores - Modelo 42;Monitores;107;162.17
1549;SKU-11542;Item 11542 Áudio - Modelo 43;Áudio;114;165.64
1550;SKU-11543;Item 11543 Vídeo - Modelo 44;Vídeo;1;169.11
1551;SKU-11544;Item 11544 Computadores - Modelo 45;Computadores;8;172.58
1552;SKU-11545;Item 11545 Redes - Modelo 46;Redes;15;176.05
1553;SKU-11546;Item 11546 Impressão - Modelo 47;Impressão;22;179.52
1554;SKU-11547;Item 11547 Acessórios - Modelo 48;Acessórios;29;182.99
1555;SKU-11548;Item 11548 Armazenamento - Modelo 49;Armazenamento;36;186.46
1556;SKU-11549;Item 11549 Energia - Modelo 50;Energia;43;189.93
1557;SKU-11550;Item 11550 Periféricos - Modelo 51;Periféricos;50;193.40
1558;SKU-11551;Item 11551 Monitores - Modelo 52;Monitores;57;196.87
1559;SKU-11552;Item 11552 Áudio - Modelo 53;Áudio;64;200.34
1560;SKU-11553;Item 11553 Vídeo - Modelo 54;Vídeo;71;203.81
1561;SKU-11554;Item 11554 Computadores - Modelo 55;Computadores;78;207.28
1562;SKU-11555;Item 11555 Redes - Modelo 56;Redes;85;210.75
1563;SKU-11556;Item 11556 Impressão - Modelo 57;Impressão;92;214.22
1564;SKU-11557;Item 11557 Acessórios - Modelo 58;Acessórios;99;217.69
1565;SKU-11558;Item 11558 Armazenamento - Modelo 59;Armazenamento;106;221.16
1566;SKU-11559;Item 11559 Energia - Modelo 60;Energia;113;224.63
1567;SKU-11560;Item 11560 Periféricos - Modelo 61;Periféricos;0;228.10
1568;SKU-11561;Item 11561 Monitores - Modelo 62;Monitores;7;231.57
1569;SKU-11562;Item 11562 Áudio - Modelo 63;Áudio;14;235.04
1570;SKU-11563;Item 11563 Vídeo - Modelo 64;Vídeo;21;238.51
1571;SKU-11564;Item 11564 Computadores - Modelo 65;Computadores;28;241.98
1572;SKU-11565;Item 11565 Redes - Modelo 66;Redes;35;245.45
1573;SKU-11566;Item 11566 Impressão - Modelo 67;Impressão;42;248.92
1574;SKU-11567;Item 11567 Acessórios - Modelo 68;Acessórios;49;252.39
1575;SKU-11568;Item 11568 Armazenamento - Modelo 69;Armazenamento;56;255.86
1576;SKU-11569;Item 11569 Energia - Modelo 70;Energia;63;259.33
1577;SKU-11570;Item 11570 Periféricos - Modelo 71;Periféricos;70;262.80
1578;SKU-11571;Item 11571 Monitores - Modelo 72;Monitores;77;266.27
1579;SKU-11572;Item 11572 Áudio - Modelo 73;Áudio;84;269.74
1580;SKU-11573;Item 11573 Vídeo - Modelo 74;Vídeo;91;273.21
1581;SKU-11574;Item 11574 Computadores - Modelo 75;Computadores;98;276.68
1582;SKU-11575;Item 11575 Redes - Modelo 76;Redes;105;280.15
1583;SKU-11576;Item 11576 Impressão - Modelo 77;Impressão;112;283.62
1584;SKU-11577;Item 11577 Acessórios - Modelo 78;Acessórios;119;287.09
1585;SKU-11578;Item 11578 Armazenamento - Modelo 79;Armazenamento;6;290.56
1586;SKU-11579;Item 11579 Energia - Modelo 80;Energia;13;294.03
1587;SKU-11580;Item 11580 Periféricos - Modelo 81;Periféricos;20;297.50
1588;SKU-11581;Item 11581 Monitores - Modelo 82;Monitores;27;300.97
1589;SKU-11582;Item 11582 Áudio - Modelo 83;Áudio;34;304.44
1590;SKU-11583;Item 11583 Vídeo - Modelo 84;Vídeo;41;307.91
1591;SKU-11584;Item 11584 Computadores - Modelo 85;Computadores;48;311.38
1592;SKU-11585;Item 11585 Redes - Modelo 86;Redes;55;314.85
1593;SKU-11586;Item 11586 Impressão - Modelo 87;Impressão;62;318.32
1594;SKU-11587;Item 11587 Acessórios - Modelo 88;Acessórios;69;321.79
1595;SKU-11588;Item 11588 Armazenamento - Modelo 89;Armazenamento;76;325.26
1596;SKU-11589;Item 11589 Energia - Modelo 90;Energia;83;328.73
1597;SKU-11590;Item 11590 Periféricos - Modelo 91;Periféricos;90;332.20
1598;SKU-11591;Item 11591 Monitores - Modelo 92;Monitores;97;335.67
1599;SKU-11592;Item 11592 Áudio - Modelo 93;Áudio;104;339.14
1600;SKU-11593;Item 11593 Vídeo - Modelo 94;Vídeo;111;342.61
1601;SKU-11594;Item 11594 Computadores - Modelo 95;Computadores;118;346.08
1602;SKU-11595;Item 11595 Redes - Modelo 96;Redes;5;349.55
1603;SKU-11596;Item 11596 Impressão - Modelo 97;Impressão;12;353.02
1604;SKU-11597;Item 11597 Acessórios - Modelo 98;Acessórios;19;356.49
1605;SKU-11598;Item 11598 Armazenamento - Modelo 99;Armazenamento;26;359.96
1606;SKU-11599;Item 11599 Energia - Modelo 100;Energia;33;363.43
1607;SKU-11600;Item 11600 Periféricos - Modelo 1;Periféricos;40;366.90
1608;SKU-11601;Item 11601 Monitores - Modelo 2;Monitores;47;370.37
1609;SKU-11602;Item 11602 Áudio - Modelo 3;Áudio;54;373.84
1610;SKU-11603;Item 11603 Vídeo - Modelo 4;Vídeo;61;377.31
1611;SKU-11604;Item 11604 Computadores - Modelo 5;Computadores;68;380.78
1612;SKU-11605;Item 11605 Redes - Modelo 6;Redes;75;384.25
1613;SKU-11606;Item 11606 Impressão - Modelo 7;Impressão;82;387.72
1614;SKU-11607;Item 11607 Acessórios - Modelo 8;Acessórios;89;391.19
1615;SKU-11608;Item 11608 Armazenamento - Modelo 9;Armazenamento;96;394.66
1616;SKU-11609;Item 11609 Energia - Modelo 10;Energia;103;398.13
1617;SKU-11610;Item 11610 Periféricos - Modelo 11;Periféricos;110;401.60
1618;SKU-11611;Item 11611 Monitores - Modelo 12;Monitores;117;405.07
1619;SKU-11612;Item 11612 Áudio - Modelo 13;Áudio;4;408.54
1620;SKU-11613;Item 11613 Vídeo - Modelo 14;Vídeo;11;412.01
1621;SKU-11614;Item 11614 Computadores - Modelo 15;Computadores;18;415.48
1622;SKU-11615;Item 11615 Redes - Modelo 16;Redes;25;418.95
1623;SKU-11616;Item 11616 Impressão - Modelo 17;Impressão;32;422.42
1624;SKU-11617;Item 11617 Acessórios - Modelo 18;Acessórios;39;425.89
1625;SKU-11618;Item 11618 Armazenamento - Modelo 19;Armazenamento;46;429.36
1626;SKU-11619;Item 11619 Energia - Modelo 20;Energia;53;432.83
1627;SKU-11620;Item 11620 Periféricos - Modelo 21;Periféricos;60;436.30
1628;SKU-11621;Item 11621 Monitores - Modelo 22;Monitores;67;439.77
1629;SKU-11622;Item 11622 Áudio - Modelo 23;Áudio;74;443.24
1630;SKU-11623;Item 11623 Vídeo - Modelo 24;Vídeo;81;446.71
1631;SKU-11624;Item 11624 Computadores - Modelo 25;Computadores;88;450.18
1632;SKU-11625;Item 11625 Redes - Modelo 26;Redes;95;453.65
1633;SKU-11626;Item 11626 Impressão - Modelo 27;Impressão;102;457.12
1634;SKU-11627;Item 11627 Acessórios - Modelo 28;Acessórios;109;460.59
1635;SKU-11628;Item 11628 Armazenamento - Modelo 29;Armazenamento;116;464.06
1636;SKU-11629;Item 11629 Energia - Modelo 30;Energia;3;467.53
1637;SKU-11630;Item 11630 Periféricos - Modelo 31;Periféricos;10;471.00
1638;SKU-11631;Item 11631 Monitores - Modelo 32;Monitores;17;474.47
1639;SKU-11632;Item 11632 Áudio - Modelo 33;Áudio;24;477.94
1640;SKU-11633;Item 11633 Vídeo - Modelo 34;Vídeo;31;481.41
1641;SKU-11634;Item 11634 Computadores - Modelo 35;Computadores;38;484.88
1642;SKU-11635;Item 11635 Redes - Modelo 36;Redes;45;488.35
1643;SKU-11636;Item 11636 Impressão - Modelo 37;Impressão;52;491.82
1644;SKU-11637;Item 11637 Acessórios - Modelo 38;Acessórios;59;495.29
1645;SKU-11638;Item 11638 Armazenamento - Modelo 39;Armazenamento;66;498.76
1646;SKU-11639;Item 11639 Energia - Modelo 40;Energia;73;502.23
1647;SKU-11640;Item 11640 Periféricos - Modelo 41;Periféricos;80;505.70
1648;SKU-11641;Item 11641 Monitores - Modelo 42;Monitores;87;509.17
1649;SKU-11642;Item 11642 Áudio - Modelo 43;Áudio;94;512.64
1650;SKU-11643;Item 11643 Vídeo - Modelo 44;Vídeo;101;516.11
1651;SKU-11644;Item 11644 Computadores - Modelo 45;Computadores;108;519.58
1652;SKU-11645;Item 11645 Redes - Modelo 46;Redes;115;523.05
1653;SKU-11646;Item 11646 Impressão - Modelo 47;Impressão;2;526.52
1654;SKU-11647;Item 11647 Acessórios - Modelo 48;Acessórios;9;529.99
1655;SKU-11648;Item 11648 Armazenamento - Modelo 49;Armazenamento;16;533.46
1656;SKU-11649;Item 11649 Energia - Modelo 50;Energia;23;536.93
1657;SKU-11650;Item 11650 Periféricos - Modelo 51;Periféricos;30;540.40
1658;SKU-11651;Item 11651 Monitores - Modelo 52;Monitores;37;543.87
1659;SKU-11652;Item 11652 Áudio - Modelo 53;Áudio;44;547.34
1660;SKU-11653;Item 11653 Vídeo - Modelo 54;Vídeo;51;550.81
1661;SKU-11654;Item 11654 Computadores - Modelo 55;Computadores;58;554.28
1662;SKU-11655;Item 11655 Redes - Modelo 56;Redes;65;557.75
1663;SKU-11656;Item 11656 Impressão - Modelo 57;Impressão;72;561.22
1664;SKU-11657;Item 11657 Acessórios - Modelo 58;Acessórios;79;564.69
1665;SKU-11658;Item 11658 Armazenamento - Modelo 59;Armazenamento;86;568.16
1666;SKU-11659;Item 11659 Energia - Modelo 60;Energia;93;571.63
1667;SKU-11660;Item 11660 Periféricos - Modelo 61;Periféricos;100;575.10
1668;SKU-11661;Item 11661 Monitores - Modelo 62;Monitores;107;578.57
1669;SKU-11662;Item 11662 Áudio - Modelo 63;Áudio;114;582.04
1670;SKU-11663;Item 11663 Vídeo - Modelo 64;Vídeo;1;585.51
1671;SKU-11664;Item 11664 Computadores - Modelo 65;Computadores;8;588.98
1672;SKU-11665;Item 11665 Redes - Modelo 66;Redes;15;592.45
1673;SKU-11666;Item 11666 Impressão - Modelo 67;Impressão;22;595.92
1674;SKU-11667;Item 11667 Acessórios - Modelo 68;Acessórios;29;599.39
1675;SKU-11668;Item 11668 Armazenamento - Modelo 69;Armazenamento;36;602.86
1676;SKU-11669;Item 11669 Energia - Modelo 70;Energia;43;606.33
1677;SKU-11670;Item 11670 Periféricos - Modelo 71;Periféricos;50;609.80
1678;SKU-11671;Item 11671 Monitores - Modelo 72;Monitores;57;613.27
1679;SKU-11672;Item 11672 Áudio - Modelo 73;Áudio;64;616.74
1680;SKU-11673;Item 11673 Vídeo - Modelo 74;Vídeo;71;620.21
1681;SKU-11674;Item 11674 Computadores - Modelo 75;Computadores;78;623.68
1682;SKU-11675;Item 11675 Redes - Modelo 76;Redes;85;627.15
1683;SKU-11676;Item 11676 Impressão - Modelo 77;Impressão;92;630.62
1684;SKU-11677;Item 11677 Acessórios - Modelo 78;Acessórios;99;634.09
1685;SKU-11678;Item 11678 Armazenamento - Modelo 79;Armazenamento;106;637.56
1686;SKU-11679;Item 11679 Energia - Modelo 80;Energia;113;641.03
1687;SKU-11680;Item 11680 Periféricos - Modelo 81;Periféricos;0;644.50
1688;SKU-11681;Item 11681 Monitores - Modelo 82;Monitores;7;647.97
1689;SKU-11682;Item 11682 Áudio - Modelo 83;Áudio;14;651.44
1690;SKU-11683;Item 11683 Vídeo - Modelo 84;Vídeo;21;654.91
1691;SKU-11684;Item 11684 Computadores - Modelo 85;Computadores;28;658.38
1692;SKU-11685;Item 11685 Redes - Modelo 86;Redes;35;661.85
1693;SKU-11686;Item 11686 Impressão - Modelo 87;Impressão;42;665.32
1694;SKU-11687;Item 11687 Acessórios - Modelo 88;Acessórios;49;668.79
1695;SKU-11688;Item 11688 Armazenamento - Modelo 89;Armazenamento;56;672.26
1696;SKU-11689;Item 11689 Energia - Modelo 90;Energia;63;675.73
1697;SKU-11690;Item 11690 Periféricos - Modelo 91;Periféricos;70;679.20
1698;SKU-11691;Item 11691 Monitores - Modelo 92;Monitores;77;682.67
1699;SKU-11692;Item 11692 Áudio - Modelo 93;Áudio;84;686.14
1700;SKU-11693;Item 11693 Vídeo - Modelo 94;Vídeo;91;689.61
1701;SKU-11694;Item 11694 Computadores - Modelo 95;Computadores;98;693.08
1702;SKU-11695;Item 11695 Redes - Modelo 96;Redes;105;696.55
1703;SKU-11696;Item 11696 Impressão - Modelo 97;Impressão;112;700.02
1704;SKU-11697;Item 11697 Acessórios - Modelo 98;Acessórios;119;703.49
1705;SKU-11698;Item 11698 Armazenamento - Modelo 99;Armazenamento;6;706.96
1706;SKU-11699;Item 11699 Energia - Modelo 100;Energia;13;710.43
1707;SKU-11700;Item 11700 Periféricos - Modelo 1;Periféricos;20;713.90
1708;SKU-11701;Item 11701 Monitores - Modelo 2;Monitores;27;717.37
1709;SKU-11702;Item 11702 Áudio - Modelo 3;Áudio;34;720.84
1710;SKU-11703;Item 11703 Vídeo - Modelo 4;Vídeo;41;724.31
1711;SKU-11704;Item 11704 Computadores - Modelo 5;Computadores;48;727.78
1712;SKU-11705;Item 11705 Redes - Modelo 6;Redes;55;731.25
1713;SKU-11706;Item 11706 Impressão - Modelo 7;Impressão;62;734.72
1714;SKU-11707;Item 11707 Acessórios - Modelo 8;Acessórios;69;738.19
1715;SKU-11708;Item 11708 Armazenamento - Modelo 9;Armazenamento;76;741.66
1716;SKU-11709;Item 11709 Energia - Modelo 10;Energia;83;745.13
1717;SKU-11710;Item 11710 Periféricos - Modelo 11;Periféricos;90;748.60
1718;SKU-11711;Item 11711 Monitores - Modelo 12;Monitores;97;752.07
1719;SKU-11712;Item 11712 Áudio - Modelo 13;Áudio;104;755.54
1720;SKU-11713;Item 11713 Vídeo - Modelo 14;Vídeo;111;759.01
1721;SKU-11714;Item 11714 Computadores - Modelo 15;Computadores;118;762.48
1722;SKU-11715;Item 11715 Redes - Modelo 16;Redes;5;765.95
1723;SKU-11716;Item 11716 Impressão - Modelo 17;Impressão;12;769.42
1724;SKU-11717;Item 11717 Acessórios - Modelo 18;Acessórios;19;772.89
1725;SKU-11718;Item 11718 Armazenamento - Modelo 19;Armazenamento;26;776.36
1726;SKU-11719;Item 11719 Energia - Modelo 20;Energia;33;779.83
1727;SKU-11720;Item 11720 Periféricos - Modelo 21;Periféricos;40;783.30
1728;SKU-11721;Item 11721 Monitores - Modelo 22;Monitores;47;786.77
1729;SKU-11722;Item 11722 Áudio - Modelo 23;Áudio;54;790.24
1730;SKU-11723;Item 11723 Vídeo - Modelo 24;Vídeo;61;793.71
1731;SKU-11724;Item 11724 Computadores - Modelo 25;Computadores;68;797.18
1732;SKU-11725;Item 11725 Redes - Modelo 26;Redes;75;800.65
1733;SKU-11726;Item 11726 Impressão - Modelo 27;Impressão;82;804.12
1734;SKU-11727;Item 11727 Acessórios - Modelo 28;Acessórios;89;807.59
1735;SKU-11728;Item 11728 Armazenamento - Modelo 29;Armazenamento;96;811.06
1736;SKU-11729;Item 11729 Energia - Modelo 30;Energia;103;814.53
1737;SKU-11730;Item 11730 Periféricos - Modelo 31;Periféricos;110;818.00
1738;SKU-11731;Item 11731 Monitores - Modelo 32;Monitores;117;821.47
1739;SKU-11732;Item 11732 Áudio - Modelo 33;Áudio;4;824.94
1740;SKU-11733;Item 11733 Vídeo - Modelo 34;Vídeo;11;828.41
1741;SKU-11734;Item 11734 Computadores - Modelo 35;Computadores;18;831.88
1742;SKU-11735;Item 11735 Redes - Modelo 36;Redes;25;835.35
1743;SKU-11736;Item 11736 Impressão - Modelo 37;Impressão;32;838.82
1744;SKU-11737;Item 11737 Acessórios - Modelo 38;Acessórios;39;842.29
1745;SKU-11738;Item 11738 Armazenamento - Modelo 39;Armazenamento;46;845.76
1746;SKU-11739;Item 11739 Energia - Modelo 40;Energia;53;849.23
1747;SKU-11740;Item 11740 Periféricos - Modelo 41;Periféricos;60;852.70
1748;SKU-11741;Item 11741 Monitores - Modelo 42;Monitores;67;856.17
1749;SKU-11742;Item 11742 Áudio - Modelo 43;Áudio;74;859.64
1750;SKU-11743;Item 11743 Vídeo - Modelo 44;Vídeo;81;863.11
1751;SKU-11744;Item 11744 Computadores - Modelo 45;Computadores;88;866.58
1752;SKU-11745;Item 11745 Redes - Modelo 46;Redes;95;870.05
1753;SKU-11746;Item 11746 Impressão - Modelo 47;Impressão;102;873.52
1754;SKU-11747;Item 11747 Acessórios - Modelo 48;Acessórios;109;876.99
1755;SKU-11748;Item 11748 Armazenamento - Modelo 49;Armazenamento;116;880.46
1756;SKU-11749;Item 11749 Energia - Modelo 50;Energia;3;883.93
1757;SKU-11750;Item 11750 Periféricos - Modelo 51;Periféricos;10;887.40
1758;SKU-11751;Item 11751 Monitores - Modelo 52;Monitores;17;890.87
1759;SKU-11752;Item 11752 Áudio - Modelo 53;Áudio;24;894.34
1760;SKU-11753;Item 11753 Vídeo - Modelo 54;Vídeo;31;897.81
1761;SKU-11754;Item 11754 Computadores - Modelo 55;Computadores;38;901.28
1762;SKU-11755;Item 11755 Redes - Modelo 56;Redes;45;904.75
1763;SKU-11756;Item 11756 Impressão - Modelo 57;Impressão;52;908.22
1764;SKU-11757;Item 11757 Acessórios - Modelo 58;Acessórios;59;911.69
1765;SKU-11758;Item 11758 Armazenamento - Modelo 59;Armazenamento;66;915.16
1766;SKU-11759;Item 11759 Energia - Modelo 60;Energia;73;918.63
1767;SKU-11760;Item 11760 Periféricos - Modelo 61;Periféricos;80;922.10
1768;SKU-11761;Item 11761 Monitores - Modelo 62;Monitores;87;925.57
1769;SKU-11762;Item 11762 Áudio - Modelo 63;Áudio;94;929.04
1770;SKU-11763;Item 11763 Vídeo - Modelo 64;Vídeo;101;932.51
1771;SKU-11764;Item 11764 Computadores - Modelo 65;Computadores;108;935.98
1772;SKU-11765;Item 11765 Redes - Modelo 66;Redes;115;939.45
1773;SKU-11766;Item 11766 Impressão - Modelo 67;Impressão;2;942.92
1774;SKU-11767;Item 11767 Acessórios - Modelo 68;Acessórios;9;946.39
1775;SKU-11768;Item 11768 Armazenamento - Modelo 69;Armazenamento;16;949.86
1776;SKU-11769;Item 11769 Energia - Modelo 70;Energia;23;953.33
1777;SKU-11770;Item 11770 Periféricos - Modelo 71;Periféricos;30;956.80
1778;SKU-11771;Item 11771 Monitores - Modelo 72;Monitores;37;960.27
1779;SKU-11772;Item 11772 Áudio - Modelo 73;Áudio;44;963.74
1780;SKU-11773;Item 11773 Vídeo - Modelo 74;Vídeo;51;967.21
1781;SKU-11774;Item 11774 Computadores - Modelo 75;Computadores;58;970.68
1782;SKU-11775;Item 11775 Redes - Modelo 76;Redes;65;974.15
1783;SKU-11776;Item 11776 Impressão - Modelo 77;Impressão;72;977.62
1784;SKU-11777;Item 11777 Acessórios - Modelo 78;Acessórios;79;981.09
1785;SKU-11778;Item 11778 Armazenamento - Modelo 79;Armazenamento;86;984.56
1786;SKU-11779;Item 11779 Energia - Modelo 80;Energia;93;988.03
1787;SKU-11780;Item 11780 Periféricos - Modelo 81;Periféricos;100;991.50
1788;SKU-11781;Item 11781 Monitores - Modelo 82;Monitores;107;994.97
1789;SKU-11782;Item 11782 Áudio - Modelo 83;Áudio;114;998.44
1790;SKU-11783;Item 11783 Vídeo - Modelo 84;Vídeo;1;1001.91
1791;SKU-11784;Item 11784 Computadores - Modelo 85;Computadores;8;1005.38
1792;SKU-11785;Item 11785 Redes - Modelo 86;Redes;15;1008.85
1793;SKU-11786;Item 11786 Impressão - Modelo 87;Impressão;22;1012.32
1794;SKU-11787;Item 11787 Acessórios - Modelo 88;Acessórios;29;1015.79
1795;SKU-11788;Item 11788 Armazenamento - Modelo 89;Armazenamento;36;1019.26
1796;SKU-11789;Item 11789 Energia - Modelo 90;Energia;43;1022.73
1797;SKU-11790;Item 11790 Periféricos - Modelo 91;Periféricos;50;1026.20
1798;SKU-11791;Item 11791 Monitores - Modelo 92;Monitores;57;1029.67
1799;SKU-11792;Item 11792 Áudio - Modelo 93;Áudio;64;1033.14
1800;SKU-11793;Item 11793 Vídeo - Modelo 94;Vídeo;71;1036.61
1801;SKU-11794;Item 11794 Computadores - Modelo 95;Computadores;78;1040.08
1802;SKU-11795;Item 11795 Redes - Modelo 96;Redes;85;1043.55
1803;SKU-11796;Item 11796 Impressão - Modelo 97;Impressão;92;1047.02
1804;SKU-11797;Item 11797 Acessórios - Modelo 98;Acessórios;99;1050.49
1805;SKU-11798;Item 11798 Armazenamento - Modelo 99;Armazenamento;106;1053.96
1806;SKU-11799;Item 11799 Energia - Modelo 100;Energia;113;1057.43
1807;SKU-11800;Item 11800 Periféricos - Modelo 1;Periféricos;0;1060.90
1808;SKU-11801;Item 11801 Monitores - Modelo 2;Monitores;7;1064.37
1809;SKU-11802;Item 11802 Áudio - Modelo 3;Áudio;14;1067.84
1810;SKU-11803;Item 11803 Vídeo - Modelo 4;Vídeo;21;1071.31
1811;SKU-11804;Item 11804 Computadores - Modelo 5;Computadores;28;1074.78
1812;SKU-11805;Item 11805 Redes - Modelo 6;Redes;35;1078.25
1813;SKU-11806;Item 11806 Impressão - Modelo 7;Impressão;42;1081.72
1814;SKU-11807;Item 11807 Acessórios - Modelo 8;Acessórios;49;1085.19
1815;SKU-11808;Item 11808 Armazenamento - Modelo 9;Armazenamento;56;1088.66
1816;SKU-11809;Item 11809 Energia - Modelo 10;Energia;63;1092.13
1817;SKU-11810;Item 11810 Periféricos - Modelo 11;Periféricos;70;1095.60
1818;SKU-11811;Item 11811 Monitores - Modelo 12;Monitores;77;1099.07
1819;SKU-11812;Item 11812 Áudio - Modelo 13;Áudio;84;1102.54
1820;SKU-11813;Item 11813 Vídeo - Modelo 14;Vídeo;91;1106.01
1821;SKU-11814;Item 11814 Computadores - Modelo 15;Computadores;98;1109.48
1822;SKU-11815;Item 11815 Redes - Modelo 16;Redes;105;1112.95
1823;SKU-11816;Item 11816 Impressão - Modelo 17;Impressão;112;1116.42
1824;SKU-11817;Item 11817 Acessórios - Modelo 18;Acessórios;119;1119.89
1825;SKU-11818;Item 11818 Armazenamento - Modelo 19;Armazenamento;6;1123.36
1826;SKU-11819;Item 11819 Energia - Modelo 20;Energia;13;1126.83
1827;SKU-11820;Item 11820 Periféricos - Modelo 21;Periféricos;20;1130.30
1828;SKU-11821;Item 11821 Monitores - Modelo 22;Monitores;27;1133.77
1829;SKU-11822;Item 11822 Áudio - Modelo 23;Áudio;34;1137.24
1830;SKU-11823;Item 11823 Vídeo - Modelo 24;Vídeo;41;1140.71
1831;SKU-11824;Item 11824 Computadores - Modelo 25;Computadores;48;1144.18
1832;SKU-11825;Item 11825 Redes - Modelo 26;Redes;55;1147.65
1833;SKU-11826;Item 11826 Impressão - Modelo 27;Impressão;62;1151.12
1834;SKU-11827;Item 11827 Acessórios - Modelo 28;Acessórios;69;1154.59
1835;SKU-11828;Item 11828 Armazenamento - Modelo 29;Armazenamento;76;1158.06
1836;SKU-11829;Item 11829 Energia - Modelo 30;Energia;83;1161.53
1837;SKU-11830;Item 11830 Periféricos - Modelo 31;Periféricos;90;1165.00
1838;SKU-11831;Item 11831 Monitores - Modelo 32;Monitores;97;1168.47
1839;SKU-11832;Item 11832 Áudio - Modelo 33;Áudio;104;1171.94
1840;SKU-11833;Item 11833 Vídeo - Modelo 34;Vídeo;111;1175.41
1841;SKU-11834;Item 11834 Computadores - Modelo 35;Computadores;118;1178.88
1842;SKU-11835;Item 11835 Redes - Modelo 36;Redes;5;1182.35
1843;SKU-11836;Item 11836 Impressão - Modelo 37;Impressão;12;1185.82
1844;SKU-11837;Item 11837 Acessórios - Modelo 38;Acessórios;19;1189.29
1845;SKU-11838;Item 11838 Armazenamento - Modelo 39;Armazenamento;26;1192.76
1846;SKU-11839;Item 11839 Energia - Modelo 40;Energia;33;1196.23
1847;SKU-11840;Item 11840 Periféricos - Modelo 41;Periféricos;40;1199.70
1848;SKU-11841;Item 11841 Monitores - Modelo 42;Monitores;47;1203.17
1849;SKU-11842;Item 11842 Áudio - Modelo 43;Áudio;54;1206.64
1850;SKU-11843;Item 11843 Vídeo - Modelo 44;Vídeo;61;1210.11
1851;SKU-11844;Item 11844 Computadores - Modelo 45;Computadores;68;1213.58
1852;SKU-11845;Item 11845 Redes - Modelo 46;Redes;75;1217.05
1853;SKU-11846;Item 11846 Impressão - Modelo 47;Impressão;82;1220.52
1854;SKU-11847;Item 11847 Acessórios - Modelo 48;Acessórios;89;1223.99
1855;SKU-11848;Item 11848 Armazenamento - Modelo 49;Armazenamento;96;1227.46
1856;SKU-11849;Item 11849 Energia - Modelo 50;Energia;103;1230.93
1857;SKU-11850;Item 11850 Periféricos - Modelo 51;Periféricos;110;1234.40
1858;SKU-11851;Item 11851 Monitores - Modelo 52;Monitores;117;1237.87
1859;SKU-11852;Item 11852 Áudio - Modelo 53;Áudio;4;1241.34
1860;SKU-11853;Item 11853 Vídeo - Modelo 54;Vídeo;11;1244.81
1861;SKU-11854;Item 11854 Computadores - Modelo 55;Computadores;18;1248.28
1862;SKU-11855;Item 11855 Redes - Modelo 56;Redes;25;1251.75
1863;SKU-11856;Item 11856 Impressão - Modelo 57;Impressão;32;1255.22
1864;SKU-11857;Item 11857 Acessórios - Modelo 58;Acessórios;39;1258.69
1865;SKU-11858;Item 11858 Armazenamento - Modelo 59;Armazenamento;46;1262.16
1866;SKU-11859;Item 11859 Energia - Modelo 60;Energia;53;1265.63
1867;SKU-11860;Item 11860 Periféricos - Modelo 61;Periféricos;60;1269.10
1868;SKU-11861;Item 11861 Monitores - Modelo 62;Monitores;67;1272.57
1869;SKU-11862;Item 11862 Áudio - Modelo 63;Áudio;74;1276.04
1870;SKU-11863;Item 11863 Vídeo - Modelo 64;Vídeo;81;1279.51
1871;SKU-11864;Item 11864 Computadores - Modelo 65;Computadores;88;1282.98
1872;SKU-11865;Item 11865 Redes - Modelo 66;Redes;95;1286.45
1873;SKU-11866;Item 11866 Impressão - Modelo 67;Impressão;102;1289.92
1874;SKU-11867;Item 11867 Acessórios - Modelo 68;Acessórios;109;1293.39
1875;SKU-11868;Item 11868 Armazenamento - Modelo 69;Armazenamento;116;1296.86
1876;SKU-11869;Item 11869 Energia - Modelo 70;Energia;3;1300.33
1877;SKU-11870;Item 11870 Periféricos - Modelo 71;Periféricos;10;1303.80
1878;SKU-11871;Item 11871 Monitores - Modelo 72;Monitores;17;1307.27
1879;SKU-11872;Item 11872 Áudio - Modelo 73;Áudio;24;1310.74
1880;SKU-11873;Item 11873 Vídeo - Modelo 74;Vídeo;31;1314.21
1881;SKU-11874;Item 11874 Computadores - Modelo 75;Computadores;38;1317.68
1882;SKU-11875;Item 11875 Redes - Modelo 76;Redes;45;1321.15
1883;SKU-11876;Item 11876 Impressão - Modelo 77;Impressão;52;1324.62
1884;SKU-11877;Item 11877 Acessórios - Modelo 78;Acessórios;59;1328.09
1885;SKU-11878;Item 11878 Armazenamento - Modelo 79;Armazenamento;66;1331.56
1886;SKU-11879;Item 11879 Energia - Modelo 80;Energia;73;1335.03
1887;SKU-11880;Item 11880 Periféricos - Modelo 81;Periféricos;80;1338.50
1888;SKU-11881;Item 11881 Monitores - Modelo 82;Monitores;87;1341.97
1889;SKU-11882;Item 11882 Áudio - Modelo 83;Áudio;94;1345.44
1890;SKU-11883;Item 11883 Vídeo - Modelo 84;Vídeo;101;1348.91
1891;SKU-11884;Item 11884 Computadores - Modelo 85;Computadores;108;1352.38
1892;SKU-11885;Item 11885 Redes - Modelo 86;Redes;115;1355.85
1893;SKU-11886;Item 11886 Impressão - Modelo 87;Impressão;2;1359.32
1894;SKU-11887;Item 11887 Acessórios - Modelo 88;Acessórios;9;1362.79
1895;SKU-11888;Item 11888 Armazenamento - Modelo 89;Armazenamento;16;1366.26
1896;SKU-11889;Item 11889 Energia - Modelo 90;Energia;23;1369.73
1897;SKU-11890;Item 11890 Periféricos - Modelo 91;Periféricos;30;1373.20
1898;SKU-11891;Item 11891 Monitores - Modelo 92;Monitores;37;1376.67
1899;SKU-11892;Item 11892 Áudio - Modelo 93;Áudio;44;1380.14
1900;SKU-11893;Item 11893 Vídeo - Modelo 94;Vídeo;51;1383.61
1901;SKU-11894;Item 11894 Computadores - Modelo 95;Computadores;58;1387.08
1902;SKU-11895;Item 11895 Redes - Modelo 96;Redes;65;1390.55
1903;SKU-11896;Item 11896 Impressão - Modelo 97;Impressão;72;1394.02
1904;SKU-11897;Item 11897 Acessórios - Modelo 98;Acessórios;79;1397.49
1905;SKU-11898;Item 11898 Armazenamento - Modelo 99;Armazenamento;86;1400.96
1906;SKU-11899;Item 11899 Energia - Modelo 100;Energia;93;1404.43
1907;SKU-11900;Item 11900 Periféricos - Modelo 1;Periféricos;100;1407.90
1908;SKU-11901;Item 11901 Monitores - Modelo 2;Monitores;107;1411.37
1909;SKU-11902;Item 11902 Áudio - Modelo 3;Áudio;114;1414.84
1910;SKU-11903;Item 11903 Vídeo - Modelo 4;Vídeo;1;1418.31
1911;SKU-11904;Item 11904 Computadores - Modelo 5;Computadores;8;1421.78
1912;SKU-11905;Item 11905 Redes - Modelo 6;Redes;15;1425.25
1913;SKU-11906;Item 11906 Impressão - Modelo 7;Impressão;22;1428.72
1914;SKU-11907;Item 11907 Acessórios - Modelo 8;Acessórios;29;1432.19
1915;SKU-11908;Item 11908 Armazenamento - Modelo 9;Armazenamento;36;1435.66
1916;SKU-11909;Item 11909 Energia - Modelo 10;Energia;43;1439.13
1917;SKU-11910;Item 11910 Periféricos - Modelo 11;Periféricos;50;1442.60
1918;SKU-11911;Item 11911 Monitores - Modelo 12;Monitores;57;1446.07
1919;SKU-11912;Item 11912 Áudio - Modelo 13;Áudio;64;1449.54
1920;SKU-11913;Item 11913 Vídeo - Modelo 14;Vídeo;71;1453.01
1921;SKU-11914;Item 11914 Computadores - Modelo 15;Computadores;78;1456.48
1922;SKU-11915;Item 11915 Redes - Modelo 16;Redes;85;1459.95
1923;SKU-11916;Item 11916 Impressão - Modelo 17;Impressão;92;1463.42
1924;SKU-11917;Item 11917 Acessórios - Modelo 18;Acessórios;99;1466.89
1925;SKU-11918;Item 11918 Armazenamento - Modelo 19;Armazenamento;106;1470.36
1926;SKU-11919;Item 11919 Energia - Modelo 20;Energia;113;1473.83
1927;SKU-11920;Item 11920 Periféricos - Modelo 21;Periféricos;0;1477.30
1928;SKU-11921;Item 11921 Monitores - Modelo 22;Monitores;7;1480.77
1929;SKU-11922;Item 11922 Áudio - Modelo 23;Áudio;14;1484.24
1930;SKU-11923;Item 11923 Vídeo - Modelo 24;Vídeo;21;1487.71
1931;SKU-11924;Item 11924 Computadores - Modelo 25;Computadores;28;1491.18
1932;SKU-11925;Item 11925 Redes - Modelo 26;Redes;35;1494.65
1933;SKU-11926;Item 11926 Impressão - Modelo 27;Impressão;42;1498.12
1934;SKU-11927;Item 11927 Acessórios - Modelo 28;Acessórios;49;1501.59
1935;SKU-11928;Item 11928 Armazenamento - Modelo 29;Armazenamento;56;1505.06
1936;SKU-11929;Item 11929 Energia - Modelo 30;Energia;63;1508.53
1937;SKU-11930;Item 11930 Periféricos - Modelo 31;Periféricos;70;1512.00
1938;SKU-11931;Item 11931 Monitores - Modelo 32;Monitores;77;1515.47
1939;SKU-11932;Item 11932 Áudio - Modelo 33;Áudio;84;1518.94
1940;SKU-11933;Item 11933 Vídeo - Modelo 34;Vídeo;91;1522.41
1941;SKU-11934;Item 11934 Computadores - Modelo 35;Computadores;98;1525.88
1942;SKU-11935;Item 11935 Redes - Modelo 36;Redes;105;1529.35
1943;SKU-11936;Item 11936 Impressão - Modelo 37;Impressão;112;1532.82
1944;SKU-11937;Item 11937 Acessórios - Modelo 38;Acessórios;119;1536.29
1945;SKU-11938;Item 11938 Armazenamento - Modelo 39;Armazenamento;6;1539.76
1946;SKU-11939;Item 11939 Energia - Modelo 40;Energia;13;1543.23
1947;SKU-11940;Item 11940 Periféricos - Modelo 41;Periféricos;20;1546.70
1948;SKU-11941;Item 11941 Monitores - Modelo 42;Monitores;27;1550.17
1949;SKU-11942;Item 11942 Áudio - Modelo 43;Áudio;34;1553.64
1950;SKU-11943;Item 11943 Vídeo - Modelo 44;Vídeo;41;1557.11
1951;SKU-11944;Item 11944 Computadores - Modelo 45;Computadores;48;1560.58
1952;SKU-11945;Item 11945 Redes - Modelo 46;Redes;55;1564.05
1953;SKU-11946;Item 11946 Impressão - Modelo 47;Impressão;62;1567.52
1954;SKU-11947;Item 11947 Acessórios - Modelo 48;Acessórios;69;1570.99
1955;SKU-11948;Item 11948 Armazenamento - Modelo 49;Armazenamento;76;1574.46
1956;SKU-11949;Item 11949 Energia - Modelo 50;Energia;83;1577.93
1957;SKU-11950;Item 11950 Periféricos - Modelo 51;Periféricos;90;1581.40
1958;SKU-11951;Item 11951 Monitores - Modelo 52;Monitores;97;1584.87
1959;SKU-11952;Item 11952 Áudio - Modelo 53;Áudio;104;1588.34
1960;SKU-11953;Item 11953 Vídeo - Modelo 54;Vídeo;111;1591.81
1961;SKU-11954;Item 11954 Computadores - Modelo 55;Computadores;118;1595.28
1962;SKU-11955;Item 11955 Redes - Modelo 56;Redes;5;1598.75
1963;SKU-11956;Item 11956 Impressão - Modelo 57;Impressão;12;1602.22
1964;SKU-11957;Item 11957 Acessórios - Modelo 58;Acessórios;19;1605.69
1965;SKU-11958;Item 11958 Armazenamento - Modelo 59;Armazenamento;26;1609.16
1966;SKU-11959;Item 11959 Energia - Modelo 60;Energia;33;1612.63
1967;SKU-11960;Item 11960 Periféricos - Modelo 61;Periféricos;40;1616.10
1968;SKU-11961;Item 11961 Monitores - Modelo 62;Monitores;47;1619.57
1969;SKU-11962;Item 11962 Áudio - Modelo 63;Áudio;54;1623.04
1970;SKU-11963;Item 11963 Vídeo - Modelo 64;Vídeo;61;1626.51
1971;SKU-11964;Item 11964 Computadores - Modelo 65;Computadores;68;1629.98
1972;SKU-11965;Item 11965 Redes - Modelo 66;Redes;75;1633.45
1973;SKU-11966;Item 11966 Impressão - Modelo 67;Impressão;82;1636.92
1974;SKU-11967;Item 11967 Acessórios - Modelo 68;Acessórios;89;1640.39
1975;SKU-11968;Item 11968 Armazenamento - Modelo 69;Armazenamento;96;1643.86
1976;SKU-11969;Item 11969 Energia - Modelo 70;Energia;103;1647.33
1977;SKU-11970;Item 11970 Periféricos - Modelo 71;Periféricos;110;1650.80
1978;SKU-11971;Item 11971 Monitores - Modelo 72;Monitores;117;1654.27
1979;SKU-11972;Item 11972 Áudio - Modelo 73;Áudio;4;1657.74
1980;SKU-11973;Item 11973 Vídeo - Modelo 74;Vídeo;11;1661.21
1981;SKU-11974;Item 11974 Computadores - Modelo 75;Computadores;18;1664.68
1982;SKU-11975;Item 11975 Redes - Modelo 76;Redes;25;1668.15
1983;SKU-11976;Item 11976 Impressão - Modelo 77;Impressão;32;1671.62
1984;SKU-11977;Item 11977 Acessórios - Modelo 78;Acessórios;39;1675.09
1985;SKU-11978;Item 11978 Armazenamento - Modelo 79;Armazenamento;46;1678.56
1986;SKU-11979;Item 11979 Energia - Modelo 80;Energia;53;1682.03
1987;SKU-11980;Item 11980 Periféricos - Modelo 81;Periféricos;60;1685.50
1988;SKU-11981;Item 11981 Monitores - Modelo 82;Monitores;67;1688.97
1989;SKU-11982;Item 11982 Áudio - Modelo 83;Áudio;74;1692.44
1990;SKU-11983;Item 11983 Vídeo - Modelo 84;Vídeo;81;1695.91
1991;SKU-11984;Item 11984 Computadores - Modelo 85;Computadores;88;1699.38
1992;SKU-11985;Item 11985 Redes - Modelo 86;Redes;95;1702.85
1993;SKU-11986;Item 11986 Impressão - Modelo 87;Impressão;102;1706.32
1994;SKU-11987;Item 11987 Acessórios - Modelo 88;Acessórios;109;1709.79
1995;SKU-11988;Item 11988 Armazenamento - Modelo 89;Armazenamento;116;1713.26
1996;SKU-11989;Item 11989 Energia - Modelo 90;Energia;3;1716.73
1997;SKU-11990;Item 11990 Periféricos - Modelo 91;Periféricos;10;1720.20
1998;SKU-11991;Item 11991 Monitores - Modelo 92;Monitores;17;1723.67
1999;SKU-11992;Item 11992 Áudio - Modelo 93;Áudio;24;1727.14
2000;SKU-11993;Item 11993 Vídeo - Modelo 94;Vídeo;31;1730.61
2001;SKU-11994;Item 11994 Computadores - Modelo 95;Computadores;38;1734.08
2002;SKU-11995;Item 11995 Redes - Modelo 96;Redes;45;1737.55
2003;SKU-11996;Item 11996 Impressão - Modelo 97;Impressão;52;1741.02
2004;SKU-11997;Item 11997 Acessórios - Modelo 98;Acessórios;59;1744.49
2005;SKU-11998;Item 11998 Armazenamento - Modelo 99;Armazenamento;66;1747.96
2006;SKU-11999;Item 11999 Energia - Modelo 100;Energia;73;1751.43
2007;SKU-12000;Item 12000 Periféricos - Modelo 1;Periféricos;80;19.90
2008;SKU-12001;Item 12001 Monitores - Modelo 2;Monitores;87;23.37
2009;SKU-12002;Item 12002 Áudio - Modelo 3;Áudio;94;26.84
2010;SKU-12003;Item 12003 Vídeo - Modelo 4;Vídeo;101;30.31
2011;SKU-12004;Item 12004 Computadores - Modelo 5;Computadores;108;33.78
2012;SKU-12005;Item 12005 Redes - Modelo 6;Redes;115;37.25
2013;SKU-12006;Item 12006 Impressão - Modelo 7;Impressão;2;40.72
2014;SKU-12007;Item 12007 Acessórios - Modelo 8;Acessórios;9;44.19
2015;SKU-12008;Item 12008 Armazenamento - Modelo 9;Armazenamento;16;47.66
2016;SKU-12009;Item 12009 Energia - Modelo 10;Energia;23;51.13
2017;SKU-12010;Item 12010 Periféricos - Modelo 11;Periféricos;30;54.60
2018;SKU-12011;Item 12011 Monitores - Modelo 12;Monitores;37;58.07
2019;SKU-12012;Item 12012 Áudio - Modelo 13;Áudio;44;61.54
2020;SKU-12013;Item 12013 Vídeo - Modelo 14;Vídeo;51;65.01
2021;SKU-12014;Item 12014 Computadores - Modelo 15;Computadores;58;68.48
2022;SKU-12015;Item 12015 Redes - Modelo 16;Redes;65;71.95
2023;SKU-12016;Item 12016 Impressão - Modelo 17;Impressão;72;75.42
2024;SKU-12017;Item 12017 Acessórios - Modelo 18;Acessórios;79;78.89
2025;SKU-12018;Item 12018 Armazenamento - Modelo 19;Armazenamento;86;82.36
2026;SKU-12019;Item 12019 Energia - Modelo 20;Energia;93;85.83
2027;SKU-12020;Item 12020 Periféricos - Modelo 21;Periféricos;100;89.30
2028;SKU-12021;Item 12021 Monitores - Modelo 22;Monitores;107;92.77
2029;SKU-12022;Item 12022 Áudio - Modelo 23;Áudio;114;96.24
2030;SKU-12023;Item 12023 Vídeo - Modelo 24;Vídeo;1;99.71
2031;SKU-12024;Item 12024 Computadores - Modelo 25;Computadores;8;103.18
2032;SKU-12025;Item 12025 Redes - Modelo 26;Redes;15;106.65
2033;SKU-12026;Item 12026 Impressão - Modelo 27;Impressão;22;110.12
2034;SKU-12027;Item 12027 Acessórios - Modelo 28;Acessórios;29;113.59
2035;SKU-12028;Item 12028 Armazenamento - Modelo 29;Armazenamento;36;117.06
2036;SKU-12029;Item 12029 Energia - Modelo 30;Energia;43;120.53
2037;SKU-12030;Item 12030 Periféricos - Modelo 31;Periféricos;50;124.00
2038;SKU-12031;Item 12031 Monitores - Modelo 32;Monitores;57;127.47
2039;SKU-12032;Item 12032 Áudio - Modelo 33;Áudio;64;130.94
2040;SKU-12033;Item 12033 Vídeo - Modelo 34;Vídeo;71;134.41
2041;SKU-12034;Item 12034 Computadores - Modelo 35;Computadores;78;137.88
2042;SKU-12035;Item 12035 Redes - Modelo 36;Redes;85;141.35
2043;SKU-12036;Item 12036 Impressão - Modelo 37;Impressão;92;144.82
2044;SKU-12037;Item 12037 Acessórios - Modelo 38;Acessórios;99;148.29
2045;SKU-12038;Item 12038 Armazenamento - Modelo 39;Armazenamento;106;151.76
2046;SKU-12039;Item 12039 Energia - Modelo 40;Energia;113;155.23
2047;SKU-12040;Item 12040 Periféricos - Modelo 41;Periféricos;0;158.70
2048;SKU-12041;Item 12041 Monitores - Modelo 42;Monitores;7;162.17
2049;SKU-12042;Item 12042 Áudio - Modelo 43;Áudio;14;165.64
2050;SKU-12043;Item 12043 Vídeo - Modelo 44;Vídeo;21;169.11
2051;SKU-12044;Item 12044 Computadores - Modelo 45;Computadores;28;172.58
2052;SKU-12045;Item 12045 Redes - Modelo 46;Redes;35;176.05
2053;SKU-12046;Item 12046 Impressão - Modelo 47;Impressão;42;179.52
2054;SKU-12047;Item 12047 Acessórios - Modelo 48;Acessórios;49;182.99
2055;SKU-12048;Item 12048 Armazenamento - Modelo 49;Armazenamento;56;186.46
2056;SKU-12049;Item 12049 Energia - Modelo 50;Energia;63;189.93
2057;SKU-12050;Item 12050 Periféricos - Modelo 51;Periféricos;70;193.40
2058;SKU-12051;Item 12051 Monitores - Modelo 52;Monitores;77;196.87
2059;SKU-12052;Item 12052 Áudio - Modelo 53;Áudio;84;200.34
2060;SKU-12053;Item 12053 Vídeo - Modelo 54;Vídeo;91;203.81
2061;SKU-12054;Item 12054 Computadores - Modelo 55;Computadores;98;207.28
2062;SKU-12055;Item 12055 Redes - Modelo 56;Redes;105;210.75
2063;SKU-12056;Item 12056 Impressão - Modelo 57;Impressão;112;214.22
2064;SKU-12057;Item 12057 Acessórios - Modelo 58;Acessórios;119;217.69
2065;SKU-12058;Item 12058 Armazenamento - Modelo 59;Armazenamento;6;221.16
2066;SKU-12059;Item 12059 Energia - Modelo 60;Energia;13;224.63
2067;SKU-12060;Item 12060 Periféricos - Modelo 61;Periféricos;20;228.10
2068;SKU-12061;Item 12061 Monitores - Modelo 62;Monitores;27;231.57
2069;SKU-12062;Item 12062 Áudio - Modelo 63;Áudio;34;235.04
2070;SKU-12063;Item 12063 Vídeo - Modelo 64;Vídeo;41;238.51
2071;SKU-12064;Item 12064 Computadores - Modelo 65;Computadores;48;241.98
2072;SKU-12065;Item 12065 Redes - Modelo 66;Redes;55;245.45
2073;SKU-12066;Item 12066 Impressão - Modelo 67;Impressão;62;248.92
2074;SKU-12067;Item 12067 Acessórios - Modelo 68;Acessórios;69;252.39
2075;SKU-12068;Item 12068 Armazenamento - Modelo 69;Armazenamento;76;255.86
2076;SKU-12069;Item 12069 Energia - Modelo 70;Energia;83;259.33
2077;SKU-12070;Item 12070 Periféricos - Modelo 71;Periféricos;90;262.80
2078;SKU-12071;Item 12071 Monitores - Modelo 72;Monitores;97;266.27
2079;SKU-12072;Item 12072 Áudio - Modelo 73;Áudio;104;269.74
2080;SKU-12073;Item 12073 Vídeo - Modelo 74;Vídeo;111;273.21
2081;SKU-12074;Item 12074 Computadores - Modelo 75;Computadores;118;276.68
2082;SKU-12075;Item 12075 Redes - Modelo 76;Redes;5;280.15
2083;SKU-12076;Item 12076 Impressão - Modelo 77;Impressão;12;283.62
2084;SKU-12077;Item 12077 Acessórios - Modelo 78;Acessórios;19;287.09
2085;SKU-12078;Item 12078 Armazenamento - Modelo 79;Armazenamento;26;290.56
2086;SKU-12079;Item 12079 Energia - Modelo 80;Energia;33;294.03
2087;SKU-12080;Item 12080 Periféricos - Modelo 81;Periféricos;40;297.50
2088;SKU-12081;Item 12081 Monitores - Modelo 82;Monitores;47;300.97
2089;SKU-12082;Item 12082 Áudio - Modelo 83;Áudio;54;304.44
2090;SKU-12083;Item 12083 Vídeo - Modelo 84;Vídeo;61;307.91
2091;SKU-12084;Item 12084 Computadores - Modelo 85;Computadores;68;311.38
2092;SKU-12085;Item 12085 Redes - Modelo 86;Redes;75;314.85
2093;SKU-12086;Item 12086 Impressão - Modelo 87;Impressão;82;318.32
2094;SKU-12087;Item 12087 Acessórios - Modelo 88;Acessórios;89;321.79
2095;SKU-12088;Item 12088 Armazenamento - Modelo 89;Armazenamento;96;325.26
2096;SKU-12089;Item 12089 Energia - Modelo 90;Energia;103;328.73
2097;SKU-12090;Item 12090 Periféricos - Modelo 91;Periféricos;110;332.20
2098;SKU-12091;Item 12091 Monitores - Modelo 92;Monitores;117;335.67
2099;SKU-12092;Item 12092 Áudio - Modelo 93;Áudio;4;339.14
2100;SKU-12093;Item 12093 Vídeo - Modelo 94;Vídeo;11;342.61
2101;SKU-12094;Item 12094 Computadores - Modelo 95;Computadores;18;346.08
2102;SKU-12095;Item 12095 Redes - Modelo 96;Redes;25;349.55
2103;SKU-12096;Item 12096 Impressão - Modelo 97;Impressão;32;353.02
2104;SKU-12097;Item 12097 Acessórios - Modelo 98;Acessórios;39;356.49
2105;SKU-12098;Item 12098 Armazenamento - Modelo 99;Armazenamento;46;359.96
2106;SKU-12099;Item 12099 Energia - Modelo 100;Energia;53;363.43
2107;SKU-12100;Item 12100 Periféricos - Modelo 1;Periféricos;60;366.90
2108;SKU-12101;Item 12101 Monitores - Modelo 2;Monitores;67;370.37
2109;SKU-12102;Item 12102 Áudio - Modelo 3;Áudio;74;373.84
2110;SKU-12103;Item 12103 Vídeo - Modelo 4;Vídeo;81;377.31
2111;SKU-12104;Item 12104 Computadores - Modelo 5;Computadores;88;380.78
2112;SKU-12105;Item 12105 Redes - Modelo 6;Redes;95;384.25
2113;SKU-12106;Item 12106 Impressão - Modelo 7;Impressão;102;387.72
2114;SKU-12107;Item 12107 Acessórios - Modelo 8;Acessórios;109;391.19
2115;SKU-12108;Item 12108 Armazenamento - Modelo 9;Armazenamento;116;394.66
2116;SKU-12109;Item 12109 Energia - Modelo 10;Energia;3;398.13
2117;SKU-12110;Item 12110 Periféricos - Modelo 11;Periféricos;10;401.60
2118;SKU-12111;Item 12111 Monitores - Modelo 12;Monitores;17;405.07
2119;SKU-12112;Item 12112 Áudio - Modelo 13;Áudio;24;408.54
2120;SKU-12113;Item 12113 Vídeo - Modelo 14;Vídeo;31;412.01
2121;SKU-12114;Item 12114 Computadores - Modelo 15;Computadores;38;415.48
2122;SKU-12115;Item 12115 Redes - Modelo 16;Redes;45;418.95
2123;SKU-12116;Item 12116 Impressão - Modelo 17;Impressão;52;422.42
2124;SKU-12117;Item 12117 Acessórios - Modelo 18;Acessórios;59;425.89
2125;SKU-12118;Item 12118 Armazenamento - Modelo 19;Armazenamento;66;429.36
2126;SKU-12119;Item 12119 Energia - Modelo 20;Energia;73;432.83
2127;SKU-12120;Item 12120 Periféricos - Modelo 21;Periféricos;80;436.30
2128;SKU-12121;Item 12121 Monitores - Modelo 22;Monitores;87;439.77
2129;SKU-12122;Item 12122 Áudio - Modelo 23;Áudio;94;443.24
2130;SKU-12123;Item 12123 Vídeo - Modelo 24;Vídeo;101;446.71
2131;SKU-12124;Item 12124 Computadores - Modelo 25;Computadores;108;450.18
2132;SKU-12125;Item 12125 Redes - Modelo 26;Redes;115;453.65
2133;SKU-12126;Item 12126 Impressão - Modelo 27;Impressão;2;457.12
2134;SKU-12127;Item 12127 Acessórios - Modelo 28;Acessórios;9;460.59
2135;SKU-12128;Item 12128 Armazenamento - Modelo 29;Armazenamento;16;464.06
2136;SKU-12129;Item 12129 Energia - Modelo 30;Energia;23;467.53
2137;SKU-12130;Item 12130 Periféricos - Modelo 31;Periféricos;30;471.00
2138;SKU-12131;Item 12131 Monitores - Modelo 32;Monitores;37;474.47
2139;SKU-12132;Item 12132 Áudio - Modelo 33;Áudio;44;477.94
2140;SKU-12133;Item 12133 Vídeo - Modelo 34;Vídeo;51;481.41
2141;SKU-12134;Item 12134 Computadores - Modelo 35;Computadores;58;484.88
2142;SKU-12135;Item 12135 Redes - Modelo 36;Redes;65;488.35
2143;SKU-12136;Item 12136 Impressão - Modelo 37;Impressão;72;491.82
2144;SKU-12137;Item 12137 Acessórios - Modelo 38;Acessórios;79;495.29
2145;SKU-12138;Item 12138 Armazenamento - Modelo 39;Armazenamento;86;498.76
2146;SKU-12139;Item 12139 Energia - Modelo 40;Energia;93;502.23
2147;SKU-12140;Item 12140 Periféricos - Modelo 41;Periféricos;100;505.70
2148;SKU-12141;Item 12141 Monitores - Modelo 42;Monitores;107;509.17
2149;SKU-12142;Item 12142 Áudio - Modelo 43;Áudio;114;512.64
2150;SKU-12143;Item 12143 Vídeo - Modelo 44;Vídeo;1;516.11
2151;SKU-12144;Item 12144 Computadores - Modelo 45;Computadores;8;519.58
2152;SKU-12145;Item 12145 Redes - Modelo 46;Redes;15;523.05
2153;SKU-12146;Item 12146 Impressão - Modelo 47;Impressão;22;526.52
2154;SKU-12147;Item 12147 Acessórios - Modelo 48;Acessórios;29;529.99
2155;SKU-12148;Item 12148 Armazenamento - Modelo 49;Armazenamento;36;533.46
2156;SKU-12149;Item 12149 Energia - Modelo 50;Energia;43;536.93
2157;SKU-12150;Item 12150 Periféricos - Modelo 51;Periféricos;50;540.40
2158;SKU-12151;Item 12151 Monitores - Modelo 52;Monitores;57;543.87
2159;SKU-12152;Item 12152 Áudio - Modelo 53;Áudio;64;547.34
2160;SKU-12153;Item 12153 Vídeo - Modelo 54;Vídeo;71;550.81
2161;SKU-12154;Item 12154 Computadores - Modelo 55;Computadores;78;554.28
2162;SKU-12155;Item 12155 Redes - Modelo 56;Redes;85;557.75
2163;SKU-12156;Item 12156 Impressão - Modelo 57;Impressão;92;561.22
2164;SKU-12157;Item 12157 Acessórios - Modelo 58;Acessórios;99;564.69
2165;SKU-12158;Item 12158 Armazenamento - Modelo 59;Armazenamento;106;568.16
2166;SKU-12159;Item 12159 Energia - Modelo 60;Energia;113;571.63
2167;SKU-12160;Item 12160 Periféricos - Modelo 61;Periféricos;0;575.10
2168;SKU-12161;Item 12161 Monitores - Modelo 62;Monitores;7;578.57
2169;SKU-12162;Item 12162 Áudio - Modelo 63;Áudio;14;582.04
2170;SKU-12163;Item 12163 Vídeo - Modelo 64;Vídeo;21;585.51
2171;SKU-12164;Item 12164 Computadores - Modelo 65;Computadores;28;588.98
2172;SKU-12165;Item 12165 Redes - Modelo 66;Redes;35;592.45
2173;SKU-12166;Item 12166 Impressão - Modelo 67;Impressão;42;595.92
2174;SKU-12167;Item 12167 Acessórios - Modelo 68;Acessórios;49;599.39
2175;SKU-12168;Item 12168 Armazenamento - Modelo 69;Armazenamento;56;602.86
2176;SKU-12169;Item 12169 Energia - Modelo 70;Energia;63;606.33
2177;SKU-12170;Item 12170 Periféricos - Modelo 71;Periféricos;70;609.80
2178;SKU-12171;Item 12171 Monitores - Modelo 72;Monitores;77;613.27
2179;SKU-12172;Item 12172 Áudio - Modelo 73;Áudio;84;616.74
2180;SKU-12173;Item 12173 Vídeo - Modelo 74;Vídeo;91;620.21
2181;SKU-12174;Item 12174 Computadores - Modelo 75;Computadores;98;623.68
2182;SKU-12175;Item 12175 Redes - Modelo 76;Redes;105;627.15
2183;SKU-12176;Item 12176 Impressão - Modelo 77;Impressão;112;630.62
2184;SKU-12177;Item 12177 Acessórios - Modelo 78;Acessórios;119;634.09
2185;SKU-12178;Item 12178 Armazenamento - Modelo 79;Armazenamento;6;637.56
2186;SKU-12179;Item 12179 Energia - Modelo 80;Energia;13;641.03
2187;SKU-12180;Item 12180 Periféricos - Modelo 81;Periféricos;20;644.50
2188;SKU-12181;Item 12181 Monitores - Modelo 82;Monitores;27;647.97
2189;SKU-12182;Item 12182 Áudio - Modelo 83;Áudio;34;651.44
2190;SKU-12183;Item 12183 Vídeo - Modelo 84;Vídeo;41;654.91
2191;SKU-12184;Item 12184 Computadores - Modelo 85;Computadores;48;658.38
2192;SKU-12185;Item 12185 Redes - Modelo 86;Redes;55;661.85
2193;SKU-12186;Item 12186 Impressão - Modelo 87;Impressão;62;665.32
2194;SKU-12187;Item 12187 Acessórios - Modelo 88;Acessórios;69;668.79
2195;SKU-12188;Item 12188 Armazenamento - Modelo 89;Armazenamento;76;672.26
2196;SKU-12189;Item 12189 Energia - Modelo 90;Energia;83;675.73
2197;SKU-12190;Item 12190 Periféricos - Modelo 91;Periféricos;90;679.20
2198;SKU-12191;Item 12191 Monitores - Modelo 92;Monitores;97;682.67
2199;SKU-12192;Item 12192 Áudio - Modelo 93;Áudio;104;686.14
2200;SKU-12193;Item 12193 Vídeo - Modelo 94;Vídeo;111;689.61
2201;SKU-12194;Item 12194 Computadores - Modelo 95;Computadores;118;693.08
2202;SKU-12195;Item 12195 Redes - Modelo 96;Redes;5;696.55
2203;SKU-12196;Item 12196 Impressão - Modelo 97;Impressão;12;700.02
2204;SKU-12197;Item 12197 Acessórios - Modelo 98;Acessórios;19;703.49
2205;SKU-12198;Item 12198 Armazenamento - Modelo 99;Armazenamento;26;706.96
2206;SKU-12199;Item 12199 Energia - Modelo 100;Energia;33;710.43
2207;SKU-12200;Item 12200 Periféricos - Modelo 1;Periféricos;40;713.90
2208;SKU-12201;Item 12201 Monitores - Modelo 2;Monitores;47;717.37
2209;SKU-12202;Item 12202 Áudio - Modelo 3;Áudio;54;720.84
2210;SKU-12203;Item 12203 Vídeo - Modelo 4;Vídeo;61;724.31
2211;SKU-12204;Item 12204 Computadores - Modelo 5;Computadores;68;727.78
2212;SKU-12205;Item 12205 Redes - Modelo 6;Redes;75;731.25
2213;SKU-12206;Item 12206 Impressão - Modelo 7;Impressão;82;734.72
2214;SKU-12207;Item 12207 Acessórios - Modelo 8;Acessórios;89;738.19
2215;SKU-12208;Item 12208 Armazenamento - Modelo 9;Armazenamento;96;741.66
2216;SKU-12209;Item 12209 Energia - Modelo 10;Energia;103;745.13
2217;SKU-12210;Item 12210 Periféricos - Modelo 11;Periféricos;110;748.60
2218;SKU-12211;Item 12211 Monitores - Modelo 12;Monitores;117;752.07
2219;SKU-12212;Item 12212 Áudio - Modelo 13;Áudio;4;755.54
2220;SKU-12213;Item 12213 Vídeo - Modelo 14;Vídeo;11;759.01
2221;SKU-12214;Item 12214 Computadores - Modelo 15;Computadores;18;762.48
2222;SKU-12215;Item 12215 Redes - Modelo 16;Redes;25;765.95
2223;SKU-12216;Item 12216 Impressão - Modelo 17;Impressão;32;769.42
2224;SKU-12217;Item 12217 Acessórios - Modelo 18;Acessórios;39;772.89
2225;SKU-12218;Item 12218 Armazenamento - Modelo 19;Armazenamento;46;776.36
2226;SKU-12219;Item 12219 Energia - Modelo 20;Energia;53;779.83
2227;SKU-12220;Item 12220 Periféricos - Modelo 21;Periféricos;60;783.30
2228;SKU-12221;Item 12221 Monitores - Modelo 22;Monitores;67;786.77
2229;SKU-12222;Item 12222 Áudio - Modelo 23;Áudio;74;790.24
2230;SKU-12223;Item 12223 Vídeo - Modelo 24;Vídeo;81;793.71
2231;SKU-12224;Item 12224 Computadores - Modelo 25;Computadores;88;797.18
2232;SKU-12225;Item 12225 Redes - Modelo 26;Redes;95;800.65
2233;SKU-12226;Item 12226 Impressão - Modelo 27;Impressão;102;804.12
2234;SKU-12227;Item 12227 Acessórios - Modelo 28;Acessórios;109;807.59
2235;SKU-12228;Item 12228 Armazenamento - Modelo 29;Armazenamento;116;811.06
2236;SKU-12229;Item 12229 Energia - Modelo 30;Energia;3;814.53
2237;SKU-12230;Item 12230 Periféricos - Modelo 31;Periféricos;10;818.00
2238;SKU-12231;Item 12231 Monitores - Modelo 32;Monitores;17;821.47
2239;SKU-12232;Item 12232 Áudio - Modelo 33;Áudio;24;824.94
2240;SKU-12233;Item 12233 Vídeo - Modelo 34;Vídeo;31;828.41
2241;SKU-12234;Item 12234 Computadores - Modelo 35;Computadores;38;831.88
2242;SKU-12235;Item 12235 Redes - Modelo 36;Redes;45;835.35
2243;SKU-12236;Item 12236 Impressão - Modelo 37;Impressão;52;838.82
2244;SKU-12237;Item 12237 Acessórios - Modelo 38;Acessórios;59;842.29
2245;SKU-12238;Item 12238 Armazenamento - Modelo 39;Armazenamento;66;845.76
2246;SKU-12239;Item 12239 Energia - Modelo 40;Energia;73;849.23
2247;SKU-12240;Item 12240 Periféricos - Modelo 41;Periféricos;80;852.70
2248;SKU-12241;Item 12241 Monitores - Modelo 42;Monitores;87;856.17
2249;SKU-12242;Item 12242 Áudio - Modelo 43;Áudio;94;859.64
2250;SKU-12243;Item 12243 Vídeo - Modelo 44;Vídeo;101;863.11
2251;SKU-12244;Item 12244 Computadores - Modelo 45;Computadores;108;866.58
2252;SKU-12245;Item 12245 Redes - Modelo 46;Redes;115;870.05
2253;SKU-12246;Item 12246 Impressão - Modelo 47;Impressão;2;873.52
2254;SKU-12247;Item 12247 Acessórios - Modelo 48;Acessórios;9;876.99
2255;SKU-12248;Item 12248 Armazenamento - Modelo 49;Armazenamento;16;880.46
2256;SKU-12249;Item 12249 Energia - Modelo 50;Energia;23;883.93
2257;SKU-12250;Item 12250 Periféricos - Modelo 51;Periféricos;30;887.40
2258;SKU-12251;Item 12251 Monitores - Modelo 52;Monitores;37;890.87
2259;SKU-12252;Item 12252 Áudio - Modelo 53;Áudio;44;894.34
2260;SKU-12253;Item 12253 Vídeo - Modelo 54;Vídeo;51;897.81
2261;SKU-12254;Item 12254 Computadores - Modelo 55;Computadores;58;901.28
2262;SKU-12255;Item 12255 Redes - Modelo 56;Redes;65;904.75
2263;SKU-12256;Item 12256 Impressão - Modelo 57;Impressão;72;908.22
2264;SKU-12257;Item 12257 Acessórios - Modelo 58;Acessórios;79;911.69
2265;SKU-12258;Item 12258 Armazenamento - Modelo 59;Armazenamento;86;915.16
2266;SKU-12259;Item 12259 Energia - Modelo 60;Energia;93;918.63
2267;SKU-12260;Item 12260 Periféricos - Modelo 61;Periféricos;100;922.10
2268;SKU-12261;Item 12261 Monitores - Modelo 62;Monitores;107;925.57
2269;SKU-12262;Item 12262 Áudio - Modelo 63;Áudio;114;929.04
2270;SKU-12263;Item 12263 Vídeo - Modelo 64;Vídeo;1;932.51
2271;SKU-12264;Item 12264 Computadores - Modelo 65;Computadores;8;935.98
2272;SKU-12265;Item 12265 Redes - Modelo 66;Redes;15;939.45
2273;SKU-12266;Item 12266 Impressão - Modelo 67;Impressão;22;942.92
2274;SKU-12267;Item 12267 Acessórios - Modelo 68;Acessórios;29;946.39
2275;SKU-12268;Item 12268 Armazenamento - Modelo 69;Armazenamento;36;949.86
2276;SKU-12269;Item 12269 Energia - Modelo 70;Energia;43;953.33
2277;SKU-12270;Item 12270 Periféricos - Modelo 71;Periféricos;50;956.80
2278;SKU-12271;Item 12271 Monitores - Modelo 72;Monitores;57;960.27
2279;SKU-12272;Item 12272 Áudio - Modelo 73;Áudio;64;963.74
2280;SKU-12273;Item 12273 Vídeo - Modelo 74;Vídeo;71;967.21
2281;SKU-12274;Item 12274 Computadores - Modelo 75;Computadores;78;970.68
2282;SKU-12275;Item 12275 Redes - Modelo 76;Redes;85;974.15
2283;SKU-12276;Item 12276 Impressão - Modelo 77;Impressão;92;977.62
2284;SKU-12277;Item 12277 Acessórios - Modelo 78;Acessórios;99;981.09
2285;SKU-12278;Item 12278 Armazenamento - Modelo 79;Armazenamento;106;984.56
2286;SKU-12279;Item 12279 Energia - Modelo 80;Energia;113;988.03
2287;SKU-12280;Item 12280 Periféricos - Modelo 81;Periféricos;0;991.50
2288;SKU-12281;Item 12281 Monitores - Modelo 82;Monitores;7;994.97
2289;SKU-12282;Item 12282 Áudio - Modelo 83;Áudio;14;998.44
2290;SKU-12283;Item 12283 Vídeo - Modelo 84;Vídeo;21;1001.91
2291;SKU-12284;Item 12284 Computadores - Modelo 85;Computadores;28;1005.38
2292;SKU-12285;Item 12285 Redes - Modelo 86;Redes;35;1008.85
2293;SKU-12286;Item 12286 Impressão - Modelo 87;Impressão;42;1012.32
2294;SKU-12287;Item 12287 Acessórios - Modelo 88;Acessórios;49;1015.79
2295;SKU-12288;Item 12288 Armazenamento - Modelo 89;Armazenamento;56;1019.26
2296;SKU-12289;Item 12289 Energia - Modelo 90;Energia;63;1022.73
2297;SKU-12290;Item 12290 Periféricos - Modelo 91;Periféricos;70;1026.20
2298;SKU-12291;Item 12291 Monitores - Modelo 92;Monitores;77;1029.67
2299;SKU-12292;Item 12292 Áudio - Modelo 93;Áudio;84;1033.14
2300;SKU-12293;Item 12293 Vídeo - Modelo 94;Vídeo;91;1036.61
2301;SKU-12294;Item 12294 Computadores - Modelo 95;Computadores;98;1040.08
2302;SKU-12295;Item 12295 Redes - Modelo 96;Redes;105;1043.55
2303;SKU-12296;Item 12296 Impressão - Modelo 97;Impressão;112;1047.02
2304;SKU-12297;Item 12297 Acessórios - Modelo 98;Acessórios;119;1050.49
2305;SKU-12298;Item 12298 Armazenamento - Modelo 99;Armazenamento;6;1053.96
2306;SKU-12299;Item 12299 Energia - Modelo 100;Energia;13;1057.43
2307;SKU-12300;Item 12300 Periféricos - Modelo 1;Periféricos;20;1060.90
2308;SKU-12301;Item 12301 Monitores - Modelo 2;Monitores;27;1064.37
2309;SKU-12302;Item 12302 Áudio - Modelo 3;Áudio;34;1067.84
2310;SKU-12303;Item 12303 Vídeo - Modelo 4;Vídeo;41;1071.31
2311;SKU-12304;Item 12304 Computadores - Modelo 5;Computadores;48;1074.78
2312;SKU-12305;Item 12305 Redes - Modelo 6;Redes;55;1078.25
2313;SKU-12306;Item 12306 Impressão - Modelo 7;Impressão;62;1081.72
2314;SKU-12307;Item 12307 Acessórios - Modelo 8;Acessórios;69;1085.19
2315;SKU-12308;Item 12308 Armazenamento - Modelo 9;Armazenamento;76;1088.66
2316;SKU-12309;Item 12309 Energia - Modelo 10;Energia;83;1092.13
2317;SKU-12310;Item 12310 Periféricos - Modelo 11;Periféricos;90;1095.60
2318;SKU-12311;Item 12311 Monitores - Modelo 12;Monitores;97;1099.07
2319;SKU-12312;Item 12312 Áudio - Modelo 13;Áudio;104;1102.54
2320;SKU-12313;Item 12313 Vídeo - Modelo 14;Vídeo;111;1106.01
2321;SKU-12314;Item 12314 Computadores - Modelo 15;Computadores;118;1109.48
2322;SKU-12315;Item 12315 Redes - Modelo 16;Redes;5;1112.95
2323;SKU-12316;Item 12316 Impressão - Modelo 17;Impressão;12;1116.42
2324;SKU-12317;Item 12317 Acessórios - Modelo 18;Acessórios;19;1119.89
2325;SKU-12318;Item 12318 Armazenamento - Modelo 19;Armazenamento;26;1123.36
2326;SKU-12319;Item 12319 Energia - Modelo 20;Energia;33;1126.83
2327;SKU-12320;Item 12320 Periféricos - Modelo 21;Periféricos;40;1130.30
2328;SKU-12321;Item 12321 Monitores - Modelo 22;Monitores;47;1133.77
2329;SKU-12322;Item 12322 Áudio - Modelo 23;Áudio;54;1137.24
2330;SKU-12323;Item 12323 Vídeo - Modelo 24;Vídeo;61;1140.71
2331;SKU-12324;Item 12324 Computadores - Modelo 25;Computadores;68;1144.18
2332;SKU-12325;Item 12325 Redes - Modelo 26;Redes;75;1147.65
2333;SKU-12326;Item 12326 Impressão - Modelo 27;Impressão;82;1151.12
2334;SKU-12327;Item 12327 Acessórios - Modelo 28;Acessórios;89;1154.59
2335;SKU-12328;Item 12328 Armazenamento - Modelo 29;Armazenamento;96;1158.06
2336;SKU-12329;Item 12329 Energia - Modelo 30;Energia;103;1161.53
2337;SKU-12330;Item 12330 Periféricos - Modelo 31;Periféricos;110;1165.00
2338;SKU-12331;Item 12331 Monitores - Modelo 32;Monitores;117;1168.47
2339;SKU-12332;Item 12332 Áudio - Modelo 33;Áudio;4;1171.94
2340;SKU-12333;Item 12333 Vídeo - Modelo 34;Vídeo;11;1175.41
2341;SKU-12334;Item 12334 Computadores - Modelo 35;Computadores;18;1178.88
2342;SKU-12335;Item 12335 Redes - Modelo 36;Redes;25;1182.35
2343;SKU-12336;Item 12336 Impressão - Modelo 37;Impressão;32;1185.82
2344;SKU-12337;Item 12337 Acessórios - Modelo 38;Acessórios;39;1189.29
2345;SKU-12338;Item 12338 Armazenamento - Modelo 39;Armazenamento;46;1192.76
2346;SKU-12339;Item 12339 Energia - Modelo 40;Energia;53;1196.23
2347;SKU-12340;Item 12340 Periféricos - Modelo 41;Periféricos;60;1199.70
2348;SKU-12341;Item 12341 Monitores - Modelo 42;Monitores;67;1203.17
2349;SKU-12342;Item 12342 Áudio - Modelo 43;Áudio;74;1206.64
2350;SKU-12343;Item 12343 Vídeo - Modelo 44;Vídeo;81;1210.11
2351;SKU-12344;Item 12344 Computadores - Modelo 45;Computadores;88;1213.58
2352;SKU-12345;Item 12345 Redes - Modelo 46;Redes;95;1217.05
2353;SKU-12346;Item 12346 Impressão - Modelo 47;Impressão;102;1220.52
2354;SKU-12347;Item 12347 Acessórios - Modelo 48;Acessórios;109;1223.99
2355;SKU-12348;Item 12348 Armazenamento - Modelo 49;Armazenamento;116;1227.46
2356;SKU-12349;Item 12349 Energia - Modelo 50;Energia;3;1230.93
2357;SKU-12350;Item 12350 Periféricos - Modelo 51;Periféricos;10;1234.40
2358;SKU-12351;Item 12351 Monitores - Modelo 52;Monitores;17;1237.87
2359;SKU-12352;Item 12352 Áudio - Modelo 53;Áudio;24;1241.34
2360;SKU-12353;Item 12353 Vídeo - Modelo 54;Vídeo;31;1244.81
2361;SKU-12354;Item 12354 Computadores - Modelo 55;Computadores;38;1248.28
2362;SKU-12355;Item 12355 Redes - Modelo 56;Redes;45;1251.75
2363;SKU-12356;Item 12356 Impressão - Modelo 57;Impressão;52;1255.22
2364;SKU-12357;Item 12357 Acessórios - Modelo 58;Acessórios;59;1258.69
2365;SKU-12358;Item 12358 Armazenamento - Modelo 59;Armazenamento;66;1262.16
2366;SKU-12359;Item 12359 Energia - Modelo 60;Energia;73;1265.63
2367;SKU-12360;Item 12360 Periféricos - Modelo 61;Periféricos;80;1269.10
2368;SKU-12361;Item 12361 Monitores - Modelo 62;Monitores;87;1272.57
2369;SKU-12362;Item 12362 Áudio - Modelo 63;Áudio;94;1276.04
2370;SKU-12363;Item 12363 Vídeo - Modelo 64;Vídeo;101;1279.51
2371;SKU-12364;Item 12364 Computadores - Modelo 65;Computadores;108;1282.98
2372;SKU-12365;Item 12365 Redes - Modelo 66;Redes;115;1286.45
2373;SKU-12366;Item 12366 Impressão - Modelo 67;Impressão;2;1289.92
2374;SKU-12367;Item 12367 Acessórios - Modelo 68;Acessórios;9;1293.39
2375;SKU-12368;Item 12368 Armazenamento - Modelo 69;Armazenamento;16;1296.86
2376;SKU-12369;Item 12369 Energia - Modelo 70;Energia;23;1300.33
2377;SKU-12370;Item 12370 Periféricos - Modelo 71;Periféricos;30;1303.80
2378;SKU-12371;Item 12371 Monitores - Modelo 72;Monitores;37;1307.27
2379;SKU-12372;Item 12372 Áudio - Modelo 73;Áudio;44;1310.74
2380;SKU-12373;Item 12373 Vídeo - Modelo 74;Vídeo;51;1314.21
2381;SKU-12374;Item 12374 Computadores - Modelo 75;Computadores;58;1317.68
2382;SKU-12375;Item 12375 Redes - Modelo 76;Redes;65;1321.15
2383;SKU-12376;Item 12376 Impressão - Modelo 77;Impressão;72;1324.62
2384;SKU-12377;Item 12377 Acessórios - Modelo 78;Acessórios;79;1328.09
2385;SKU-12378;Item 12378 Armazenamento - Modelo 79;Armazenamento;86;1331.56
2386;SKU-12379;Item 12379 Energia - Modelo 80;Energia;93;1335.03
2387;SKU-12380;Item 12380 Periféricos - Modelo 81;Periféricos;100;1338.50
2388;SKU-12381;Item 12381 Monitores - Modelo 82;Monitores;107;1341.97
2389;SKU-12382;Item 12382 Áudio - Modelo 83;Áudio;114;1345.44
2390;SKU-12383;Item 12383 Vídeo - Modelo 84;Vídeo;1;1348.91
2391;SKU-12384;Item 12384 Computadores - Modelo 85;Computadores;8;1352.38
2392;SKU-12385;Item 12385 Redes - Modelo 86;Redes;15;1355.85
2393;SKU-12386;Item 12386 Impressão - Modelo 87;Impressão;22;1359.32
2394;SKU-12387;Item 12387 Acessórios - Modelo 88;Acessórios;29;1362.79
2395;SKU-12388;Item 12388 Armazenamento - Modelo 89;Armazenamento;36;1366.26
2396;SKU-12389;Item 12389 Energia - Modelo 90;Energia;43;1369.73
2397;SKU-12390;Item 12390 Periféricos - Modelo 91;Periféricos;50;1373.20
2398;SKU-12391;Item 12391 Monitores - Modelo 92;Monitores;57;1376.67
2399;SKU-12392;Item 12392 Áudio - Modelo 93;Áudio;64;1380.14
2400;SKU-12393;Item 12393 Vídeo - Modelo 94;Vídeo;71;1383.61
2401;SKU-12394;Item 12394 Computadores - Modelo 95;Computadores;78;1387.08
2402;SKU-12395;Item 12395 Redes - Modelo 96;Redes;85;1390.55
2403;SKU-12396;Item 12396 Impressão - Modelo 97;Impressão;92;1394.02
2404;SKU-12397;Item 12397 Acessórios - Modelo 98;Acessórios;99;1397.49
2405;SKU-12398;Item 12398 Armazenamento - Modelo 99;Armazenamento;106;1400.96
2406;SKU-12399;Item 12399 Energia - Modelo 100;Energia;113;1404.43
2407;SKU-12400;Item 12400 Periféricos - Modelo 1;Periféricos;0;1407.90
2408;SKU-12401;Item 12401 Monitores - Modelo 2;Monitores;7;1411.37
2409;SKU-12402;Item 12402 Áudio - Modelo 3;Áudio;14;1414.84
2410;SKU-12403;Item 12403 Vídeo - Modelo 4;Vídeo;21;1418.31
2411;SKU-12404;Item 12404 Computadores - Modelo 5;Computadores;28;1421.78
2412;SKU-12405;Item 12405 Redes - Modelo 6;Redes;35;1425.25
2413;SKU-12406;Item 12406 Impressão - Modelo 7;Impressão;42;1428.72
2414;SKU-12407;Item 12407 Acessórios - Modelo 8;Acessórios;49;1432.19
2415;SKU-12408;Item 12408 Armazenamento - Modelo 9;Armazenamento;56;1435.66
2416;SKU-12409;Item 12409 Energia - Modelo 10;Energia;63;1439.13
2417;SKU-12410;Item 12410 Periféricos - Modelo 11;Periféricos;70;1442.60
2418;SKU-12411;Item 12411 Monitores - Modelo 12;Monitores;77;1446.07
2419;SKU-12412;Item 12412 Áudio - Modelo 13;Áudio;84;1449.54
2420;SKU-12413;Item 12413 Vídeo - Modelo 14;Vídeo;91;1453.01
2421;SKU-12414;Item 12414 Computadores - Modelo 15;Computadores;98;1456.48
2422;SKU-12415;Item 12415 Redes - Modelo 16;Redes;105;1459.95
2423;SKU-12416;Item 12416 Impressão - Modelo 17;Impressão;112;1463.42
2424;SKU-12417;Item 12417 Acessórios - Modelo 18;Acessórios;119;1466.89
2425;SKU-12418;Item 12418 Armazenamento - Modelo 19;Armazenamento;6;1470.36
2426;SKU-12419;Item 12419 Energia - Modelo 20;Energia;13;1473.83
2427;SKU-12420;Item 12420 Periféricos - Modelo 21;Periféricos;20;1477.30
2428;SKU-12421;Item 12421 Monitores - Modelo 22;Monitores;27;1480.77
2429;SKU-12422;Item 12422 Áudio - Modelo 23;Áudio;34;1484.24
2430;SKU-12423;Item 12423 Vídeo - Modelo 24;Vídeo;41;1487.71
2431;SKU-12424;Item 12424 Computadores - Modelo 25;Computadores;48;1491.18
2432;SKU-12425;Item 12425 Redes - Modelo 26;Redes;55;1494.65
2433;SKU-12426;Item 12426 Impressão - Modelo 27;Impressão;62;1498.12
2434;SKU-12427;Item 12427 Acessórios - Modelo 28;Acessórios;69;1501.59
2435;SKU-12428;Item 12428 Armazenamento - Modelo 29;Armazenamento;76;1505.06
2436;SKU-12429;Item 12429 Energia - Modelo 30;Energia;83;1508.53
2437;SKU-12430;Item 12430 Periféricos - Modelo 31;Periféricos;90;1512.00
2438;SKU-12431;Item 12431 Monitores - Modelo 32;Monitores;97;1515.47
2439;SKU-12432;Item 12432 Áudio - Modelo 33;Áudio;104;1518.94
2440;SKU-12433;Item 12433 Vídeo - Modelo 34;Vídeo;111;1522.41
2441;SKU-12434;Item 12434 Computadores - Modelo 35;Computadores;118;1525.88
2442;SKU-12435;Item 12435 Redes - Modelo 36;Redes;5;1529.35
2443;SKU-12436;Item 12436 Impressão - Modelo 37;Impressão;12;1532.82
2444;SKU-12437;Item 12437 Acessórios - Modelo 38;Acessórios;19;1536.29
2445;SKU-12438;Item 12438 Armazenamento - Modelo 39;Armazenamento;26;1539.76
2446;SKU-12439;Item 12439 Energia - Modelo 40;Energia;33;1543.23
2447;SKU-12440;Item 12440 Periféricos - Modelo 41;Periféricos;40;1546.70
2448;SKU-12441;Item 12441 Monitores - Modelo 42;Monitores;47;1550.17
2449;SKU-12442;Item 12442 Áudio - Modelo 43;Áudio;54;1553.64
2450;SKU-12443;Item 12443 Vídeo - Modelo 44;Vídeo;61;1557.11
2451;SKU-12444;Item 12444 Computadores - Modelo 45;Computadores;68;1560.58
2452;SKU-12445;Item 12445 Redes - Modelo 46;Redes;75;1564.05
2453;SKU-12446;Item 12446 Impressão - Modelo 47;Impressão;82;1567.52
2454;SKU-12447;Item 12447 Acessórios - Modelo 48;Acessórios;89;1570.99
2455;SKU-12448;Item 12448 Armazenamento - Modelo 49;Armazenamento;96;1574.46
2456;SKU-12449;Item 12449 Energia - Modelo 50;Energia;103;1577.93
2457;SKU-12450;Item 12450 Periféricos - Modelo 51;Periféricos;110;1581.40
2458;SKU-12451;Item 12451 Monitores - Modelo 52;Monitores;117;1584.87
2459;SKU-12452;Item 12452 Áudio - Modelo 53;Áudio;4;1588.34
2460;SKU-12453;Item 12453 Vídeo - Modelo 54;Vídeo;11;1591.81
2461;SKU-12454;Item 12454 Computadores - Modelo 55;Computadores;18;1595.28
2462;SKU-12455;Item 12455 Redes - Modelo 56;Redes;25;1598.75
2463;SKU-12456;Item 12456 Impressão - Modelo 57;Impressão;32;1602.22
2464;SKU-12457;Item 12457 Acessórios - Modelo 58;Acessórios;39;1605.69
2465;SKU-12458;Item 12458 Armazenamento - Modelo 59;Armazenamento;46;1609.16
2466;SKU-12459;Item 12459 Energia - Modelo 60;Energia;53;1612.63
2467;SKU-12460;Item 12460 Periféricos - Modelo 61;Periféricos;60;1616.10
2468;SKU-12461;Item 12461 Monitores - Modelo 62;Monitores;67;1619.57
2469;SKU-12462;Item 12462 Áudio - Modelo 63;Áudio;74;1623.04
2470;SKU-12463;Item 12463 Vídeo - Modelo 64;Vídeo;81;1626.51
2471;SKU-12464;Item 12464 Computadores - Modelo 65;Computadores;88;1629.98
2472;SKU-12465;Item 12465 Redes - Modelo 66;Redes;95;1633.45
2473;SKU-12466;Item 12466 Impressão - Modelo 67;Impressão;102;1636.92
2474;SKU-12467;Item 12467 Acessórios - Modelo 68;Acessórios;109;1640.39
2475;SKU-12468;Item 12468 Armazenamento - Modelo 69;Armazenamento;116;1643.86
2476;SKU-12469;Item 12469 Energia - Modelo 70;Energia;3;1647.33
2477;SKU-12470;Item 12470 Periféricos - Modelo 71;Periféricos;10;1650.80
2478;SKU-12471;Item 12471 Monitores - Modelo 72;Monitores;17;1654.27
2479;SKU-12472;Item 12472 Áudio - Modelo 73;Áudio;24;1657.74
2480;SKU-12473;Item 12473 Vídeo - Modelo 74;Vídeo;31;1661.21
2481;SKU-12474;Item 12474 Computadores - Modelo 75;Computadores;38;1664.68
2482;SKU-12475;Item 12475 Redes - Modelo 76;Redes;45;1668.15
2483;SKU-12476;Item 12476 Impressão - Modelo 77;Impressão;52;1671.62
2484;SKU-12477;Item 12477 Acessórios - Modelo 78;Acessórios;59;1675.09
2485;SKU-12478;Item 12478 Armazenamento - Modelo 79;Armazenamento;66;1678.56
2486;SKU-12479;Item 12479 Energia - Modelo 80;Energia;73;1682.03
2487;SKU-12480;Item 12480 Periféricos - Modelo 81;Periféricos;80;1685.50
2488;SKU-12481;Item 12481 Monitores - Modelo 82;Monitores;87;1688.97
2489;SKU-12482;Item 12482 Áudio - Modelo 83;Áudio;94;1692.44
2490;SKU-12483;Item 12483 Vídeo - Modelo 84;Vídeo;101;1695.91
2491;SKU-12484;Item 12484 Computadores - Modelo 85;Computadores;108;1699.38
2492;SKU-12485;Item 12485 Redes - Modelo 86;Redes;115;1702.85
2493;SKU-12486;Item 12486 Impressão - Modelo 87;Impressão;2;1706.32
2494;SKU-12487;Item 12487 Acessórios - Modelo 88;Acessórios;9;1709.79
2495;SKU-12488;Item 12488 Armazenamento - Modelo 89;Armazenamento;16;1713.26
2496;SKU-12489;Item 12489 Energia - Modelo 90;Energia;23;1716.73
2497;SKU-12490;Item 12490 Periféricos - Modelo 91;Periféricos;30;1720.20
2498;SKU-12491;Item 12491 Monitores - Modelo 92;Monitores;37;1723.67
2499;SKU-12492;Item 12492 Áudio - Modelo 93;Áudio;44;1727.14
2500;SKU-12493;Item 12493 Vídeo - Modelo 94;Vídeo;51;1730.61
2501;SKU-12494;Item 12494 Computadores - Modelo 95;Computadores;58;1734.08
2502;SKU-12495;Item 12495 Redes - Modelo 96;Redes;65;1737.55
2503;SKU-12496;Item 12496 Impressão - Modelo 97;Impressão;72;1741.02
2504;SKU-12497;Item 12497 Acessórios - Modelo 98;Acessórios;79;1744.49
2505;SKU-12498;Item 12498 Armazenamento - Modelo 99;Armazenamento;86;1747.96
2506;SKU-12499;Item 12499 Energia - Modelo 100;Energia;93;1751.43
2507;SKU-12500;Item 12500 Periféricos - Modelo 1;Periféricos;100;19.90
2508;SKU-12501;Item 12501 Monitores - Modelo 2;Monitores;107;23.37
2509;SKU-12502;Item 12502 Áudio - Modelo 3;Áudio;114;26.84
2510;SKU-12503;Item 12503 Vídeo - Modelo 4;Vídeo;1;30.31
2511;SKU-12504;Item 12504 Computadores - Modelo 5;Computadores;8;33.78
2512;SKU-12505;Item 12505 Redes - Modelo 6;Redes;15;37.25
2513;SKU-12506;Item 12506 Impressão - Modelo 7;Impressão;22;40.72
2514;SKU-12507;Item 12507 Acessórios - Modelo 8;Acessórios;29;44.19
2515;SKU-12508;Item 12508 Armazenamento - Modelo 9;Armazenamento;36;47.66
2516;SKU-12509;Item 12509 Energia - Modelo 10;Energia;43;51.13
2517;SKU-12510;Item 12510 Periféricos - Modelo 11;Periféricos;50;54.60
2518;SKU-12511;Item 12511 Monitores - Modelo 12;Monitores;57;58.07
2519;SKU-12512;Item 12512 Áudio - Modelo 13;Áudio;64;61.54
2520;SKU-12513;Item 12513 Vídeo - Modelo 14;Vídeo;71;65.01
2521;SKU-12514;Item 12514 Computadores - Modelo 15;Computadores;78;68.48
2522;SKU-12515;Item 12515 Redes - Modelo 16;Redes;85;71.95
2523;SKU-12516;Item 12516 Impressão - Modelo 17;Impressão;92;75.42
2524;SKU-12517;Item 12517 Acessórios - Modelo 18;Acessórios;99;78.89
2525;SKU-12518;Item 12518 Armazenamento - Modelo 19;Armazenamento;106;82.36
2526;SKU-12519;Item 12519 Energia - Modelo 20;Energia;113;85.83
2527;SKU-12520;Item 12520 Periféricos - Modelo 21;Periféricos;0;89.30
2528;SKU-12521;Item 12521 Monitores - Modelo 22;Monitores;7;92.77
2529;SKU-12522;Item 12522 Áudio - Modelo 23;Áudio;14;96.24
2530;SKU-12523;Item 12523 Vídeo - Modelo 24;Vídeo;21;99.71
2531;SKU-12524;Item 12524 Computadores - Modelo 25;Computadores;28;103.18
2532;SKU-12525;Item 12525 Redes - Modelo 26;Redes;35;106.65
2533;SKU-12526;Item 12526 Impressão - Modelo 27;Impressão;42;110.12
2534;SKU-12527;Item 12527 Acessórios - Modelo 28;Acessórios;49;113.59
2535;SKU-12528;Item 12528 Armazenamento - Modelo 29;Armazenamento;56;117.06
2536;SKU-12529;Item 12529 Energia - Modelo 30;Energia;63;120.53
2537;SKU-12530;Item 12530 Periféricos - Modelo 31;Periféricos;70;124.00
2538;SKU-12531;Item 12531 Monitores - Modelo 32;Monitores;77;127.47
2539;SKU-12532;Item 12532 Áudio - Modelo 33;Áudio;84;130.94
2540;SKU-12533;Item 12533 Vídeo - Modelo 34;Vídeo;91;134.41
2541;SKU-12534;Item 12534 Computadores - Modelo 35;Computadores;98;137.88
2542;SKU-12535;Item 12535 Redes - Modelo 36;Redes;105;141.35
2543;SKU-12536;Item 12536 Impressão - Modelo 37;Impressão;112;144.82
2544;SKU-12537;Item 12537 Acessórios - Modelo 38;Acessórios;119;148.29
2545;SKU-12538;Item 12538 Armazenamento - Modelo 39;Armazenamento;6;151.76
2546;SKU-12539;Item 12539 Energia - Modelo 40;Energia;13;155.23
2547;SKU-12540;Item 12540 Periféricos - Modelo 41;Periféricos;20;158.70
2548;SKU-12541;Item 12541 Monitores - Modelo 42;Monitores;27;162.17
2549;SKU-12542;Item 12542 Áudio - Modelo 43;Áudio;34;165.64
2550;SKU-12543;Item 12543 Vídeo - Modelo 44;Vídeo;41;169.11
2551;SKU-12544;Item 12544 Computadores - Modelo 45;Computadores;48;172.58
2552;SKU-12545;Item 12545 Redes - Modelo 46;Redes;55;176.05
2553;SKU-12546;Item 12546 Impressão - Modelo 47;Impressão;62;179.52
2554;SKU-12547;Item 12547 Acessórios - Modelo 48;Acessórios;69;182.99
2555;SKU-12548;Item 12548 Armazenamento - Modelo 49;Armazenamento;76;186.46
2556;SKU-12549;Item 12549 Energia - Modelo 50;Energia;83;189.93
2557;SKU-12550;Item 12550 Periféricos - Modelo 51;Periféricos;90;193.40
2558;SKU-12551;Item 12551 Monitores - Modelo 52;Monitores;97;196.87
2559;SKU-12552;Item 12552 Áudio - Modelo 53;Áudio;104;200.34
2560;SKU-12553;Item 12553 Vídeo - Modelo 54;Vídeo;111;203.81
2561;SKU-12554;Item 12554 Computadores - Modelo 55;Computadores;118;207.28
2562;SKU-12555;Item 12555 Redes - Modelo 56;Redes;5;210.75
2563;SKU-12556;Item 12556 Impressão - Modelo 57;Impressão;12;214.22
2564;SKU-12557;Item 12557 Acessórios - Modelo 58;Acessórios;19;217.69
2565;SKU-12558;Item 12558 Armazenamento - Modelo 59;Armazenamento;26;221.16
2566;SKU-12559;Item 12559 Energia - Modelo 60;Energia;33;224.63
2567;SKU-12560;Item 12560 Periféricos - Modelo 61;Periféricos;40;228.10
2568;SKU-12561;Item 12561 Monitores - Modelo 62;Monitores;47;231.57
2569;SKU-12562;Item 12562 Áudio - Modelo 63;Áudio;54;235.04
2570;SKU-12563;Item 12563 Vídeo - Modelo 64;Vídeo;61;238.51
2571;SKU-12564;Item 12564 Computadores - Modelo 65;Computadores;68;241.98
2572;SKU-12565;Item 12565 Redes - Modelo 66;Redes;75;245.45
2573;SKU-12566;Item 12566 Impressão - Modelo 67;Impressão;82;248.92
2574;SKU-12567;Item 12567 Acessórios - Modelo 68;Acessórios;89;252.39
2575;SKU-12568;Item 12568 Armazenamento - Modelo 69;Armazenamento;96;255.86
2576;SKU-12569;Item 12569 Energia - Modelo 70;Energia;103;259.33
2577;SKU-12570;Item 12570 Periféricos - Modelo 71;Periféricos;110;262.80
2578;SKU-12571;Item 12571 Monitores - Modelo 72;Monitores;117;266.27
2579;SKU-12572;Item 12572 Áudio - Modelo 73;Áudio;4;269.74
2580;SKU-12573;Item 12573 Vídeo - Modelo 74;Vídeo;11;273.21
2581;SKU-12574;Item 12574 Computadores - Modelo 75;Computadores;18;276.68
2582;SKU-12575;Item 12575 Redes - Modelo 76;Redes;25;280.15
2583;SKU-12576;Item 12576 Impressão - Modelo 77;Impressão;32;283.62
2584;SKU-12577;Item 12577 Acessórios - Modelo 78;Acessórios;39;287.09
2585;SKU-12578;Item 12578 Armazenamento - Modelo 79;Armazenamento;46;290.56
2586;SKU-12579;Item 12579 Energia - Modelo 80;Energia;53;294.03
2587;SKU-12580;Item 12580 Periféricos - Modelo 81;Periféricos;60;297.50
2588;SKU-12581;Item 12581 Monitores - Modelo 82;Monitores;67;300.97
2589;SKU-12582;Item 12582 Áudio - Modelo 83;Áudio;74;304.44
2590;SKU-12583;Item 12583 Vídeo - Modelo 84;Vídeo;81;307.91
2591;SKU-12584;Item 12584 Computadores - Modelo 85;Computadores;88;311.38
2592;SKU-12585;Item 12585 Redes - Modelo 86;Redes;95;314.85
2593;SKU-12586;Item 12586 Impressão - Modelo 87;Impressão;102;318.32
2594;SKU-12587;Item 12587 Acessórios - Modelo 88;Acessórios;109;321.79
2595;SKU-12588;Item 12588 Armazenamento - Modelo 89;Armazenamento;116;325.26
2596;SKU-12589;Item 12589 Energia - Modelo 90;Energia;3;328.73
2597;SKU-12590;Item 12590 Periféricos - Modelo 91;Periféricos;10;332.20
2598;SKU-12591;Item 12591 Monitores - Modelo 92;Monitores;17;335.67
2599;SKU-12592;Item 12592 Áudio - Modelo 93;Áudio;24;339.14
2600;SKU-12593;Item 12593 Vídeo - Modelo 94;Vídeo;31;342.61
2601;SKU-12594;Item 12594 Computadores - Modelo 95;Computadores;38;346.08
2602;SKU-12595;Item 12595 Redes - Modelo 96;Redes;45;349.55
2603;SKU-12596;Item 12596 Impressão - Modelo 97;Impressão;52;353.02
2604;SKU-12597;Item 12597 Acessórios - Modelo 98;Acessórios;59;356.49
2605;SKU-12598;Item 12598 Armazenamento - Modelo 99;Armazenamento;66;359.96
2606;SKU-12599;Item 12599 Energia - Modelo 100;Energia;73;363.43
2607;SKU-12600;Item 12600 Periféricos - Modelo 1;Periféricos;80;366.90
2608;SKU-12601;Item 12601 Monitores - Modelo 2;Monitores;87;370.37
2609;SKU-12602;Item 12602 Áudio - Modelo 3;Áudio;94;373.84
2610;SKU-12603;Item 12603 Vídeo - Modelo 4;Vídeo;101;377.31
2611;SKU-12604;Item 12604 Computadores - Modelo 5;Computadores;108;380.78
2612;SKU-12605;Item 12605 Redes - Modelo 6;Redes;115;384.25
2613;SKU-12606;Item 12606 Impressão - Modelo 7;Impressão;2;387.72
2614;SKU-12607;Item 12607 Acessórios - Modelo 8;Acessórios;9;391.19
2615;SKU-12608;Item 12608 Armazenamento - Modelo 9;Armazenamento;16;394.66
2616;SKU-12609;Item 12609 Energia - Modelo 10;Energia;23;398.13
2617;SKU-12610;Item 12610 Periféricos - Modelo 11;Periféricos;30;401.60
2618;SKU-12611;Item 12611 Monitores - Modelo 12;Monitores;37;405.07
2619;SKU-12612;Item 12612 Áudio - Modelo 13;Áudio;44;408.54
2620;SKU-12613;Item 12613 Vídeo - Modelo 14;Vídeo;51;412.01
2621;SKU-12614;Item 12614 Computadores - Modelo 15;Computadores;58;415.48
2622;SKU-12615;Item 12615 Redes - Modelo 16;Redes;65;418.95
2623;SKU-12616;Item 12616 Impressão - Modelo 17;Impressão;72;422.42
2624;SKU-12617;Item 12617 Acessórios - Modelo 18;Acessórios;79;425.89
2625;SKU-12618;Item 12618 Armazenamento - Modelo 19;Armazenamento;86;429.36
2626;SKU-12619;Item 12619 Energia - Modelo 20;Energia;93;432.83
2627;SKU-12620;Item 12620 Periféricos - Modelo 21;Periféricos;100;436.30
2628;SKU-12621;Item 12621 Monitores - Modelo 22;Monitores;107;439.77
2629;SKU-12622;Item 12622 Áudio - Modelo 23;Áudio;114;443.24
2630;SKU-12623;Item 12623 Vídeo - Modelo 24;Vídeo;1;446.71
2631;SKU-12624;Item 12624 Computadores - Modelo 25;Computadores;8;450.18
2632;SKU-12625;Item 12625 Redes - Modelo 26;Redes;15;453.65
2633;SKU-12626;Item 12626 Impressão - Modelo 27;Impressão;22;457.12
2634;SKU-12627;Item 12627 Acessórios - Modelo 28;Acessórios;29;460.59
2635;SKU-12628;Item 12628 Armazenamento - Modelo 29;Armazenamento;36;464.06
2636;SKU-12629;Item 12629 Energia - Modelo 30;Energia;43;467.53
2637;SKU-12630;Item 12630 Periféricos - Modelo 31;Periféricos;50;471.00
2638;SKU-12631;Item 12631 Monitores - Modelo 32;Monitores;57;474.47
2639;SKU-12632;Item 12632 Áudio - Modelo 33;Áudio;64;477.94
2640;SKU-12633;Item 12633 Vídeo - Modelo 34;Vídeo;71;481.41
2641;SKU-12634;Item 12634 Computadores - Modelo 35;Computadores;78;484.88
2642;SKU-12635;Item 12635 Redes - Modelo 36;Redes;85;488.35
2643;SKU-12636;Item 12636 Impressão - Modelo 37;Impressão;92;491.82
2644;SKU-12637;Item 12637 Acessórios - Modelo 38;Acessórios;99;495.29
2645;SKU-12638;Item 12638 Armazenamento - Modelo 39;Armazenamento;106;498.76
2646;SKU-12639;Item 12639 Energia - Modelo 40;Energia;113;502.23
2647;SKU-12640;Item 12640 Periféricos - Modelo 41;Periféricos;0;505.70
2648;SKU-12641;Item 12641 Monitores - Modelo 42;Monitores;7;509.17
2649;SKU-12642;Item 12642 Áudio - Modelo 43;Áudio;14;512.64
2650;SKU-12643;Item 12643 Vídeo - Modelo 44;Vídeo;21;516.11
2651;SKU-12644;Item 12644 Computadores - Modelo 45;Computadores;28;519.58
2652;SKU-12645;Item 12645 Redes - Modelo 46;Redes;35;523.05
2653;SKU-12646;Item 12646 Impressão - Modelo 47;Impressão;42;526.52
2654;SKU-12647;Item 12647 Acessórios - Modelo 48;Acessórios;49;529.99
2655;SKU-12648;Item 12648 Armazenamento - Modelo 49;Armazenamento;56;533.46
2656;SKU-12649;Item 12649 Energia - Modelo 50;Energia;63;536.93
2657;SKU-12650;Item 12650 Periféricos - Modelo 51;Periféricos;70;540.40
2658;SKU-12651;Item 12651 Monitores - Modelo 52;Monitores;77;543.87
2659;SKU-12652;Item 12652 Áudio - Modelo 53;Áudio;84;547.34
2660;SKU-12653;Item 12653 Vídeo - Modelo 54;Vídeo;91;550.81
2661;SKU-12654;Item 12654 Computadores - Modelo 55;Computadores;98;554.28
2662;SKU-12655;Item 12655 Redes - Modelo 56;Redes;105;557.75
2663;SKU-12656;Item 12656 Impressão - Modelo 57;Impressão;112;561.22
2664;SKU-12657;Item 12657 Acessórios - Modelo 58;Acessórios;119;564.69
2665;SKU-12658;Item 12658 Armazenamento - Modelo 59;Armazenamento;6;568.16
2666;SKU-12659;Item 12659 Energia - Modelo 60;Energia;13;571.63
2667;SKU-12660;Item 12660 Periféricos - Modelo 61;Periféricos;20;575.10
2668;SKU-12661;Item 12661 Monitores - Modelo 62;Monitores;27;578.57
2669;SKU-12662;Item 12662 Áudio - Modelo 63;Áudio;34;582.04
2670;SKU-12663;Item 12663 Vídeo - Modelo 64;Vídeo;41;585.51
2671;SKU-12664;Item 12664 Computadores - Modelo 65;Computadores;48;588.98
2672;SKU-12665;Item 12665 Redes - Modelo 66;Redes;55;592.45
2673;SKU-12666;Item 12666 Impressão - Modelo 67;Impressão;62;595.92
2674;SKU-12667;Item 12667 Acessórios - Modelo 68;Acessórios;69;599.39
2675;SKU-12668;Item 12668 Armazenamento - Modelo 69;Armazenamento;76;602.86
2676;SKU-12669;Item 12669 Energia - Modelo 70;Energia;83;606.33
2677;SKU-12670;Item 12670 Periféricos - Modelo 71;Periféricos;90;609.80
2678;SKU-12671;Item 12671 Monitores - Modelo 72;Monitores;97;613.27
2679;SKU-12672;Item 12672 Áudio - Modelo 73;Áudio;104;616.74
2680;SKU-12673;Item 12673 Vídeo - Modelo 74;Vídeo;111;620.21
2681;SKU-12674;Item 12674 Computadores - Modelo 75;Computadores;118;623.68
2682;SKU-12675;Item 12675 Redes - Modelo 76;Redes;5;627.15
2683;SKU-12676;Item 12676 Impressão - Modelo 77;Impressão;12;630.62
2684;SKU-12677;Item 12677 Acessórios - Modelo 78;Acessórios;19;634.09
2685;SKU-12678;Item 12678 Armazenamento - Modelo 79;Armazenamento;26;637.56
2686;SKU-12679;Item 12679 Energia - Modelo 80;Energia;33;641.03
2687;SKU-12680;Item 12680 Periféricos - Modelo 81;Periféricos;40;644.50
2688;SKU-12681;Item 12681 Monitores - Modelo 82;Monitores;47;647.97
2689;SKU-12682;Item 12682 Áudio - Modelo 83;Áudio;54;651.44
2690;SKU-12683;Item 12683 Vídeo - Modelo 84;Vídeo;61;654.91
2691;SKU-12684;Item 12684 Computadores - Modelo 85;Computadores;68;658.38
2692;SKU-12685;Item 12685 Redes - Modelo 86;Redes;75;661.85
2693;SKU-12686;Item 12686 Impressão - Modelo 87;Impressão;82;665.32
2694;SKU-12687;Item 12687 Acessórios - Modelo 88;Acessórios;89;668.79
2695;SKU-12688;Item 12688 Armazenamento - Modelo 89;Armazenamento;96;672.26
2696;SKU-12689;Item 12689 Energia - Modelo 90;Energia;103;675.73
2697;SKU-12690;Item 12690 Periféricos - Modelo 91;Periféricos;110;679.20
2698;SKU-12691;Item 12691 Monitores - Modelo 92;Monitores;117;682.67
2699;SKU-12692;Item 12692 Áudio - Modelo 93;Áudio;4;686.14
2700;SKU-12693;Item 12693 Vídeo - Modelo 94;Vídeo;11;689.61
2701;SKU-12694;Item 12694 Computadores - Modelo 95;Computadores;18;693.08
2702;SKU-12695;Item 12695 Redes - Modelo 96;Redes;25;696.55
2703;SKU-12696;Item 12696 Impressão - Modelo 97;Impressão;32;700.02
2704;SKU-12697;Item 12697 Acessórios - Modelo 98;Acessórios;39;703.49
2705;SKU-12698;Item 12698 Armazenamento - Modelo 99;Armazenamento;46;706.96
2706;SKU-12699;Item 12699 Energia - Modelo 100;Energia;53;710.43
2707;SKU-12700;Item 12700 Periféricos - Modelo 1;Periféricos;60;713.90
2708;SKU-12701;Item 12701 Monitores - Modelo 2;Monitores;67;717.37
2709;SKU-12702;Item 12702 Áudio - Modelo 3;Áudio;74;720.84
2710;SKU-12703;Item 12703 Vídeo - Modelo 4;Vídeo;81;724.31
2711;SKU-12704;Item 12704 Computadores - Modelo 5;Computadores;88;727.78
2712;SKU-12705;Item 12705 Redes - Modelo 6;Redes;95;731.25
2713;SKU-12706;Item 12706 Impressão - Modelo 7;Impressão;102;734.72
2714;SKU-12707;Item 12707 Acessórios - Modelo 8;Acessórios;109;738.19
2715;SKU-12708;Item 12708 Armazenamento - Modelo 9;Armazenamento;116;741.66
2716;SKU-12709;Item 12709 Energia - Modelo 10;Energia;3;745.13
2717;SKU-12710;Item 12710 Periféricos - Modelo 11;Periféricos;10;748.60
2718;SKU-12711;Item 12711 Monitores - Modelo 12;Monitores;17;752.07
2719;SKU-12712;Item 12712 Áudio - Modelo 13;Áudio;24;755.54
2720;SKU-12713;Item 12713 Vídeo - Modelo 14;Vídeo;31;759.01
2721;SKU-12714;Item 12714 Computadores - Modelo 15;Computadores;38;762.48
2722;SKU-12715;Item 12715 Redes - Modelo 16;Redes;45;765.95
2723;SKU-12716;Item 12716 Impressão - Modelo 17;Impressão;52;769.42
2724;SKU-12717;Item 12717 Acessórios - Modelo 18;Acessórios;59;772.89
2725;SKU-12718;Item 12718 Armazenamento - Modelo 19;Armazenamento;66;776.36
2726;SKU-12719;Item 12719 Energia - Modelo 20;Energia;73;779.83
2727;SKU-12720;Item 12720 Periféricos - Modelo 21;Periféricos;80;783.30
2728;SKU-12721;Item 12721 Monitores - Modelo 22;Monitores;87;786.77
2729;SKU-12722;Item 12722 Áudio - Modelo 23;Áudio;94;790.24
2730;SKU-12723;Item 12723 Vídeo - Modelo 24;Vídeo;101;793.71
2731;SKU-12724;Item 12724 Computadores - Modelo 25;Computadores;108;797.18
2732;SKU-12725;Item 12725 Redes - Modelo 26;Redes;115;800.65
2733;SKU-12726;Item 12726 Impressão - Modelo 27;Impressão;2;804.12
2734;SKU-12727;Item 12727 Acessórios - Modelo 28;Acessórios;9;807.59
2735;SKU-12728;Item 12728 Armazenamento - Modelo 29;Armazenamento;16;811.06
2736;SKU-12729;Item 12729 Energia - Modelo 30;Energia;23;814.53
2737;SKU-12730;Item 12730 Periféricos - Modelo 31;Periféricos;30;818.00
2738;SKU-12731;Item 12731 Monitores - Modelo 32;Monitores;37;821.47
2739;SKU-12732;Item 12732 Áudio - Modelo 33;Áudio;44;824.94
2740;SKU-12733;Item 12733 Vídeo - Modelo 34;Vídeo;51;828.41
2741;SKU-12734;Item 12734 Computadores - Modelo 35;Computadores;58;831.88
2742;SKU-12735;Item 12735 Redes - Modelo 36;Redes;65;835.35
2743;SKU-12736;Item 12736 Impressão - Modelo 37;Impressão;72;838.82
2744;SKU-12737;Item 12737 Acessórios - Modelo 38;Acessórios;79;842.29
2745;SKU-12738;Item 12738 Armazenamento - Modelo 39;Armazenamento;86;845.76
2746;SKU-12739;Item 12739 Energia - Modelo 40;Energia;93;849.23
2747;SKU-12740;Item 12740 Periféricos - Modelo 41;Periféricos;100;852.70
2748;SKU-12741;Item 12741 Monitores - Modelo 42;Monitores;107;856.17
2749;SKU-12742;Item 12742 Áudio - Modelo 43;Áudio;114;859.64
2750;SKU-12743;Item 12743 Vídeo - Modelo 44;Vídeo;1;863.11
2751;SKU-12744;Item 12744 Computadores - Modelo 45;Computadores;8;866.58
2752;SKU-12745;Item 12745 Redes - Modelo 46;Redes;15;870.05
2753;SKU-12746;Item 12746 Impressão - Modelo 47;Impressão;22;873.52
2754;SKU-12747;Item 12747 Acessórios - Modelo 48;Acessórios;29;876.99
2755;SKU-12748;Item 12748 Armazenamento - Modelo 49;Armazenamento;36;880.46
2756;SKU-12749;Item 12749 Energia - Modelo 50;Energia;43;883.93
2757;SKU-12750;Item 12750 Periféricos - Modelo 51;Periféricos;50;887.40
2758;SKU-12751;Item 12751 Monitores - Modelo 52;Monitores;57;890.87
2759;SKU-12752;Item 12752 Áudio - Modelo 53;Áudio;64;894.34
2760;SKU-12753;Item 12753 Vídeo - Modelo 54;Vídeo;71;897.81
2761;SKU-12754;Item 12754 Computadores - Modelo 55;Computadores;78;901.28
2762;SKU-12755;Item 12755 Redes - Modelo 56;Redes;85;904.75
2763;SKU-12756;Item 12756 Impressão - Modelo 57;Impressão;92;908.22
2764;SKU-12757;Item 12757 Acessórios - Modelo 58;Acessórios;99;911.69
2765;SKU-12758;Item 12758 Armazenamento - Modelo 59;Armazenamento;106;915.16
2766;SKU-12759;Item 12759 Energia - Modelo 60;Energia;113;918.63
2767;SKU-12760;Item 12760 Periféricos - Modelo 61;Periféricos;0;922.10
2768;SKU-12761;Item 12761 Monitores - Modelo 62;Monitores;7;925.57
2769;SKU-12762;Item 12762 Áudio - Modelo 63;Áudio;14;929.04
2770;SKU-12763;Item 12763 Vídeo - Modelo 64;Vídeo;21;932.51
2771;SKU-12764;Item 12764 Computadores - Modelo 65;Computadores;28;935.98
2772;SKU-12765;Item 12765 Redes - Modelo 66;Redes;35;939.45
2773;SKU-12766;Item 12766 Impressão - Modelo 67;Impressão;42;942.92
2774;SKU-12767;Item 12767 Acessórios - Modelo 68;Acessórios;49;946.39
2775;SKU-12768;Item 12768 Armazenamento - Modelo 69;Armazenamento;56;949.86
2776;SKU-12769;Item 12769 Energia - Modelo 70;Energia;63;953.33
2777;SKU-12770;Item 12770 Periféricos - Modelo 71;Periféricos;70;956.80
2778;SKU-12771;Item 12771 Monitores - Modelo 72;Monitores;77;960.27
2779;SKU-12772;Item 12772 Áudio - Modelo 73;Áudio;84;963.74
2780;SKU-12773;Item 12773 Vídeo - Modelo 74;Vídeo;91;967.21
2781;SKU-12774;Item 12774 Computadores - Modelo 75;Computadores;98;970.68
2782;SKU-12775;Item 12775 Redes - Modelo 76;Redes;105;974.15
2783;SKU-12776;Item 12776 Impressão - Modelo 77;Impressão;112;977.62
2784;SKU-12777;Item 12777 Acessórios - Modelo 78;Acessórios;119;981.09
2785;SKU-12778;Item 12778 Armazenamento - Modelo 79;Armazenamento;6;984.56
2786;SKU-12779;Item 12779 Energia - Modelo 80;Energia;13;988.03
2787;SKU-12780;Item 12780 Periféricos - Modelo 81;Periféricos;20;991.50
2788;SKU-12781;Item 12781 Monitores - Modelo 82;Monitores;27;994.97
2789;SKU-12782;Item 12782 Áudio - Modelo 83;Áudio;34;998.44
2790;SKU-12783;Item 12783 Vídeo - Modelo 84;Vídeo;41;1001.91
2791;SKU-12784;Item 12784 Computadores - Modelo 85;Computadores;48;1005.38
2792;SKU-12785;Item 12785 Redes - Modelo 86;Redes;55;1008.85
2793;SKU-12786;Item 12786 Impressão - Modelo 87;Impressão;62;1012.32
2794;SKU-12787;Item 12787 Acessórios - Modelo 88;Acessórios;69;1015.79
2795;SKU-12788;Item 12788 Armazenamento - Modelo 89;Armazenamento;76;1019.26
2796;SKU-12789;Item 12789 Energia - Modelo 90;Energia;83;1022.73
2797;SKU-12790;Item 12790 Periféricos - Modelo 91;Periféricos;90;1026.20
2798;SKU-12791;Item 12791 Monitores - Modelo 92;Monitores;97;1029.67
2799;SKU-12792;Item 12792 Áudio - Modelo 93;Áudio;104;1033.14
2800;SKU-12793;Item 12793 Vídeo - Modelo 94;Vídeo;111;1036.61
2801;SKU-12794;Item 12794 Computadores - Modelo 95;Computadores;118;1040.08
2802;SKU-12795;Item 12795 Redes - Modelo 96;Redes;5;1043.55
2803;SKU-12796;Item 12796 Impressão - Modelo 97;Impressão;12;1047.02
2804;SKU-12797;Item 12797 Acessórios - Modelo 98;Acessórios;19;1050.49
2805;SKU-12798;Item 12798 Armazenamento - Modelo 99;Armazenamento;26;1053.96
2806;SKU-12799;Item 12799 Energia - Modelo 100;Energia;33;1057.43
2807;SKU-12800;Item 12800 Periféricos - Modelo 1;Periféricos;40;1060.90
2808;SKU-12801;Item 12801 Monitores - Modelo 2;Monitores;47;1064.37
2809;SKU-12802;Item 12802 Áudio - Modelo 3;Áudio;54;1067.84
2810;SKU-12803;Item 12803 Vídeo - Modelo 4;Vídeo;61;1071.31
2811;SKU-12804;Item 12804 Computadores - Modelo 5;Computadores;68;1074.78
2812;SKU-12805;Item 12805 Redes - Modelo 6;Redes;75;1078.25
2813;SKU-12806;Item 12806 Impressão - Modelo 7;Impressão;82;1081.72
2814;SKU-12807;Item 12807 Acessórios - Modelo 8;Acessórios;89;1085.19
2815;SKU-12808;Item 12808 Armazenamento - Modelo 9;Armazenamento;96;1088.66
2816;SKU-12809;Item 12809 Energia - Modelo 10;Energia;103;1092.13
2817;SKU-12810;Item 12810 Periféricos - Modelo 11;Periféricos;110;1095.60
2818;SKU-12811;Item 12811 Monitores - Modelo 12;Monitores;117;1099.07
2819;SKU-12812;Item 12812 Áudio - Modelo 13;Áudio;4;1102.54
2820;SKU-12813;Item 12813 Vídeo - Modelo 14;Vídeo;11;1106.01
2821;SKU-12814;Item 12814 Computadores - Modelo 15;Computadores;18;1109.48
2822;SKU-12815;Item 12815 Redes - Modelo 16;Redes;25;1112.95
2823;SKU-12816;Item 12816 Impressão - Modelo 17;Impressão;32;1116.42
2824;SKU-12817;Item 12817 Acessórios - Modelo 18;Acessórios;39;1119.89
2825;SKU-12818;Item 12818 Armazenamento - Modelo 19;Armazenamento;46;1123.36
2826;SKU-12819;Item 12819 Energia - Modelo 20;Energia;53;1126.83
2827;SKU-12820;Item 12820 Periféricos - Modelo 21;Periféricos;60;1130.30
2828;SKU-12821;Item 12821 Monitores - Modelo 22;Monitores;67;1133.77
2829;SKU-12822;Item 12822 Áudio - Modelo 23;Áudio;74;1137.24
2830;SKU-12823;Item 12823 Vídeo - Modelo 24;Vídeo;81;1140.71
2831;SKU-12824;Item 12824 Computadores - Modelo 25;Computadores;88;1144.18
2832;SKU-12825;Item 12825 Redes - Modelo 26;Redes;95;1147.65
2833;SKU-12826;Item 12826 Impressão - Modelo 27;Impressão;102;1151.12
2834;SKU-12827;Item 12827 Acessórios - Modelo 28;Acessórios;109;1154.59
2835;SKU-12828;Item 12828 Armazenamento - Modelo 29;Armazenamento;116;1158.06
2836;SKU-12829;Item 12829 Energia - Modelo 30;Energia;3;1161.53
2837;SKU-12830;Item 12830 Periféricos - Modelo 31;Periféricos;10;1165.00
2838;SKU-12831;Item 12831 Monitores - Modelo 32;Monitores;17;1168.47
2839;SKU-12832;Item 12832 Áudio - Modelo 33;Áudio;24;1171.94
2840;SKU-12833;Item 12833 Vídeo - Modelo 34;Vídeo;31;1175.41
2841;SKU-12834;Item 12834 Computadores - Modelo 35;Computadores;38;1178.88
2842;SKU-12835;Item 12835 Redes - Modelo 36;Redes;45;1182.35
2843;SKU-12836;Item 12836 Impressão - Modelo 37;Impressão;52;1185.82
2844;SKU-12837;Item 12837 Acessórios - Modelo 38;Acessórios;59;1189.29
2845;SKU-12838;Item 12838 Armazenamento - Modelo 39;Armazenamento;66;1192.76
2846;SKU-12839;Item 12839 Energia - Modelo 40;Energia;73;1196.23
2847;SKU-12840;Item 12840 Periféricos - Modelo 41;Periféricos;80;1199.70
2848;SKU-12841;Item 12841 Monitores - Modelo 42;Monitores;87;1203.17
2849;SKU-12842;Item 12842 Áudio - Modelo 43;Áudio;94;1206.64
2850;SKU-12843;Item 12843 Vídeo - Modelo 44;Vídeo;101;1210.11
2851;SKU-12844;Item 12844 Computadores - Modelo 45;Computadores;108;1213.58
2852;SKU-12845;Item 12845 Redes - Modelo 46;Redes;115;1217.05
2853;SKU-12846;Item 12846 Impressão - Modelo 47;Impressão;2;1220.52
2854;SKU-12847;Item 12847 Acessórios - Modelo 48;Acessórios;9;1223.99
2855;SKU-12848;Item 12848 Armazenamento - Modelo 49;Armazenamento;16;1227.46
2856;SKU-12849;Item 12849 Energia - Modelo 50;Energia;23;1230.93
2857;SKU-12850;Item 12850 Periféricos - Modelo 51;Periféricos;30;1234.40
2858;SKU-12851;Item 12851 Monitores - Modelo 52;Monitores;37;1237.87
2859;SKU-12852;Item 12852 Áudio - Modelo 53;Áudio;44;1241.34
2860;SKU-12853;Item 12853 Vídeo - Modelo 54;Vídeo;51;1244.81
2861;SKU-12854;Item 12854 Computadores - Modelo 55;Computadores;58;1248.28
2862;SKU-12855;Item 12855 Redes - Modelo 56;Redes;65;1251.75
2863;SKU-12856;Item 12856 Impressão - Modelo 57;Impressão;72;1255.22
2864;SKU-12857;Item 12857 Acessórios - Modelo 58;Acessórios;79;1258.69
2865;SKU-12858;Item 12858 Armazenamento - Modelo 59;Armazenamento;86;1262.16
2866;SKU-12859;Item 12859 Energia - Modelo 60;Energia;93;1265.63
2867;SKU-12860;Item 12860 Periféricos - Modelo 61;Periféricos;100;1269.10
2868;SKU-12861;Item 12861 Monitores - Modelo 62;Monitores;107;1272.57
2869;SKU-12862;Item 12862 Áudio - Modelo 63;Áudio;114;1276.04
2870;SKU-12863;Item 12863 Vídeo - Modelo 64;Vídeo;1;1279.51
2871;SKU-12864;Item 12864 Computadores - Modelo 65;Computadores;8;1282.98
2872;SKU-12865;Item 12865 Redes - Modelo 66;Redes;15;1286.45
2873;SKU-12866;Item 12866 Impressão - Modelo 67;Impressão;22;1289.92
2874;SKU-12867;Item 12867 Acessórios - Modelo 68;Acessórios;29;1293.39
2875;SKU-12868;Item 12868 Armazenamento - Modelo 69;Armazenamento;36;1296.86
2876;SKU-12869;Item 12869 Energia - Modelo 70;Energia;43;1300.33
2877;SKU-12870;Item 12870 Periféricos - Modelo 71;Periféricos;50;1303.80
2878;SKU-12871;Item 12871 Monitores - Modelo 72;Monitores;57;1307.27
2879;SKU-12872;Item 12872 Áudio - Modelo 73;Áudio;64;1310.74
2880;SKU-12873;Item 12873 Vídeo - Modelo 74;Vídeo;71;1314.21
2881;SKU-12874;Item 12874 Computadores - Modelo 75;Computadores;78;1317.68
2882;SKU-12875;Item 12875 Redes - Modelo 76;Redes;85;1321.15
2883;SKU-12876;Item 12876 Impressão - Modelo 77;Impressão;92;1324.62
2884;SKU-12877;Item 12877 Acessórios - Modelo 78;Acessórios;99;1328.09
2885;SKU-12878;Item 12878 Armazenamento - Modelo 79;Armazenamento;106;1331.56
2886;SKU-12879;Item 12879 Energia - Modelo 80;Energia;113;1335.03
2887;SKU-12880;Item 12880 Periféricos - Modelo 81;Periféricos;0;1338.50
2888;SKU-12881;Item 12881 Monitores - Modelo 82;Monitores;7;1341.97
2889;SKU-12882;Item 12882 Áudio - Modelo 83;Áudio;14;1345.44
2890;SKU-12883;Item 12883 Vídeo - Modelo 84;Vídeo;21;1348.91
2891;SKU-12884;Item 12884 Computadores - Modelo 85;Computadores;28;1352.38
2892;SKU-12885;Item 12885 Redes - Modelo 86;Redes;35;1355.85
2893;SKU-12886;Item 12886 Impressão - Modelo 87;Impressão;42;1359.32
2894;SKU-12887;Item 12887 Acessórios - Modelo 88;Acessórios;49;1362.79
2895;SKU-12888;Item 12888 Armazenamento - Modelo 89;Armazenamento;56;1366.26
2896;SKU-12889;Item 12889 Energia - Modelo 90;Energia;63;1369.73
2897;SKU-12890;Item 12890 Periféricos - Modelo 91;Periféricos;70;1373.20
2898;SKU-12891;Item 12891 Monitores - Modelo 92;Monitores;77;1376.67
2899;SKU-12892;Item 12892 Áudio - Modelo 93;Áudio;84;1380.14
2900;SKU-12893;Item 12893 Vídeo - Modelo 94;Vídeo;91;1383.61
2901;SKU-12894;Item 12894 Computadores - Modelo 95;Computadores;98;1387.08
2902;SKU-12895;Item 12895 Redes - Modelo 96;Redes;105;1390.55
2903;SKU-12896;Item 12896 Impressão - Modelo 97;Impressão;112;1394.02
2904;SKU-12897;Item 12897 Acessórios - Modelo 98;Acessórios;119;1397.49
2905;SKU-12898;Item 12898 Armazenamento - Modelo 99;Armazenamento;6;1400.96
2906;SKU-12899;Item 12899 Energia - Modelo 100;Energia;13;1404.43
2907;SKU-12900;Item 12900 Periféricos - Modelo 1;Periféricos;20;1407.90
2908;SKU-12901;Item 12901 Monitores - Modelo 2;Monitores;27;1411.37
2909;SKU-12902;Item 12902 Áudio - Modelo 3;Áudio;34;1414.84
2910;SKU-12903;Item 12903 Vídeo - Modelo 4;Vídeo;41;1418.31
2911;SKU-12904;Item 12904 Computadores - Modelo 5;Computadores;48;1421.78
2912;SKU-12905;Item 12905 Redes - Modelo 6;Redes;55;1425.25
2913;SKU-12906;Item 12906 Impressão - Modelo 7;Impressão;62;1428.72
2914;SKU-12907;Item 12907 Acessórios - Modelo 8;Acessórios;69;1432.19
2915;SKU-12908;Item 12908 Armazenamento - Modelo 9;Armazenamento;76;1435.66
2916;SKU-12909;Item 12909 Energia - Modelo 10;Energia;83;1439.13
2917;SKU-12910;Item 12910 Periféricos - Modelo 11;Periféricos;90;1442.60
2918;SKU-12911;Item 12911 Monitores - Modelo 12;Monitores;97;1446.07
2919;SKU-12912;Item 12912 Áudio - Modelo 13;Áudio;104;1449.54
2920;SKU-12913;Item 12913 Vídeo - Modelo 14;Vídeo;111;1453.01
2921;SKU-12914;Item 12914 Computadores - Modelo 15;Computadores;118;1456.48
2922;SKU-12915;Item 12915 Redes - Modelo 16;Redes;5;1459.95
2923;SKU-12916;Item 12916 Impressão - Modelo 17;Impressão;12;1463.42
2924;SKU-12917;Item 12917 Acessórios - Modelo 18;Acessórios;19;1466.89
2925;SKU-12918;Item 12918 Armazenamento - Modelo 19;Armazenamento;26;1470.36
2926;SKU-12919;Item 12919 Energia - Modelo 20;Energia;33;1473.83
2927;SKU-12920;Item 12920 Periféricos - Modelo 21;Periféricos;40;1477.30
2928;SKU-12921;Item 12921 Monitores - Modelo 22;Monitores;47;1480.77
2929;SKU-12922;Item 12922 Áudio - Modelo 23;Áudio;54;1484.24
2930;SKU-12923;Item 12923 Vídeo - Modelo 24;Vídeo;61;1487.71
2931;SKU-12924;Item 12924 Computadores - Modelo 25;Computadores;68;1491.18
2932;SKU-12925;Item 12925 Redes - Modelo 26;Redes;75;1494.65
2933;SKU-12926;Item 12926 Impressão - Modelo 27;Impressão;82;1498.12
2934;SKU-12927;Item 12927 Acessórios - Modelo 28;Acessórios;89;1501.59
2935;SKU-12928;Item 12928 Armazenamento - Modelo 29;Armazenamento;96;1505.06
2936;SKU-12929;Item 12929 Energia - Modelo 30;Energia;103;1508.53
2937;SKU-12930;Item 12930 Periféricos - Modelo 31;Periféricos;110;1512.00
2938;SKU-12931;Item 12931 Monitores - Modelo 32;Monitores;117;1515.47
2939;SKU-12932;Item 12932 Áudio - Modelo 33;Áudio;4;1518.94
2940;SKU-12933;Item 12933 Vídeo - Modelo 34;Vídeo;11;1522.41
2941;SKU-12934;Item 12934 Computadores - Modelo 35;Computadores;18;1525.88
2942;SKU-12935;Item 12935 Redes - Modelo 36;Redes;25;1529.35
2943;SKU-12936;Item 12936 Impressão - Modelo 37;Impressão;32;1532.82
2944;SKU-12937;Item 12937 Acessórios - Modelo 38;Acessórios;39;1536.29
2945;SKU-12938;Item 12938 Armazenamento - Modelo 39;Armazenamento;46;1539.76
2946;SKU-12939;Item 12939 Energia - Modelo 40;Energia;53;1543.23
2947;SKU-12940;Item 12940 Periféricos - Modelo 41;Periféricos;60;1546.70
2948;SKU-12941;Item 12941 Monitores - Modelo 42;Monitores;67;1550.17
2949;SKU-12942;Item 12942 Áudio - Modelo 43;Áudio;74;1553.64
2950;SKU-12943;Item 12943 Vídeo - Modelo 44;Vídeo;81;1557.11
2951;SKU-12944;Item 12944 Computadores - Modelo 45;Computadores;88;1560.58
2952;SKU-12945;Item 12945 Redes - Modelo 46;Redes;95;1564.05
2953;SKU-12946;Item 12946 Impressão - Modelo 47;Impressão;102;1567.52
2954;SKU-12947;Item 12947 Acessórios - Modelo 48;Acessórios;109;1570.99
2955;SKU-12948;Item 12948 Armazenamento - Modelo 49;Armazenamento;116;1574.46
2956;SKU-12949;Item 12949 Energia - Modelo 50;Energia;3;1577.93
2957;SKU-12950;Item 12950 Periféricos - Modelo 51;Periféricos;10;1581.40
2958;SKU-12951;Item 12951 Monitores - Modelo 52;Monitores;17;1584.87
2959;SKU-12952;Item 12952 Áudio - Modelo 53;Áudio;24;1588.34
2960;SKU-12953;Item 12953 Vídeo - Modelo 54;Vídeo;31;1591.81
2961;SKU-12954;Item 12954 Computadores - Modelo 55;Computadores;38;1595.28
2962;SKU-12955;Item 12955 Redes - Modelo 56;Redes;45;1598.75
2963;SKU-12956;Item 12956 Impressão - Modelo 57;Impressão;52;1602.22
2964;SKU-12957;Item 12957 Acessórios - Modelo 58;Acessórios;59;1605.69
2965;SKU-12958;Item 12958 Armazenamento - Modelo 59;Armazenamento;66;1609.16
2966;SKU-12959;Item 12959 Energia - Modelo 60;Energia;73;1612.63
2967;SKU-12960;Item 12960 Periféricos - Modelo 61;Periféricos;80;1616.10
2968;SKU-12961;Item 12961 Monitores - Modelo 62;Monitores;87;1619.57
2969;SKU-12962;Item 12962 Áudio - Modelo 63;Áudio;94;1623.04
2970;SKU-12963;Item 12963 Vídeo - Modelo 64;Vídeo;101;1626.51
2971;SKU-12964;Item 12964 Computadores - Modelo 65;Computadores;108;1629.98
2972;SKU-12965;Item 12965 Redes - Modelo 66;Redes;115;1633.45
2973;SKU-12966;Item 12966 Impressão - Modelo 67;Impressão;2;1636.92
2974;SKU-12967;Item 12967 Acessórios - Modelo 68;Acessórios;9;1640.39
2975;SKU-12968;Item 12968 Armazenamento - Modelo 69;Armazenamento;16;1643.86
2976;SKU-12969;Item 12969 Energia - Modelo 70;Energia;23;1647.33
2977;SKU-12970;Item 12970 Periféricos - Modelo 71;Periféricos;30;1650.80
2978;SKU-12971;Item 12971 Monitores - Modelo 72;Monitores;37;1654.27
2979;SKU-12972;Item 12972 Áudio - Modelo 73;Áudio;44;1657.74
2980;SKU-12973;Item 12973 Vídeo - Modelo 74;Vídeo;51;1661.21
2981;SKU-12974;Item 12974 Computadores - Modelo 75;Computadores;58;1664.68
2982;SKU-12975;Item 12975 Redes - Modelo 76;Redes;65;1668.15
2983;SKU-12976;Item 12976 Impressão - Modelo 77;Impressão;72;1671.62
2984;SKU-12977;Item 12977 Acessórios - Modelo 78;Acessórios;79;1675.09
2985;SKU-12978;Item 12978 Armazenamento - Modelo 79;Armazenamento;86;1678.56
2986;SKU-12979;Item 12979 Energia - Modelo 80;Energia;93;1682.03
2987;SKU-12980;Item 12980 Periféricos - Modelo 81;Periféricos;100;1685.50
2988;SKU-12981;Item 12981 Monitores - Modelo 82;Monitores;107;1688.97
2989;SKU-12982;Item 12982 Áudio - Modelo 83;Áudio;114;1692.44
2990;SKU-12983;Item 12983 Vídeo - Modelo 84;Vídeo;1;1695.91
2991;SKU-12984;Item 12984 Computadores - Modelo 85;Computadores;8;1699.38
2992;SKU-12985;Item 12985 Redes - Modelo 86;Redes;15;1702.85
2993;SKU-12986;Item 12986 Impressão - Modelo 87;Impressão;22;1706.32
2994;SKU-12987;Item 12987 Acessórios - Modelo 88;Acessórios;29;1709.79
2995;SKU-12988;Item 12988 Armazenamento - Modelo 89;Armazenamento;36;1713.26
2996;SKU-12989;Item 12989 Energia - Modelo 90;Energia;43;1716.73
2997;SKU-12990;Item 12990 Periféricos - Modelo 91;Periféricos;50;1720.20
2998;SKU-12991;Item 12991 Monitores - Modelo 92;Monitores;57;1723.67
2999;SKU-12992;Item 12992 Áudio - Modelo 93;Áudio;64;1727.14
3000;SKU-12993;Item 12993 Vídeo - Modelo 94;Vídeo;71;1730.61
3001;SKU-12994;Item 12994 Computadores - Modelo 95;Computadores;78;1734.08
3002;SKU-12995;Item 12995 Redes - Modelo 96;Redes;85;1737.55
3003;SKU-12996;Item 12996 Impressão - Modelo 97;Impressão;92;1741.02
3004;SKU-12997;Item 12997 Acessórios - Modelo 98;Acessórios;99;1744.49
3005;SKU-12998;Item 12998 Armazenamento - Modelo 99;Armazenamento;106;1747.96
3006;SKU-12999;Item 12999 Energia - Modelo 100;Energia;113;1751.43
3007;SKU-13000;Item 13000 Periféricos - Modelo 1;Periféricos;0;19.90
3008;SKU-13001;Item 13001 Monitores - Modelo 2;Monitores;7;23.37
3009;SKU-13002;Item 13002 Áudio - Modelo 3;Áudio;14;26.84
3010;SKU-13003;Item 13003 Vídeo - Modelo 4;Vídeo;21;30.31
3011;SKU-13004;Item 13004 Computadores - Modelo 5;Computadores;28;33.78
3012;SKU-13005;Item 13005 Redes - Modelo 6;Redes;35;37.25
3013;SKU-13006;Item 13006 Impressão - Modelo 7;Impressão;42;40.72
3014;SKU-13007;Item 13007 Acessórios - Modelo 8;Acessórios;49;44.19
3015;SKU-13008;Item 13008 Armazenamento - Modelo 9;Armazenamento;56;47.66
3016;SKU-13009;Item 13009 Energia - Modelo 10;Energia;63;51.13
3017;SKU-13010;Item 13010 Periféricos - Modelo 11;Periféricos;70;54.60
3018;SKU-13011;Item 13011 Monitores - Modelo 12;Monitores;77;58.07
3019;SKU-13012;Item 13012 Áudio - Modelo 13;Áudio;84;61.54
3020;SKU-13013;Item 13013 Vídeo - Modelo 14;Vídeo;91;65.01
3021;SKU-13014;Item 13014 Computadores - Modelo 15;Computadores;98;68.48
3022;SKU-13015;Item 13015 Redes - Modelo 16;Redes;105;71.95
3023;SKU-13016;Item 13016 Impressão - Modelo 17;Impressão;112;75.42
3024;SKU-13017;Item 13017 Acessórios - Modelo 18;Acessórios;119;78.89
3025;SKU-13018;Item 13018 Armazenamento - Modelo 19;Armazenamento;6;82.36
3026;SKU-13019;Item 13019 Energia - Modelo 20;Energia;13;85.83
3027;SKU-13020;Item 13020 Periféricos - Modelo 21;Periféricos;20;89.30
3028;SKU-13021;Item 13021 Monitores - Modelo 22;Monitores;27;92.77
3029;SKU-13022;Item 13022 Áudio - Modelo 23;Áudio;34;96.24
3030;SKU-13023;Item 13023 Vídeo - Modelo 24;Vídeo;41;99.71
3031;SKU-13024;Item 13024 Computadores - Modelo 25;Computadores;48;103.18
3032;SKU-13025;Item 13025 Redes - Modelo 26;Redes;55;106.65
3033;SKU-13026;Item 13026 Impressão - Modelo 27;Impressão;62;110.12
3034;SKU-13027;Item 13027 Acessórios - Modelo 28;Acessórios;69;113.59
3035;SKU-13028;Item 13028 Armazenamento - Modelo 29;Armazenamento;76;117.06
3036;SKU-13029;Item 13029 Energia - Modelo 30;Energia;83;120.53
3037;SKU-13030;Item 13030 Periféricos - Modelo 31;Periféricos;90;124.00
3038;SKU-13031;Item 13031 Monitores - Modelo 32;Monitores;97;127.47
3039;SKU-13032;Item 13032 Áudio - Modelo 33;Áudio;104;130.94
3040;SKU-13033;Item 13033 Vídeo - Modelo 34;Vídeo;111;134.41
3041;SKU-13034;Item 13034 Computadores - Modelo 35;Computadores;118;137.88
3042;SKU-13035;Item 13035 Redes - Modelo 36;Redes;5;141.35
3043;SKU-13036;Item 13036 Impressão - Modelo 37;Impressão;12;144.82
3044;SKU-13037;Item 13037 Acessórios - Modelo 38;Acessórios;19;148.29
3045;SKU-13038;Item 13038 Armazenamento - Modelo 39;Armazenamento;26;151.76
3046;SKU-13039;Item 13039 Energia - Modelo 40;Energia;33;155.23
3047;SKU-13040;Item 13040 Periféricos - Modelo 41;Periféricos;40;158.70
3048;SKU-13041;Item 13041 Monitores - Modelo 42;Monitores;47;162.17
3049;SKU-13042;Item 13042 Áudio - Modelo 43;Áudio;54;165.64
3050;SKU-13043;Item 13043 Vídeo - Modelo 44;Vídeo;61;169.11
3051;SKU-13044;Item 13044 Computadores - Modelo 45;Computadores;68;172.58
3052;SKU-13045;Item 13045 Redes - Modelo 46;Redes;75;176.05
3053;SKU-13046;Item 13046 Impressão - Modelo 47;Impressão;82;179.52
3054;SKU-13047;Item 13047 Acessórios - Modelo 48;Acessórios;89;182.99
3055;SKU-13048;Item 13048 Armazenamento - Modelo 49;Armazenamento;96;186.46
3056;SKU-13049;Item 13049 Energia - Modelo 50;Energia;103;189.93
3057;SKU-13050;Item 13050 Periféricos - Modelo 51;Periféricos;110;193.40
3058;SKU-13051;Item 13051 Monitores - Modelo 52;Monitores;117;196.87
3059;SKU-13052;Item 13052 Áudio - Modelo 53;Áudio;4;200.34
3060;SKU-13053;Item 13053 Vídeo - Modelo 54;Vídeo;11;203.81
3061;SKU-13054;Item 13054 Computadores - Modelo 55;Computadores;18;207.28
3062;SKU-13055;Item 13055 Redes - Modelo 56;Redes;25;210.75
3063;SKU-13056;Item 13056 Impressão - Modelo 57;Impressão;32;214.22
3064;SKU-13057;Item 13057 Acessórios - Modelo 58;Acessórios;39;217.69
3065;SKU-13058;Item 13058 Armazenamento - Modelo 59;Armazenamento;46;221.16
3066;SKU-13059;Item 13059 Energia - Modelo 60;Energia;53;224.63
3067;SKU-13060;Item 13060 Periféricos - Modelo 61;Periféricos;60;228.10
3068;SKU-13061;Item 13061 Monitores - Modelo 62;Monitores;67;231.57
3069;SKU-13062;Item 13062 Áudio - Modelo 63;Áudio;74;235.04
3070;SKU-13063;Item 13063 Vídeo - Modelo 64;Vídeo;81;238.51
3071;SKU-13064;Item 13064 Computadores - Modelo 65;Computadores;88;241.98
3072;SKU-13065;Item 13065 Redes - Modelo 66;Redes;95;245.45
3073;SKU-13066;Item 13066 Impressão - Modelo 67;Impressão;102;248.92
3074;SKU-13067;Item 13067 Acessórios - Modelo 68;Acessórios;109;252.39
3075;SKU-13068;Item 13068 Armazenamento - Modelo 69;Armazenamento;116;255.86
3076;SKU-13069;Item 13069 Energia - Modelo 70;Energia;3;259.33
3077;SKU-13070;Item 13070 Periféricos - Modelo 71;Periféricos;10;262.80
3078;SKU-13071;Item 13071 Monitores - Modelo 72;Monitores;17;266.27
3079;SKU-13072;Item 13072 Áudio - Modelo 73;Áudio;24;269.74
3080;SKU-13073;Item 13073 Vídeo - Modelo 74;Vídeo;31;273.21
3081;SKU-13074;Item 13074 Computadores - Modelo 75;Computadores;38;276.68
3082;SKU-13075;Item 13075 Redes - Modelo 76;Redes;45;280.15
3083;SKU-13076;Item 13076 Impressão - Modelo 77;Impressão;52;283.62
3084;SKU-13077;Item 13077 Acessórios - Modelo 78;Acessórios;59;287.09
3085;SKU-13078;Item 13078 Armazenamento - Modelo 79;Armazenamento;66;290.56
3086;SKU-13079;Item 13079 Energia - Modelo 80;Energia;73;294.03
3087;SKU-13080;Item 13080 Periféricos - Modelo 81;Periféricos;80;297.50
3088;SKU-13081;Item 13081 Monitores - Modelo 82;Monitores;87;300.97
3089;SKU-13082;Item 13082 Áudio - Modelo 83;Áudio;94;304.44
3090;SKU-13083;Item 13083 Vídeo - Modelo 84;Vídeo;101;307.91
3091;SKU-13084;Item 13084 Computadores - Modelo 85;Computadores;108;311.38
3092;SKU-13085;Item 13085 Redes - Modelo 86;Redes;115;314.85
3093;SKU-13086;Item 13086 Impressão - Modelo 87;Impressão;2;318.32
3094;SKU-13087;Item 13087 Acessórios - Modelo 88;Acessórios;9;321.79
3095;SKU-13088;Item 13088 Armazenamento - Modelo 89;Armazenamento;16;325.26
3096;SKU-13089;Item 13089 Energia - Modelo 90;Energia;23;328.73
3097;SKU-13090;Item 13090 Periféricos - Modelo 91;Periféricos;30;332.20
3098;SKU-13091;Item 13091 Monitores - Modelo 92;Monitores;37;335.67
3099;SKU-13092;Item 13092 Áudio - Modelo 93;Áudio;44;339.14
3100;SKU-13093;Item 13093 Vídeo - Modelo 94;Vídeo;51;342.61
3101;SKU-13094;Item 13094 Computadores - Modelo 95;Computadores;58;346.08
3102;SKU-13095;Item 13095 Redes - Modelo 96;Redes;65;349.55
3103;SKU-13096;Item 13096 Impressão - Modelo 97;Impressão;72;353.02
3104;SKU-13097;Item 13097 Acessórios - Modelo 98;Acessórios;79;356.49
3105;SKU-13098;Item 13098 Armazenamento - Modelo 99;Armazenamento;86;359.96
3106;SKU-13099;Item 13099 Energia - Modelo 100;Energia;93;363.43
3107;SKU-13100;Item 13100 Periféricos - Modelo 1;Periféricos;100;366.90
3108;SKU-13101;Item 13101 Monitores - Modelo 2;Monitores;107;370.37
3109;SKU-13102;Item 13102 Áudio - Modelo 3;Áudio;114;373.84
3110;SKU-13103;Item 13103 Vídeo - Modelo 4;Vídeo;1;377.31
3111;SKU-13104;Item 13104 Computadores - Modelo 5;Computadores;8;380.78
3112;SKU-13105;Item 13105 Redes - Modelo 6;Redes;15;384.25
3113;SKU-13106;Item 13106 Impressão - Modelo 7;Impressão;22;387.72
3114;SKU-13107;Item 13107 Acessórios - Modelo 8;Acessórios;29;391.19
3115;SKU-13108;Item 13108 Armazenamento - Modelo 9;Armazenamento;36;394.66
3116;SKU-13109;Item 13109 Energia - Modelo 10;Energia;43;398.13
3117;SKU-13110;Item 13110 Periféricos - Modelo 11;Periféricos;50;401.60
3118;SKU-13111;Item 13111 Monitores - Modelo 12;Monitores;57;405.07
3119;SKU-13112;Item 13112 Áudio - Modelo 13;Áudio;64;408.54
3120;SKU-13113;Item 13113 Vídeo - Modelo 14;Vídeo;71;412.01
3121;SKU-13114;Item 13114 Computadores - Modelo 15;Computadores;78;415.48
3122;SKU-13115;Item 13115 Redes - Modelo 16;Redes;85;418.95
3123;SKU-13116;Item 13116 Impressão - Modelo 17;Impressão;92;422.42
3124;SKU-13117;Item 13117 Acessórios - Modelo 18;Acessórios;99;425.89
3125;SKU-13118;Item 13118 Armazenamento - Modelo 19;Armazenamento;106;429.36
3126;SKU-13119;Item 13119 Energia - Modelo 20;Energia;113;432.83
3127;SKU-13120;Item 13120 Periféricos - Modelo 21;Periféricos;0;436.30
3128;SKU-13121;Item 13121 Monitores - Modelo 22;Monitores;7;439.77
3129;SKU-13122;Item 13122 Áudio - Modelo 23;Áudio;14;443.24
3130;SKU-13123;Item 13123 Vídeo - Modelo 24;Vídeo;21;446.71
3131;SKU-13124;Item 13124 Computadores - Modelo 25;Computadores;28;450.18
3132;SKU-13125;Item 13125 Redes - Modelo 26;Redes;35;453.65
3133;SKU-13126;Item 13126 Impressão - Modelo 27;Impressão;42;457.12
3134;SKU-13127;Item 13127 Acessórios - Modelo 28;Acessórios;49;460.59
3135;SKU-13128;Item 13128 Armazenamento - Modelo 29;Armazenamento;56;464.06
3136;SKU-13129;Item 13129 Energia - Modelo 30;Energia;63;467.53
3137;SKU-13130;Item 13130 Periféricos - Modelo 31;Periféricos;70;471.00
3138;SKU-13131;Item 13131 Monitores - Modelo 32;Monitores;77;474.47
3139;SKU-13132;Item 13132 Áudio - Modelo 33;Áudio;84;477.94
3140;SKU-13133;Item 13133 Vídeo - Modelo 34;Vídeo;91;481.41
3141;SKU-13134;Item 13134 Computadores - Modelo 35;Computadores;98;484.88
3142;SKU-13135;Item 13135 Redes - Modelo 36;Redes;105;488.35
3143;SKU-13136;Item 13136 Impressão - Modelo 37;Impressão;112;491.82
3144;SKU-13137;Item 13137 Acessórios - Modelo 38;Acessórios;119;495.29
3145;SKU-13138;Item 13138 Armazenamento - Modelo 39;Armazenamento;6;498.76
3146;SKU-13139;Item 13139 Energia - Modelo 40;Energia;13;502.23
3147;SKU-13140;Item 13140 Periféricos - Modelo 41;Periféricos;20;505.70
3148;SKU-13141;Item 13141 Monitores - Modelo 42;Monitores;27;509.17
3149;SKU-13142;Item 13142 Áudio - Modelo 43;Áudio;34;512.64
3150;SKU-13143;Item 13143 Vídeo - Modelo 44;Vídeo;41;516.11
3151;SKU-13144;Item 13144 Computadores - Modelo 45;Computadores;48;519.58
3152;SKU-13145;Item 13145 Redes - Modelo 46;Redes;55;523.05
3153;SKU-13146;Item 13146 Impressão - Modelo 47;Impressão;62;526.52
3154;SKU-13147;Item 13147 Acessórios - Modelo 48;Acessórios;69;529.99
3155;SKU-13148;Item 13148 Armazenamento - Modelo 49;Armazenamento;76;533.46
3156;SKU-13149;Item 13149 Energia - Modelo 50;Energia;83;536.93
3157;SKU-13150;Item 13150 Periféricos - Modelo 51;Periféricos;90;540.40
3158;SKU-13151;Item 13151 Monitores - Modelo 52;Monitores;97;543.87
3159;SKU-13152;Item 13152 Áudio - Modelo 53;Áudio;104;547.34
3160;SKU-13153;Item 13153 Vídeo - Modelo 54;Vídeo;111;550.81
3161;SKU-13154;Item 13154 Computadores - Modelo 55;Computadores;118;554.28
3162;SKU-13155;Item 13155 Redes - Modelo 56;Redes;5;557.75
3163;SKU-13156;Item 13156 Impressão - Modelo 57;Impressão;12;561.22
3164;SKU-13157;Item 13157 Acessórios - Modelo 58;Acessórios;19;564.69
3165;SKU-13158;Item 13158 Armazenamento - Modelo 59;Armazenamento;26;568.16
3166;SKU-13159;Item 13159 Energia - Modelo 60;Energia;33;571.63
3167;SKU-13160;Item 13160 Periféricos - Modelo 61;Periféricos;40;575.10
3168;SKU-13161;Item 13161 Monitores - Modelo 62;Monitores;47;578.57
3169;SKU-13162;Item 13162 Áudio - Modelo 63;Áudio;54;582.04
3170;SKU-13163;Item 13163 Vídeo - Modelo 64;Vídeo;61;585.51
3171;SKU-13164;Item 13164 Computadores - Modelo 65;Computadores;68;588.98
3172;SKU-13165;Item 13165 Redes - Modelo 66;Redes;75;592.45
3173;SKU-13166;Item 13166 Impressão - Modelo 67;Impressão;82;595.92
3174;SKU-13167;Item 13167 Acessórios - Modelo 68;Acessórios;89;599.39
3175;SKU-13168;Item 13168 Armazenamento - Modelo 69;Armazenamento;96;602.86
3176;SKU-13169;Item 13169 Energia - Modelo 70;Energia;103;606.33
3177;SKU-13170;Item 13170 Periféricos - Modelo 71;Periféricos;110;609.80
3178;SKU-13171;Item 13171 Monitores - Modelo 72;Monitores;117;613.27
3179;SKU-13172;Item 13172 Áudio - Modelo 73;Áudio;4;616.74
3180;SKU-13173;Item 13173 Vídeo - Modelo 74;Vídeo;11;620.21
3181;SKU-13174;Item 13174 Computadores - Modelo 75;Computadores;18;623.68
3182;SKU-13175;Item 13175 Redes - Modelo 76;Redes;25;627.15
3183;SKU-13176;Item 13176 Impressão - Modelo 77;Impressão;32;630.62
3184;SKU-13177;Item 13177 Acessórios - Modelo 78;Acessórios;39;634.09
3185;SKU-13178;Item 13178 Armazenamento - Modelo 79;Armazenamento;46;637.56
3186;SKU-13179;Item 13179 Energia - Modelo 80;Energia;53;641.03
3187;SKU-13180;Item 13180 Periféricos - Modelo 81;Periféricos;60;644.50
3188;SKU-13181;Item 13181 Monitores - Modelo 82;Monitores;67;647.97
3189;SKU-13182;Item 13182 Áudio - Modelo 83;Áudio;74;651.44
3190;SKU-13183;Item 13183 Vídeo - Modelo 84;Vídeo;81;654.91
3191;SKU-13184;Item 13184 Computadores - Modelo 85;Computadores;88;658.38
3192;SKU-13185;Item 13185 Redes - Modelo 86;Redes;95;661.85
3193;SKU-13186;Item 13186 Impressão - Modelo 87;Impressão;102;665.32
3194;SKU-13187;Item 13187 Acessórios - Modelo 88;Acessórios;109;668.79
3195;SKU-13188;Item 13188 Armazenamento - Modelo 89;Armazenamento;116;672.26
3196;SKU-13189;Item 13189 Energia - Modelo 90;Energia;3;675.73
3197;SKU-13190;Item 13190 Periféricos - Modelo 91;Periféricos;10;679.20
3198;SKU-13191;Item 13191 Monitores - Modelo 92;Monitores;17;682.67
3199;SKU-13192;Item 13192 Áudio - Modelo 93;Áudio;24;686.14
3200;SKU-13193;Item 13193 Vídeo - Modelo 94;Vídeo;31;689.61
3201;SKU-13194;Item 13194 Computadores - Modelo 95;Computadores;38;693.08
3202;SKU-13195;Item 13195 Redes - Modelo 96;Redes;45;696.55
3203;SKU-13196;Item 13196 Impressão - Modelo 97;Impressão;52;700.02
3204;SKU-13197;Item 13197 Acessórios - Modelo 98;Acessórios;59;703.49
3205;SKU-13198;Item 13198 Armazenamento - Modelo 99;Armazenamento;66;706.96
3206;SKU-13199;Item 13199 Energia - Modelo 100;Energia;73;710.43
3207;SKU-13200;Item 13200 Periféricos - Modelo 1;Periféricos;80;713.90
3208;SKU-13201;Item 13201 Monitores - Modelo 2;Monitores;87;717.37
3209;SKU-13202;Item 13202 Áudio - Modelo 3;Áudio;94;720.84
3210;SKU-13203;Item 13203 Vídeo - Modelo 4;Vídeo;101;724.31
3211;SKU-13204;Item 13204 Computadores - Modelo 5;Computadores;108;727.78
3212;SKU-13205;Item 13205 Redes - Modelo 6;Redes;115;731.25
3213;SKU-13206;Item 13206 Impressão - Modelo 7;Impressão;2;734.72
3214;SKU-13207;Item 13207 Acessórios - Modelo 8;Acessórios;9;738.19
3215;SKU-13208;Item 13208 Armazenamento - Modelo 9;Armazenamento;16;741.66
3216;SKU-13209;Item 13209 Energia - Modelo 10;Energia;23;745.13
3217;SKU-13210;Item 13210 Periféricos - Modelo 11;Periféricos;30;748.60
3218;SKU-13211;Item 13211 Monitores - Modelo 12;Monitores;37;752.07
3219;SKU-13212;Item 13212 Áudio - Modelo 13;Áudio;44;755.54
3220;SKU-13213;Item 13213 Vídeo - Modelo 14;Vídeo;51;759.01
3221;SKU-13214;Item 13214 Computadores - Modelo 15;Computadores;58;762.48
3222;SKU-13215;Item 13215 Redes - Modelo 16;Redes;65;765.95
3223;SKU-13216;Item 13216 Impressão - Modelo 17;Impressão;72;769.42
3224;SKU-13217;Item 13217 Acessórios - Modelo 18;Acessórios;79;772.89
3225;SKU-13218;Item 13218 Armazenamento - Modelo 19;Armazenamento;86;776.36
3226;SKU-13219;Item 13219 Energia - Modelo 20;Energia;93;779.83
3227;SKU-13220;Item 13220 Periféricos - Modelo 21;Periféricos;100;783.30
3228;SKU-13221;Item 13221 Monitores - Modelo 22;Monitores;107;786.77
3229;SKU-13222;Item 13222 Áudio - Modelo 23;Áudio;114;790.24
3230;SKU-13223;Item 13223 Vídeo - Modelo 24;Vídeo;1;793.71
3231;SKU-13224;Item 13224 Computadores - Modelo 25;Computadores;8;797.18
3232;SKU-13225;Item 13225 Redes - Modelo 26;Redes;15;800.65
3233;SKU-13226;Item 13226 Impressão - Modelo 27;Impressão;22;804.12
3234;SKU-13227;Item 13227 Acessórios - Modelo 28;Acessórios;29;807.59
3235;SKU-13228;Item 13228 Armazenamento - Modelo 29;Armazenamento;36;811.06
3236;SKU-13229;Item 13229 Energia - Modelo 30;Energia;43;814.53
3237;SKU-13230;Item 13230 Periféricos - Modelo 31;Periféricos;50;818.00
3238;SKU-13231;Item 13231 Monitores - Modelo 32;Monitores;57;821.47
3239;SKU-13232;Item 13232 Áudio - Modelo 33;Áudio;64;824.94
3240;SKU-13233;Item 13233 Vídeo - Modelo 34;Vídeo;71;828.41
3241;SKU-13234;Item 13234 Computadores - Modelo 35;Computadores;78;831.88
3242;SKU-13235;Item 13235 Redes - Modelo 36;Redes;85;835.35
3243;SKU-13236;Item 13236 Impressão - Modelo 37;Impressão;92;838.82
3244;SKU-13237;Item 13237 Acessórios - Modelo 38;Acessórios;99;842.29
3245;SKU-13238;Item 13238 Armazenamento - Modelo 39;Armazenamento;106;845.76
3246;SKU-13239;Item 13239 Energia - Modelo 40;Energia;113;849.23
3247;SKU-13240;Item 13240 Periféricos - Modelo 41;Periféricos;0;852.70
3248;SKU-13241;Item 13241 Monitores - Modelo 42;Monitores;7;856.17
3249;SKU-13242;Item 13242 Áudio - Modelo 43;Áudio;14;859.64
3250;SKU-13243;Item 13243 Vídeo - Modelo 44;Vídeo;21;863.11
3251;SKU-13244;Item 13244 Computadores - Modelo 45;Computadores;28;866.58
3252;SKU-13245;Item 13245 Redes - Modelo 46;Redes;35;870.05
3253;SKU-13246;Item 13246 Impressão - Modelo 47;Impressão;42;873.52
3254;SKU-13247;Item 13247 Acessórios - Modelo 48;Acessórios;49;876.99
3255;SKU-13248;Item 13248 Armazenamento - Modelo 49;Armazenamento;56;880.46
3256;SKU-13249;Item 13249 Energia - Modelo 50;Energia;63;883.93
3257;SKU-13250;Item 13250 Periféricos - Modelo 51;Periféricos;70;887.40
3258;SKU-13251;Item 13251 Monitores - Modelo 52;Monitores;77;890.87
3259;SKU-13252;Item 13252 Áudio - Modelo 53;Áudio;84;894.34
3260;SKU-13253;Item 13253 Vídeo - Modelo 54;Vídeo;91;897.81
3261;SKU-13254;Item 13254 Computadores - Modelo 55;Computadores;98;901.28
3262;SKU-13255;Item 13255 Redes - Modelo 56;Redes;105;904.75
3263;SKU-13256;Item 13256 Impressão - Modelo 57;Impressão;112;908.22
3264;SKU-13257;Item 13257 Acessórios - Modelo 58;Acessórios;119;911.69
3265;SKU-13258;Item 13258 Armazenamento - Modelo 59;Armazenamento;6;915.16
3266;SKU-13259;Item 13259 Energia - Modelo 60;Energia;13;918.63
3267;SKU-13260;Item 13260 Periféricos - Modelo 61;Periféricos;20;922.10
3268;SKU-13261;Item 13261 Monitores - Modelo 62;Monitores;27;925.57
3269;SKU-13262;Item 13262 Áudio - Modelo 63;Áudio;34;929.04
3270;SKU-13263;Item 13263 Vídeo - Modelo 64;Vídeo;41;932.51
3271;SKU-13264;Item 13264 Computadores - Modelo 65;Computadores;48;935.98
3272;SKU-13265;Item 13265 Redes - Modelo 66;Redes;55;939.45
3273;SKU-13266;Item 13266 Impressão - Modelo 67;Impressão;62;942.92
3274;SKU-13267;Item 13267 Acessórios - Modelo 68;Acessórios;69;946.39
3275;SKU-13268;Item 13268 Armazenamento - Modelo 69;Armazenamento;76;949.86
3276;SKU-13269;Item 13269 Energia - Modelo 70;Energia;83;953.33
3277;SKU-13270;Item 13270 Periféricos - Modelo 71;Periféricos;90;956.80
3278;SKU-13271;Item 13271 Monitores - Modelo 72;Monitores;97;960.27
3279;SKU-13272;Item 13272 Áudio - Modelo 73;Áudio;104;963.74
3280;SKU-13273;Item 13273 Vídeo - Modelo 74;Vídeo;111;967.21
3281;SKU-13274;Item 13274 Computadores - Modelo 75;Computadores;118;970.68
3282;SKU-13275;Item 13275 Redes - Modelo 76;Redes;5;974.15
3283;SKU-13276;Item 13276 Impressão - Modelo 77;Impressão;12;977.62
3284;SKU-13277;Item 13277 Acessórios - Modelo 78;Acessórios;19;981.09
3285;SKU-13278;Item 13278 Armazenamento - Modelo 79;Armazenamento;26;984.56
3286;SKU-13279;Item 13279 Energia - Modelo 80;Energia;33;988.03
3287;SKU-13280;Item 13280 Periféricos - Modelo 81;Periféricos;40;991.50
3288;SKU-13281;Item 13281 Monitores - Modelo 82;Monitores;47;994.97
3289;SKU-13282;Item 13282 Áudio - Modelo 83;Áudio;54;998.44
3290;SKU-13283;Item 13283 Vídeo - Modelo 84;Vídeo;61;1001.91
3291;SKU-13284;Item 13284 Computadores - Modelo 85;Computadores;68;1005.38
3292;SKU-13285;Item 13285 Redes - Modelo 86;Redes;75;1008.85
3293;SKU-13286;Item 13286 Impressão - Modelo 87;Impressão;82;1012.32
3294;SKU-13287;Item 13287 Acessórios - Modelo 88;Acessórios;89;1015.79
3295;SKU-13288;Item 13288 Armazenamento - Modelo 89;Armazenamento;96;1019.26
3296;SKU-13289;Item 13289 Energia - Modelo 90;Energia;103;1022.73
3297;SKU-13290;Item 13290 Periféricos - Modelo 91;Periféricos;110;1026.20
3298;SKU-13291;Item 13291 Monitores - Modelo 92;Monitores;117;1029.67
3299;SKU-13292;Item 13292 Áudio - Modelo 93;Áudio;4;1033.14
3300;SKU-13293;Item 13293 Vídeo - Modelo 94;Vídeo;11;1036.61
3301;SKU-13294;Item 13294 Computadores - Modelo 95;Computadores;18;1040.08
3302;SKU-13295;Item 13295 Redes - Modelo 96;Redes;25;1043.55
3303;SKU-13296;Item 13296 Impressão - Modelo 97;Impressão;32;1047.02
3304;SKU-13297;Item 13297 Acessórios - Modelo 98;Acessórios;39;1050.49
3305;SKU-13298;Item 13298 Armazenamento - Modelo 99;Armazenamento;46;1053.96
3306;SKU-13299;Item 13299 Energia - Modelo 100;Energia;53;1057.43
3307;SKU-13300;Item 13300 Periféricos - Modelo 1;Periféricos;60;1060.90
3308;SKU-13301;Item 13301 Monitores - Modelo 2;Monitores;67;1064.37
3309;SKU-13302;Item 13302 Áudio - Modelo 3;Áudio;74;1067.84
3310;SKU-13303;Item 13303 Vídeo - Modelo 4;Vídeo;81;1071.31
3311;SKU-13304;Item 13304 Computadores - Modelo 5;Computadores;88;1074.78
3312;SKU-13305;Item 13305 Redes - Modelo 6;Redes;95;1078.25
3313;SKU-13306;Item 13306 Impressão - Modelo 7;Impressão;102;1081.72
3314;SKU-13307;Item 13307 Acessórios - Modelo 8;Acessórios;109;1085.19
3315;SKU-13308;Item 13308 Armazenamento - Modelo 9;Armazenamento;116;1088.66
3316;SKU-13309;Item 13309 Energia - Modelo 10;Energia;3;1092.13
3317;SKU-13310;Item 13310 Periféricos - Modelo 11;Periféricos;10;1095.60
3318;SKU-13311;Item 13311 Monitores - Modelo 12;Monitores;17;1099.07
3319;SKU-13312;Item 13312 Áudio - Modelo 13;Áudio;24;1102.54
3320;SKU-13313;Item 13313 Vídeo - Modelo 14;Vídeo;31;1106.01
3321;SKU-13314;Item 13314 Computadores - Modelo 15;Computadores;38;1109.48
3322;SKU-13315;Item 13315 Redes - Modelo 16;Redes;45;1112.95
3323;SKU-13316;Item 13316 Impressão - Modelo 17;Impressão;52;1116.42
3324;SKU-13317;Item 13317 Acessórios - Modelo 18;Acessórios;59;1119.89
3325;SKU-13318;Item 13318 Armazenamento - Modelo 19;Armazenamento;66;1123.36
3326;SKU-13319;Item 13319 Energia - Modelo 20;Energia;73;1126.83
3327;SKU-13320;Item 13320 Periféricos - Modelo 21;Periféricos;80;1130.30
3328;SKU-13321;Item 13321 Monitores - Modelo 22;Monitores;87;1133.77
3329;SKU-13322;Item 13322 Áudio - Modelo 23;Áudio;94;1137.24
3330;SKU-13323;Item 13323 Vídeo - Modelo 24;Vídeo;101;1140.71
3331;SKU-13324;Item 13324 Computadores - Modelo 25;Computadores;108;1144.18
3332;SKU-13325;Item 13325 Redes - Modelo 26;Redes;115;1147.65
3333;SKU-13326;Item 13326 Impressão - Modelo 27;Impressão;2;1151.12
3334;SKU-13327;Item 13327 Acessórios - Modelo 28;Acessórios;9;1154.59
3335;SKU-13328;Item 13328 Armazenamento - Modelo 29;Armazenamento;16;1158.06
3336;SKU-13329;Item 13329 Energia - Modelo 30;Energia;23;1161.53
3337;SKU-13330;Item 13330 Periféricos - Modelo 31;Periféricos;30;1165.00
3338;SKU-13331;Item 13331 Monitores - Modelo 32;Monitores;37;1168.47
3339;SKU-13332;Item 13332 Áudio - Modelo 33;Áudio;44;1171.94
3340;SKU-13333;Item 13333 Vídeo - Modelo 34;Vídeo;51;1175.41
3341;SKU-13334;Item 13334 Computadores - Modelo 35;Computadores;58;1178.88
3342;SKU-13335;Item 13335 Redes - Modelo 36;Redes;65;1182.35
3343;SKU-13336;Item 13336 Impressão - Modelo 37;Impressão;72;1185.82
3344;SKU-13337;Item 13337 Acessórios - Modelo 38;Acessórios;79;1189.29
3345;SKU-13338;Item 13338 Armazenamento - Modelo 39;Armazenamento;86;1192.76
3346;SKU-13339;Item 13339 Energia - Modelo 40;Energia;93;1196.23
3347;SKU-13340;Item 13340 Periféricos - Modelo 41;Periféricos;100;1199.70
3348;SKU-13341;Item 13341 Monitores - Modelo 42;Monitores;107;1203.17
3349;SKU-13342;Item 13342 Áudio - Modelo 43;Áudio;114;1206.64
3350;SKU-13343;Item 13343 Vídeo - Modelo 44;Vídeo;1;1210.11
3351;SKU-13344;Item 13344 Computadores - Modelo 45;Computadores;8;1213.58
3352;SKU-13345;Item 13345 Redes - Modelo 46;Redes;15;1217.05
3353;SKU-13346;Item 13346 Impressão - Modelo 47;Impressão;22;1220.52
3354;SKU-13347;Item 13347 Acessórios - Modelo 48;Acessórios;29;1223.99
3355;SKU-13348;Item 13348 Armazenamento - Modelo 49;Armazenamento;36;1227.46
3356;SKU-13349;Item 13349 Energia - Modelo 50;Energia;43;1230.93
3357;SKU-13350;Item 13350 Periféricos - Modelo 51;Periféricos;50;1234.40
3358;SKU-13351;Item 13351 Monitores - Modelo 52;Monitores;57;1237.87
3359;SKU-13352;Item 13352 Áudio - Modelo 53;Áudio;64;1241.34
3360;SKU-13353;Item 13353 Vídeo - Modelo 54;Vídeo;71;1244.81
3361;SKU-13354;Item 13354 Computadores - Modelo 55;Computadores;78;1248.28
3362;SKU-13355;Item 13355 Redes - Modelo 56;Redes;85;1251.75
3363;SKU-13356;Item 13356 Impressão - Modelo 57;Impressão;92;1255.22
3364;SKU-13357;Item 13357 Acessórios - Modelo 58;Acessórios;99;1258.69
3365;SKU-13358;Item 13358 Armazenamento - Modelo 59;Armazenamento;106;1262.16
3366;SKU-13359;Item 13359 Energia - Modelo 60;Energia;113;1265.63
3367;SKU-13360;Item 13360 Periféricos - Modelo 61;Periféricos;0;1269.10
3368;SKU-13361;Item 13361 Monitores - Modelo 62;Monitores;7;1272.57
3369;SKU-13362;Item 13362 Áudio - Modelo 63;Áudio;14;1276.04
3370;SKU-13363;Item 13363 Vídeo - Modelo 64;Vídeo;21;1279.51
3371;SKU-13364;Item 13364 Computadores - Modelo 65;Computadores;28;1282.98
3372;SKU-13365;Item 13365 Redes - Modelo 66;Redes;35;1286.45
3373;SKU-13366;Item 13366 Impressão - Modelo 67;Impressão;42;1289.92
3374;SKU-13367;Item 13367 Acessórios - Modelo 68;Acessórios;49;1293.39
3375;SKU-13368;Item 13368 Armazenamento - Modelo 69;Armazenamento;56;1296.86
3376;SKU-13369;Item 13369 Energia - Modelo 70;Energia;63;1300.33
3377;SKU-13370;Item 13370 Periféricos - Modelo 71;Periféricos;70;1303.80
3378;SKU-13371;Item 13371 Monitores - Modelo 72;Monitores;77;1307.27
3379;SKU-13372;Item 13372 Áudio - Modelo 73;Áudio;84;1310.74
3380;SKU-13373;Item 13373 Vídeo - Modelo 74;Vídeo;91;1314.21
3381;SKU-13374;Item 13374 Computadores - Modelo 75;Computadores;98;1317.68
3382;SKU-13375;Item 13375 Redes - Modelo 76;Redes;105;1321.15
3383;SKU-13376;Item 13376 Impressão - Modelo 77;Impressão;112;1324.62
3384;SKU-13377;Item 13377 Acessórios - Modelo 78;Acessórios;119;1328.09
3385;SKU-13378;Item 13378 Armazenamento - Modelo 79;Armazenamento;6;1331.56
3386;SKU-13379;Item 13379 Energia - Modelo 80;Energia;13;1335.03
3387;SKU-13380;Item 13380 Periféricos - Modelo 81;Periféricos;20;1338.50
3388;SKU-13381;Item 13381 Monitores - Modelo 82;Monitores;27;1341.97
3389;SKU-13382;Item 13382 Áudio - Modelo 83;Áudio;34;1345.44
3390;SKU-13383;Item 13383 Vídeo - Modelo 84;Vídeo;41;1348.91
3391;SKU-13384;Item 13384 Computadores - Modelo 85;Computadores;48;1352.38
3392;SKU-13385;Item 13385 Redes - Modelo 86;Redes;55;1355.85
3393;SKU-13386;Item 13386 Impressão - Modelo 87;Impressão;62;1359.32
3394;SKU-13387;Item 13387 Acessórios - Modelo 88;Acessórios;69;1362.79
3395;SKU-13388;Item 13388 Armazenamento - Modelo 89;Armazenamento;76;1366.26
3396;SKU-13389;Item 13389 Energia - Modelo 90;Energia;83;1369.73
3397;SKU-13390;Item 13390 Periféricos - Modelo 91;Periféricos;90;1373.20
3398;SKU-13391;Item 13391 Monitores - Modelo 92;Monitores;97;1376.67
3399;SKU-13392;Item 13392 Áudio - Modelo 93;Áudio;104;1380.14
3400;SKU-13393;Item 13393 Vídeo - Modelo 94;Vídeo;111;1383.61
3401;SKU-13394;Item 13394 Computadores - Modelo 95;Computadores;118;1387.08
3402;SKU-13395;Item 13395 Redes - Modelo 96;Redes;5;1390.55
3403;SKU-13396;Item 13396 Impressão - Modelo 97;Impressão;12;1394.02
3404;SKU-13397;Item 13397 Acessórios - Modelo 98;Acessórios;19;1397.49
3405;SKU-13398;Item 13398 Armazenamento - Modelo 99;Armazenamento;26;1400.96
3406;SKU-13399;Item 13399 Energia - Modelo 100;Energia;33;1404.43
3407;SKU-13400;Item 13400 Periféricos - Modelo 1;Periféricos;40;1407.90
3408;SKU-13401;Item 13401 Monitores - Modelo 2;Monitores;47;1411.37
3409;SKU-13402;Item 13402 Áudio - Modelo 3;Áudio;54;1414.84
3410;SKU-13403;Item 13403 Vídeo - Modelo 4;Vídeo;61;1418.31
3411;SKU-13404;Item 13404 Computadores - Modelo 5;Computadores;68;1421.78
3412;SKU-13405;Item 13405 Redes - Modelo 6;Redes;75;1425.25
3413;SKU-13406;Item 13406 Impressão - Modelo 7;Impressão;82;1428.72
3414;SKU-13407;Item 13407 Acessórios - Modelo 8;Acessórios;89;1432.19
3415;SKU-13408;Item 13408 Armazenamento - Modelo 9;Armazenamento;96;1435.66
3416;SKU-13409;Item 13409 Energia - Modelo 10;Energia;103;1439.13
3417;SKU-13410;Item 13410 Periféricos - Modelo 11;Periféricos;110;1442.60
3418;SKU-13411;Item 13411 Monitores - Modelo 12;Monitores;117;1446.07
3419;SKU-13412;Item 13412 Áudio - Modelo 13;Áudio;4;1449.54
3420;SKU-13413;Item 13413 Vídeo - Modelo 14;Vídeo;11;1453.01
3421;SKU-13414;Item 13414 Computadores - Modelo 15;Computadores;18;1456.48
3422;SKU-13415;Item 13415 Redes - Modelo 16;Redes;25;1459.95
3423;SKU-13416;Item 13416 Impressão - Modelo 17;Impressão;32;1463.42
3424;SKU-13417;Item 13417 Acessórios - Modelo 18;Acessórios;39;1466.89
3425;SKU-13418;Item 13418 Armazenamento - Modelo 19;Armazenamento;46;1470.36
3426;SKU-13419;Item 13419 Energia - Modelo 20;Energia;53;1473.83
3427;SKU-13420;Item 13420 Periféricos - Modelo 21;Periféricos;60;1477.30
3428;SKU-13421;Item 13421 Monitores - Modelo 22;Monitores;67;1480.77
3429;SKU-13422;Item 13422 Áudio - Modelo 23;Áudio;74;1484.24
3430;SKU-13423;Item 13423 Vídeo - Modelo 24;Vídeo;81;1487.71
3431;SKU-13424;Item 13424 Computadores - Modelo 25;Computadores;88;1491.18
3432;SKU-13425;Item 13425 Redes - Modelo 26;Redes;95;1494.65
3433;SKU-13426;Item 13426 Impressão - Modelo 27;Impressão;102;1498.12
3434;SKU-13427;Item 13427 Acessórios - Modelo 28;Acessórios;109;1501.59
3435;SKU-13428;Item 13428 Armazenamento - Modelo 29;Armazenamento;116;1505.06
3436;SKU-13429;Item 13429 Energia - Modelo 30;Energia;3;1508.53
3437;SKU-13430;Item 13430 Periféricos - Modelo 31;Periféricos;10;1512.00
3438;SKU-13431;Item 13431 Monitores - Modelo 32;Monitores;17;1515.47
3439;SKU-13432;Item 13432 Áudio - Modelo 33;Áudio;24;1518.94
3440;SKU-13433;Item 13433 Vídeo - Modelo 34;Vídeo;31;1522.41
3441;SKU-13434;Item 13434 Computadores - Modelo 35;Computadores;38;1525.88
3442;SKU-13435;Item 13435 Redes - Modelo 36;Redes;45;1529.35
3443;SKU-13436;Item 13436 Impressão - Modelo 37;Impressão;52;1532.82
3444;SKU-13437;Item 13437 Acessórios - Modelo 38;Acessórios;59;1536.29
3445;SKU-13438;Item 13438 Armazenamento - Modelo 39;Armazenamento;66;1539.76
3446;SKU-13439;Item 13439 Energia - Modelo 40;Energia;73;1543.23
3447;SKU-13440;Item 13440 Periféricos - Modelo 41;Periféricos;80;1546.70
3448;SKU-13441;Item 13441 Monitores - Modelo 42;Monitores;87;1550.17
3449;SKU-13442;Item 13442 Áudio - Modelo 43;Áudio;94;1553.64
3450;SKU-13443;Item 13443 Vídeo - Modelo 44;Vídeo;101;1557.11
3451;SKU-13444;Item 13444 Computadores - Modelo 45;Computadores;108;1560.58
3452;SKU-13445;Item 13445 Redes - Modelo 46;Redes;115;1564.05
3453;SKU-13446;Item 13446 Impressão - Modelo 47;Impressão;2;1567.52
3454;SKU-13447;Item 13447 Acessórios - Modelo 48;Acessórios;9;1570.99
3455;SKU-13448;Item 13448 Armazenamento - Modelo 49;Armazenamento;16;1574.46
3456;SKU-13449;Item 13449 Energia - Modelo 50;Energia;23;1577.93
3457;SKU-13450;Item 13450 Periféricos - Modelo 51;Periféricos;30;1581.40
3458;SKU-13451;Item 13451 Monitores - Modelo 52;Monitores;37;1584.87
3459;SKU-13452;Item 13452 Áudio - Modelo 53;Áudio;44;1588.34
3460;SKU-13453;Item 13453 Vídeo - Modelo 54;Vídeo;51;1591.81
3461;SKU-13454;Item 13454 Computadores - Modelo 55;Computadores;58;1595.28
3462;SKU-13455;Item 13455 Redes - Modelo 56;Redes;65;1598.75
3463;SKU-13456;Item 13456 Impressão - Modelo 57;Impressão;72;1602.22
3464;SKU-13457;Item 13457 Acessórios - Modelo 58;Acessórios;79;1605.69
3465;SKU-13458;Item 13458 Armazenamento - Modelo 59;Armazenamento;86;1609.16
3466;SKU-13459;Item 13459 Energia - Modelo 60;Energia;93;1612.63
3467;SKU-13460;Item 13460 Periféricos - Modelo 61;Periféricos;100;1616.10
3468;SKU-13461;Item 13461 Monitores - Modelo 62;Monitores;107;1619.57
3469;SKU-13462;Item 13462 Áudio - Modelo 63;Áudio;114;1623.04
3470;SKU-13463;Item 13463 Vídeo - Modelo 64;Vídeo;1;1626.51
3471;SKU-13464;Item 13464 Computadores - Modelo 65;Computadores;8;1629.98
3472;SKU-13465;Item 13465 Redes - Modelo 66;Redes;15;1633.45
3473;SKU-13466;Item 13466 Impressão - Modelo 67;Impressão;22;1636.92
3474;SKU-13467;Item 13467 Acessórios - Modelo 68;Acessórios;29;1640.39
3475;SKU-13468;Item 13468 Armazenamento - Modelo 69;Armazenamento;36;1643.86
3476;SKU-13469;Item 13469 Energia - Modelo 70;Energia;43;1647.33
3477;SKU-13470;Item 13470 Periféricos - Modelo 71;Periféricos;50;1650.80
3478;SKU-13471;Item 13471 Monitores - Modelo 72;Monitores;57;1654.27
3479;SKU-13472;Item 13472 Áudio - Modelo 73;Áudio;64;1657.74
3480;SKU-13473;Item 13473 Vídeo - Modelo 74;Vídeo;71;1661.21
3481;SKU-13474;Item 13474 Computadores - Modelo 75;Computadores;78;1664.68
3482;SKU-13475;Item 13475 Redes - Modelo 76;Redes;85;1668.15
3483;SKU-13476;Item 13476 Impressão - Modelo 77;Impressão;92;1671.62
3484;SKU-13477;Item 13477 Acessórios - Modelo 78;Acessórios;99;1675.09
3485;SKU-13478;Item 13478 Armazenamento - Modelo 79;Armazenamento;106;1678.56
3486;SKU-13479;Item 13479 Energia - Modelo 80;Energia;113;1682.03
3487;SKU-13480;Item 13480 Periféricos - Modelo 81;Periféricos;0;1685.50
3488;SKU-13481;Item 13481 Monitores - Modelo 82;Monitores;7;1688.97
3489;SKU-13482;Item 13482 Áudio - Modelo 83;Áudio;14;1692.44
3490;SKU-13483;Item 13483 Vídeo - Modelo 84;Vídeo;21;1695.91
3491;SKU-13484;Item 13484 Computadores - Modelo 85;Computadores;28;1699.38
3492;SKU-13485;Item 13485 Redes - Modelo 86;Redes;35;1702.85
3493;SKU-13486;Item 13486 Impressão - Modelo 87;Impressão;42;1706.32
3494;SKU-13487;Item 13487 Acessórios - Modelo 88;Acessórios;49;1709.79
3495;SKU-13488;Item 13488 Armazenamento - Modelo 89;Armazenamento;56;1713.26
3496;SKU-13489;Item 13489 Energia - Modelo 90;Energia;63;1716.73
3497;SKU-13490;Item 13490 Periféricos - Modelo 91;Periféricos;70;1720.20
3498;SKU-13491;Item 13491 Monitores - Modelo 92;Monitores;77;1723.67
3499;SKU-13492;Item 13492 Áudio - Modelo 93;Áudio;84;1727.14
3500;SKU-13493;Item 13493 Vídeo - Modelo 94;Vídeo;91;1730.61
3501;SKU-13494;Item 13494 Computadores - Modelo 95;Computadores;98;1734.08
3502;SKU-13495;Item 13495 Redes - Modelo 96;Redes;105;1737.55
3503;SKU-13496;Item 13496 Impressão - Modelo 97;Impressão;112;1741.02
3504;SKU-13497;Item 13497 Acessórios - Modelo 98;Acessórios;119;1744.49
3505;SKU-13498;Item 13498 Armazenamento - Modelo 99;Armazenamento;6;1747.96
3506;SKU-13499;Item 13499 Energia - Modelo 100;Energia;13;1751.43
3507;SKU-13500;Item 13500 Periféricos - Modelo 1;Periféricos;20;19.90
3508;SKU-13501;Item 13501 Monitores - Modelo 2;Monitores;27;23.37
3509;SKU-13502;Item 13502 Áudio - Modelo 3;Áudio;34;26.84
3510;SKU-13503;Item 13503 Vídeo - Modelo 4;Vídeo;41;30.31
3511;SKU-13504;Item 13504 Computadores - Modelo 5;Computadores;48;33.78
3512;SKU-13505;Item 13505 Redes - Modelo 6;Redes;55;37.25
3513;SKU-13506;Item 13506 Impressão - Modelo 7;Impressão;62;40.72
3514;SKU-13507;Item 13507 Acessórios - Modelo 8;Acessórios;69;44.19
3515;SKU-13508;Item 13508 Armazenamento - Modelo 9;Armazenamento;76;47.66
3516;SKU-13509;Item 13509 Energia - Modelo 10;Energia;83;51.13
3517;SKU-13510;Item 13510 Periféricos - Modelo 11;Periféricos;90;54.60
3518;SKU-13511;Item 13511 Monitores - Modelo 12;Monitores;97;58.07
3519;SKU-13512;Item 13512 Áudio - Modelo 13;Áudio;104;61.54
3520;SKU-13513;Item 13513 Vídeo - Modelo 14;Vídeo;111;65.01
3521;SKU-13514;Item 13514 Computadores - Modelo 15;Computadores;118;68.48
3522;SKU-13515;Item 13515 Redes - Modelo 16;Redes;5;71.95
3523;SKU-13516;Item 13516 Impressão - Modelo 17;Impressão;12;75.42
3524;SKU-13517;Item 13517 Acessórios - Modelo 18;Acessórios;19;78.89
3525;SKU-13518;Item 13518 Armazenamento - Modelo 19;Armazenamento;26;82.36
3526;SKU-13519;Item 13519 Energia - Modelo 20;Energia;33;85.83
3527;SKU-13520;Item 13520 Periféricos - Modelo 21;Periféricos;40;89.30
3528;SKU-13521;Item 13521 Monitores - Modelo 22;Monitores;47;92.77
3529;SKU-13522;Item 13522 Áudio - Modelo 23;Áudio;54;96.24
3530;SKU-13523;Item 13523 Vídeo - Modelo 24;Vídeo;61;99.71
3531;SKU-13524;Item 13524 Computadores - Modelo 25;Computadores;68;103.18
3532;SKU-13525;Item 13525 Redes - Modelo 26;Redes;75;106.65
3533;SKU-13526;Item 13526 Impressão - Modelo 27;Impressão;82;110.12
3534;SKU-13527;Item 13527 Acessórios - Modelo 28;Acessórios;89;113.59
3535;SKU-13528;Item 13528 Armazenamento - Modelo 29;Armazenamento;96;117.06
3536;SKU-13529;Item 13529 Energia - Modelo 30;Energia;103;120.53
3537;SKU-13530;Item 13530 Periféricos - Modelo 31;Periféricos;110;124.00
3538;SKU-13531;Item 13531 Monitores - Modelo 32;Monitores;117;127.47
3539;SKU-13532;Item 13532 Áudio - Modelo 33;Áudio;4;130.94
3540;SKU-13533;Item 13533 Vídeo - Modelo 34;Vídeo;11;134.41
3541;SKU-13534;Item 13534 Computadores - Modelo 35;Computadores;18;137.88
3542;SKU-13535;Item 13535 Redes - Modelo 36;Redes;25;141.35
3543;SKU-13536;Item 13536 Impressão - Modelo 37;Impressão;32;144.82
3544;SKU-13537;Item 13537 Acessórios - Modelo 38;Acessórios;39;148.29
3545;SKU-13538;Item 13538 Armazenamento - Modelo 39;Armazenamento;46;151.76
3546;SKU-13539;Item 13539 Energia - Modelo 40;Energia;53;155.23
3547;SKU-13540;Item 13540 Periféricos - Modelo 41;Periféricos;60;158.70
3548;SKU-13541;Item 13541 Monitores - Modelo 42;Monitores;67;162.17
3549;SKU-13542;Item 13542 Áudio - Modelo 43;Áudio;74;165.64
3550;SKU-13543;Item 13543 Vídeo - Modelo 44;Vídeo;81;169.11
3551;SKU-13544;Item 13544 Computadores - Modelo 45;Computadores;88;172.58
3552;SKU-13545;Item 13545 Redes - Modelo 46;Redes;95;176.05
3553;SKU-13546;Item 13546 Impressão - Modelo 47;Impressão;102;179.52
3554;SKU-13547;Item 13547 Acessórios - Modelo 48;Acessórios;109;182.99
3555;SKU-13548;Item 13548 Armazenamento - Modelo 49;Armazenamento;116;186.46
3556;SKU-13549;Item 13549 Energia - Modelo 50;Energia;3;189.93
3557;SKU-13550;Item 13550 Periféricos - Modelo 51;Periféricos;10;193.40
3558;SKU-13551;Item 13551 Monitores - Modelo 52;Monitores;17;196.87
3559;SKU-13552;Item 13552 Áudio - Modelo 53;Áudio;24;200.34
3560;SKU-13553;Item 13553 Vídeo - Modelo 54;Vídeo;31;203.81
3561;SKU-13554;Item 13554 Computadores - Modelo 55;Computadores;38;207.28
3562;SKU-13555;Item 13555 Redes - Modelo 56;Redes;45;210.75
3563;SKU-13556;Item 13556 Impressão - Modelo 57;Impressão;52;214.22
3564;SKU-13557;Item 13557 Acessórios - Modelo 58;Acessórios;59;217.69
3565;SKU-13558;Item 13558 Armazenamento - Modelo 59;Armazenamento;66;221.16
3566;SKU-13559;Item 13559 Energia - Modelo 60;Energia;73;224.63
3567;SKU-13560;Item 13560 Periféricos - Modelo 61;Periféricos;80;228.10
3568;SKU-13561;Item 13561 Monitores - Modelo 62;Monitores;87;231.57
3569;SKU-13562;Item 13562 Áudio - Modelo 63;Áudio;94;235.04
3570;SKU-13563;Item 13563 Vídeo - Modelo 64;Vídeo;101;238.51
3571;SKU-13564;Item 13564 Computadores - Modelo 65;Computadores;108;241.98
3572;SKU-13565;Item 13565 Redes - Modelo 66;Redes;115;245.45
3573;SKU-13566;Item 13566 Impressão - Modelo 67;Impressão;2;248.92
3574;SKU-13567;Item 13567 Acessórios - Modelo 68;Acessórios;9;252.39
3575;SKU-13568;Item 13568 Armazenamento - Modelo 69;Armazenamento;16;255.86
3576;SKU-13569;Item 13569 Energia - Modelo 70;Energia;23;259.33
3577;SKU-13570;Item 13570 Periféricos - Modelo 71;Periféricos;30;262.80
3578;SKU-13571;Item 13571 Monitores - Modelo 72;Monitores;37;266.27
3579;SKU-13572;Item 13572 Áudio - Modelo 73;Áudio;44;269.74
3580;SKU-13573;Item 13573 Vídeo - Modelo 74;Vídeo;51;273.21
3581;SKU-13574;Item 13574 Computadores - Modelo 75;Computadores;58;276.68
3582;SKU-13575;Item 13575 Redes - Modelo 76;Redes;65;280.15
3583;SKU-13576;Item 13576 Impressão - Modelo 77;Impressão;72;283.62
3584;SKU-13577;Item 13577 Acessórios - Modelo 78;Acessórios;79;287.09
3585;SKU-13578;Item 13578 Armazenamento - Modelo 79;Armazenamento;86;290.56
3586;SKU-13579;Item 13579 Energia - Modelo 80;Energia;93;294.03
3587;SKU-13580;Item 13580 Periféricos - Modelo 81;Periféricos;100;297.50
3588;SKU-13581;Item 13581 Monitores - Modelo 82;Monitores;107;300.97
3589;SKU-13582;Item 13582 Áudio - Modelo 83;Áudio;114;304.44
3590;SKU-13583;Item 13583 Vídeo - Modelo 84;Vídeo;1;307.91
3591;SKU-13584;Item 13584 Computadores - Modelo 85;Computadores;8;311.38
3592;SKU-13585;Item 13585 Redes - Modelo 86;Redes;15;314.85
3593;SKU-13586;Item 13586 Impressão - Modelo 87;Impressão;22;318.32
3594;SKU-13587;Item 13587 Acessórios - Modelo 88;Acessórios;29;321.79
3595;SKU-13588;Item 13588 Armazenamento - Modelo 89;Armazenamento;36;325.26
3596;SKU-13589;Item 13589 Energia - Modelo 90;Energia;43;328.73
3597;SKU-13590;Item 13590 Periféricos - Modelo 91;Periféricos;50;332.20
3598;SKU-13591;Item 13591 Monitores - Modelo 92;Monitores;57;335.67
3599;SKU-13592;Item 13592 Áudio - Modelo 93;Áudio;64;339.14
3600;SKU-13593;Item 13593 Vídeo - Modelo 94;Vídeo;71;342.61
3601;SKU-13594;Item 13594 Computadores - Modelo 95;Computadores;78;346.08
3602;SKU-13595;Item 13595 Redes - Modelo 96;Redes;85;349.55
3603;SKU-13596;Item 13596 Impressão - Modelo 97;Impressão;92;353.02
3604;SKU-13597;Item 13597 Acessórios - Modelo 98;Acessórios;99;356.49
3605;SKU-13598;Item 13598 Armazenamento - Modelo 99;Armazenamento;106;359.96
3606;SKU-13599;Item 13599 Energia - Modelo 100;Energia;113;363.43
3607;SKU-13600;Item 13600 Periféricos - Modelo 1;Periféricos;0;366.90
3608;SKU-13601;Item 13601 Monitores - Modelo 2;Monitores;7;370.37
3609;SKU-13602;Item 13602 Áudio - Modelo 3;Áudio;14;373.84
3610;SKU-13603;Item 13603 Vídeo - Modelo 4;Vídeo;21;377.31
3611;SKU-13604;Item 13604 Computadores - Modelo 5;Computadores;28;380.78
3612;SKU-13605;Item 13605 Redes - Modelo 6;Redes;35;384.25
3613;SKU-13606;Item 13606 Impressão - Modelo 7;Impressão;42;387.72
3614;SKU-13607;Item 13607 Acessórios - Modelo 8;Acessórios;49;391.19
3615;SKU-13608;Item 13608 Armazenamento - Modelo 9;Armazenamento;56;394.66
3616;SKU-13609;Item 13609 Energia - Modelo 10;Energia;63;398.13
3617;SKU-13610;Item 13610 Periféricos - Modelo 11;Periféricos;70;401.60
3618;SKU-13611;Item 13611 Monitores - Modelo 12;Monitores;77;405.07
3619;SKU-13612;Item 13612 Áudio - Modelo 13;Áudio;84;408.54
3620;SKU-13613;Item 13613 Vídeo - Modelo 14;Vídeo;91;412.01
3621;SKU-13614;Item 13614 Computadores - Modelo 15;Computadores;98;415.48
3622;SKU-13615;Item 13615 Redes - Modelo 16;Redes;105;418.95
3623;SKU-13616;Item 13616 Impressão - Modelo 17;Impressão;112;422.42
3624;SKU-13617;Item 13617 Acessórios - Modelo 18;Acessórios;119;425.89
3625;SKU-13618;Item 13618 Armazenamento - Modelo 19;Armazenamento;6;429.36
3626;SKU-13619;Item 13619 Energia - Modelo 20;Energia;13;432.83
3627;SKU-13620;Item 13620 Periféricos - Modelo 21;Periféricos;20;436.30
3628;SKU-13621;Item 13621 Monitores - Modelo 22;Monitores;27;439.77
3629;SKU-13622;Item 13622 Áudio - Modelo 23;Áudio;34;443.24
3630;SKU-13623;Item 13623 Vídeo - Modelo 24;Vídeo;41;446.71
3631;SKU-13624;Item 13624 Computadores - Modelo 25;Computadores;48;450.18
3632;SKU-13625;Item 13625 Redes - Modelo 26;Redes;55;453.65
3633;SKU-13626;Item 13626 Impressão - Modelo 27;Impressão;62;457.12
3634;SKU-13627;Item 13627 Acessórios - Modelo 28;Acessórios;69;460.59
3635;SKU-13628;Item 13628 Armazenamento - Modelo 29;Armazenamento;76;464.06
3636;SKU-13629;Item 13629 Energia - Modelo 30;Energia;83;467.53
3637;SKU-13630;Item 13630 Periféricos - Modelo 31;Periféricos;90;471.00
3638;SKU-13631;Item 13631 Monitores - Modelo 32;Monitores;97;474.47
3639;SKU-13632;Item 13632 Áudio - Modelo 33;Áudio;104;477.94
3640;SKU-13633;Item 13633 Vídeo - Modelo 34;Vídeo;111;481.41
3641;SKU-13634;Item 13634 Computadores - Modelo 35;Computadores;118;484.88
3642;SKU-13635;Item 13635 Redes - Modelo 36;Redes;5;488.35
3643;SKU-13636;Item 13636 Impressão - Modelo 37;Impressão;12;491.82
3644;SKU-13637;Item 13637 Acessórios - Modelo 38;Acessórios;19;495.29
3645;SKU-13638;Item 13638 Armazenamento - Modelo 39;Armazenamento;26;498.76
3646;SKU-13639;Item 13639 Energia - Modelo 40;Energia;33;502.23
3647;SKU-13640;Item 13640 Periféricos - Modelo 41;Periféricos;40;505.70
3648;SKU-13641;Item 13641 Monitores - Modelo 42;Monitores;47;509.17
3649;SKU-13642;Item 13642 Áudio - Modelo 43;Áudio;54;512.64
3650;SKU-13643;Item 13643 Vídeo - Modelo 44;Vídeo;61;516.11
3651;SKU-13644;Item 13644 Computadores - Modelo 45;Computadores;68;519.58
3652;SKU-13645;Item 13645 Redes - Modelo 46;Redes;75;523.05
3653;SKU-13646;Item 13646 Impressão - Modelo 47;Impressão;82;526.52
3654;SKU-13647;Item 13647 Acessórios - Modelo 48;Acessórios;89;529.99
3655;SKU-13648;Item 13648 Armazenamento - Modelo 49;Armazenamento;96;533.46
3656;SKU-13649;Item 13649 Energia - Modelo 50;Energia;103;536.93
3657;SKU-13650;Item 13650 Periféricos - Modelo 51;Periféricos;110;540.40
3658;SKU-13651;Item 13651 Monitores - Modelo 52;Monitores;117;543.87
3659;SKU-13652;Item 13652 Áudio - Modelo 53;Áudio;4;547.34
3660;SKU-13653;Item 13653 Vídeo - Modelo 54;Vídeo;11;550.81
3661;SKU-13654;Item 13654 Computadores - Modelo 55;Computadores;18;554.28
3662;SKU-13655;Item 13655 Redes - Modelo 56;Redes;25;557.75
3663;SKU-13656;Item 13656 Impressão - Modelo 57;Impressão;32;561.22
3664;SKU-13657;Item 13657 Acessórios - Modelo 58;Acessórios;39;564.69
3665;SKU-13658;Item 13658 Armazenamento - Modelo 59;Armazenamento;46;568.16
3666;SKU-13659;Item 13659 Energia - Modelo 60;Energia;53;571.63
3667;SKU-13660;Item 13660 Periféricos - Modelo 61;Periféricos;60;575.10
3668;SKU-13661;Item 13661 Monitores - Modelo 62;Monitores;67;578.57
3669;SKU-13662;Item 13662 Áudio - Modelo 63;Áudio;74;582.04
3670;SKU-13663;Item 13663 Vídeo - Modelo 64;Vídeo;81;585.51
3671;SKU-13664;Item 13664 Computadores - Modelo 65;Computadores;88;588.98
3672;SKU-13665;Item 13665 Redes - Modelo 66;Redes;95;592.45
3673;SKU-13666;Item 13666 Impressão - Modelo 67;Impressão;102;595.92
3674;SKU-13667;Item 13667 Acessórios - Modelo 68;Acessórios;109;599.39
3675;SKU-13668;Item 13668 Armazenamento - Modelo 69;Armazenamento;116;602.86
3676;SKU-13669;Item 13669 Energia - Modelo 70;Energia;3;606.33
3677;SKU-13670;Item 13670 Periféricos - Modelo 71;Periféricos;10;609.80
3678;SKU-13671;Item 13671 Monitores - Modelo 72;Monitores;17;613.27
3679;SKU-13672;Item 13672 Áudio - Modelo 73;Áudio;24;616.74
3680;SKU-13673;Item 13673 Vídeo - Modelo 74;Vídeo;31;620.21
3681;SKU-13674;Item 13674 Computadores - Modelo 75;Computadores;38;623.68
3682;SKU-13675;Item 13675 Redes - Modelo 76;Redes;45;627.15
3683;SKU-13676;Item 13676 Impressão - Modelo 77;Impressão;52;630.62
3684;SKU-13677;Item 13677 Acessórios - Modelo 78;Acessórios;59;634.09
3685;SKU-13678;Item 13678 Armazenamento - Modelo 79;Armazenamento;66;637.56
3686;SKU-13679;Item 13679 Energia - Modelo 80;Energia;73;641.03
3687;SKU-13680;Item 13680 Periféricos - Modelo 81;Periféricos;80;644.50
3688;SKU-13681;Item 13681 Monitores - Modelo 82;Monitores;87;647.97
3689;SKU-13682;Item 13682 Áudio - Modelo 83;Áudio;94;651.44
3690;SKU-13683;Item 13683 Vídeo - Modelo 84;Vídeo;101;654.91
3691;SKU-13684;Item 13684 Computadores - Modelo 85;Computadores;108;658.38
3692;SKU-13685;Item 13685 Redes - Modelo 86;Redes;115;661.85
3693;SKU-13686;Item 13686 Impressão - Modelo 87;Impressão;2;665.32
3694;SKU-13687;Item 13687 Acessórios - Modelo 88;Acessórios;9;668.79
3695;SKU-13688;Item 13688 Armazenamento - Modelo 89;Armazenamento;16;672.26
3696;SKU-13689;Item 13689 Energia - Modelo 90;Energia;23;675.73
3697;SKU-13690;Item 13690 Periféricos - Modelo 91;Periféricos;30;679.20
3698;SKU-13691;Item 13691 Monitores - Modelo 92;Monitores;37;682.67
3699;SKU-13692;Item 13692 Áudio - Modelo 93;Áudio;44;686.14
3700;SKU-13693;Item 13693 Vídeo - Modelo 94;Vídeo;51;689.61
3701;SKU-13694;Item 13694 Computadores - Modelo 95;Computadores;58;693.08
3702;SKU-13695;Item 13695 Redes - Modelo 96;Redes;65;696.55
3703;SKU-13696;Item 13696 Impressão - Modelo 97;Impressão;72;700.02
3704;SKU-13697;Item 13697 Acessórios - Modelo 98;Acessórios;79;703.49
3705;SKU-13698;Item 13698 Armazenamento - Modelo 99;Armazenamento;86;706.96
3706;SKU-13699;Item 13699 Energia - Modelo 100;Energia;93;710.43
3707;SKU-13700;Item 13700 Periféricos - Modelo 1;Periféricos;100;713.90
3708;SKU-13701;Item 13701 Monitores - Modelo 2;Monitores;107;717.37
3709;SKU-13702;Item 13702 Áudio - Modelo 3;Áudio;114;720.84
3710;SKU-13703;Item 13703 Vídeo - Modelo 4;Vídeo;1;724.31
3711;SKU-13704;Item 13704 Computadores - Modelo 5;Computadores;8;727.78
3712;SKU-13705;Item 13705 Redes - Modelo 6;Redes;15;731.25
3713;SKU-13706;Item 13706 Impressão - Modelo 7;Impressão;22;734.72
3714;SKU-13707;Item 13707 Acessórios - Modelo 8;Acessórios;29;738.19
3715;SKU-13708;Item 13708 Armazenamento - Modelo 9;Armazenamento;36;741.66
3716;SKU-13709;Item 13709 Energia - Modelo 10;Energia;43;745.13
3717;SKU-13710;Item 13710 Periféricos - Modelo 11;Periféricos;50;748.60
3718;SKU-13711;Item 13711 Monitores - Modelo 12;Monitores;57;752.07
3719;SKU-13712;Item 13712 Áudio - Modelo 13;Áudio;64;755.54
3720;SKU-13713;Item 13713 Vídeo - Modelo 14;Vídeo;71;759.01
3721;SKU-13714;Item 13714 Computadores - Modelo 15;Computadores;78;762.48
3722;SKU-13715;Item 13715 Redes - Modelo 16;Redes;85;765.95
3723;SKU-13716;Item 13716 Impressão - Modelo 17;Impressão;92;769.42
3724;SKU-13717;Item 13717 Acessórios - Modelo 18;Acessórios;99;772.89
3725;SKU-13718;Item 13718 Armazenamento - Modelo 19;Armazenamento;106;776.36
3726;SKU-13719;Item 13719 Energia - Modelo 20;Energia;113;779.83
3727;SKU-13720;Item 13720 Periféricos - Modelo 21;Periféricos;0;783.30
3728;SKU-13721;Item 13721 Monitores - Modelo 22;Monitores;7;786.77
3729;SKU-13722;Item 13722 Áudio - Modelo 23;Áudio;14;790.24
3730;SKU-13723;Item 13723 Vídeo - Modelo 24;Vídeo;21;793.71
3731;SKU-13724;Item 13724 Computadores - Modelo 25;Computadores;28;797.18
3732;SKU-13725;Item 13725 Redes - Modelo 26;Redes;35;800.65
3733;SKU-13726;Item 13726 Impressão - Modelo 27;Impressão;42;804.12
3734;SKU-13727;Item 13727 Acessórios - Modelo 28;Acessórios;49;807.59
3735;SKU-13728;Item 13728 Armazenamento - Modelo 29;Armazenamento;56;811.06
3736;SKU-13729;Item 13729 Energia - Modelo 30;Energia;63;814.53
3737;SKU-13730;Item 13730 Periféricos - Modelo 31;Periféricos;70;818.00
3738;SKU-13731;Item 13731 Monitores - Modelo 32;Monitores;77;821.47
3739;SKU-13732;Item 13732 Áudio - Modelo 33;Áudio;84;824.94
3740;SKU-13733;Item 13733 Vídeo - Modelo 34;Vídeo;91;828.41
3741;SKU-13734;Item 13734 Computadores - Modelo 35;Computadores;98;831.88
3742;SKU-13735;Item 13735 Redes - Modelo 36;Redes;105;835.35
3743;SKU-13736;Item 13736 Impressão - Modelo 37;Impressão;112;838.82
3744;SKU-13737;Item 13737 Acessórios - Modelo 38;Acessórios;119;842.29
3745;SKU-13738;Item 13738 Armazenamento - Modelo 39;Armazenamento;6;845.76
3746;SKU-13739;Item 13739 Energia - Modelo 40;Energia;13;849.23
3747;SKU-13740;Item 13740 Periféricos - Modelo 41;Periféricos;20;852.70
3748;SKU-13741;Item 13741 Monitores - Modelo 42;Monitores;27;856.17
3749;SKU-13742;Item 13742 Áudio - Modelo 43;Áudio;34;859.64
3750;SKU-13743;Item 13743 Vídeo - Modelo 44;Vídeo;41;863.11
3751;SKU-13744;Item 13744 Computadores - Modelo 45;Computadores;48;866.58
3752;SKU-13745;Item 13745 Redes - Modelo 46;Redes;55;870.05
3753;SKU-13746;Item 13746 Impressão - Modelo 47;Impressão;62;873.52
3754;SKU-13747;Item 13747 Acessórios - Modelo 48;Acessórios;69;876.99
3755;SKU-13748;Item 13748 Armazenamento - Modelo 49;Armazenamento;76;880.46
3756;SKU-13749;Item 13749 Energia - Modelo 50;Energia;83;883.93
3757;SKU-13750;Item 13750 Periféricos - Modelo 51;Periféricos;90;887.40
3758;SKU-13751;Item 13751 Monitores - Modelo 52;Monitores;97;890.87
3759;SKU-13752;Item 13752 Áudio - Modelo 53;Áudio;104;894.34
3760;SKU-13753;Item 13753 Vídeo - Modelo 54;Vídeo;111;897.81
3761;SKU-13754;Item 13754 Computadores - Modelo 55;Computadores;118;901.28
3762;SKU-13755;Item 13755 Redes - Modelo 56;Redes;5;904.75
3763;SKU-13756;Item 13756 Impressão - Modelo 57;Impressão;12;908.22
3764;SKU-13757;Item 13757 Acessórios - Modelo 58;Acessórios;19;911.69
3765;SKU-13758;Item 13758 Armazenamento - Modelo 59;Armazenamento;26;915.16
3766;SKU-13759;Item 13759 Energia - Modelo 60;Energia;33;918.63
3767;SKU-13760;Item 13760 Periféricos - Modelo 61;Periféricos;40;922.10
3768;SKU-13761;Item 13761 Monitores - Modelo 62;Monitores;47;925.57
3769;SKU-13762;Item 13762 Áudio - Modelo 63;Áudio;54;929.04
3770;SKU-13763;Item 13763 Vídeo - Modelo 64;Vídeo;61;932.51
3771;SKU-13764;Item 13764 Computadores - Modelo 65;Computadores;68;935.98
3772;SKU-13765;Item 13765 Redes - Modelo 66;Redes;75;939.45
3773;SKU-13766;Item 13766 Impressão - Modelo 67;Impressão;82;942.92
3774;SKU-13767;Item 13767 Acessórios - Modelo 68;Acessórios;89;946.39
3775;SKU-13768;Item 13768 Armazenamento - Modelo 69;Armazenamento;96;949.86
3776;SKU-13769;Item 13769 Energia - Modelo 70;Energia;103;953.33
3777;SKU-13770;Item 13770 Periféricos - Modelo 71;Periféricos;110;956.80
3778;SKU-13771;Item 13771 Monitores - Modelo 72;Monitores;117;960.27
3779;SKU-13772;Item 13772 Áudio - Modelo 73;Áudio;4;963.74
3780;SKU-13773;Item 13773 Vídeo - Modelo 74;Vídeo;11;967.21
3781;SKU-13774;Item 13774 Computadores - Modelo 75;Computadores;18;970.68
3782;SKU-13775;Item 13775 Redes - Modelo 76;Redes;25;974.15
3783;SKU-13776;Item 13776 Impressão - Modelo 77;Impressão;32;977.62
3784;SKU-13777;Item 13777 Acessórios - Modelo 78;Acessórios;39;981.09
3785;SKU-13778;Item 13778 Armazenamento - Modelo 79;Armazenamento;46;984.56
3786;SKU-13779;Item 13779 Energia - Modelo 80;Energia;53;988.03
3787;SKU-13780;Item 13780 Periféricos - Modelo 81;Periféricos;60;991.50
3788;SKU-13781;Item 13781 Monitores - Modelo 82;Monitores;67;994.97
3789;SKU-13782;Item 13782 Áudio - Modelo 83;Áudio;74;998.44
3790;SKU-13783;Item 13783 Vídeo - Modelo 84;Vídeo;81;1001.91
3791;SKU-13784;Item 13784 Computadores - Modelo 85;Computadores;88;1005.38
3792;SKU-13785;Item 13785 Redes - Modelo 86;Redes;95;1008.85
3793;SKU-13786;Item 13786 Impressão - Modelo 87;Impressão;102;1012.32
3794;SKU-13787;Item 13787 Acessórios - Modelo 88;Acessórios;109;1015.79
3795;SKU-13788;Item 13788 Armazenamento - Modelo 89;Armazenamento;116;1019.26
3796;SKU-13789;Item 13789 Energia - Modelo 90;Energia;3;1022.73
3797;SKU-13790;Item 13790 Periféricos - Modelo 91;Periféricos;10;1026.20
3798;SKU-13791;Item 13791 Monitores - Modelo 92;Monitores;17;1029.67
3799;SKU-13792;Item 13792 Áudio - Modelo 93;Áudio;24;1033.14
3800;SKU-13793;Item 13793 Vídeo - Modelo 94;Vídeo;31;1036.61
3801;SKU-13794;Item 13794 Computadores - Modelo 95;Computadores;38;1040.08
3802;SKU-13795;Item 13795 Redes - Modelo 96;Redes;45;1043.55
3803;SKU-13796;Item 13796 Impressão - Modelo 97;Impressão;52;1047.02
3804;SKU-13797;Item 13797 Acessórios - Modelo 98;Acessórios;59;1050.49
3805;SKU-13798;Item 13798 Armazenamento - Modelo 99;Armazenamento;66;1053.96
3806;SKU-13799;Item 13799 Energia - Modelo 100;Energia;73;1057.43
3807;SKU-13800;Item 13800 Periféricos - Modelo 1;Periféricos;80;1060.90
3808;SKU-13801;Item 13801 Monitores - Modelo 2;Monitores;87;1064.37
3809;SKU-13802;Item 13802 Áudio - Modelo 3;Áudio;94;1067.84
3810;SKU-13803;Item 13803 Vídeo - Modelo 4;Vídeo;101;1071.31
3811;SKU-13804;Item 13804 Computadores - Modelo 5;Computadores;108;1074.78
3812;SKU-13805;Item 13805 Redes - Modelo 6;Redes;115;1078.25
3813;SKU-13806;Item 13806 Impressão - Modelo 7;Impressão;2;1081.72
3814;SKU-13807;Item 13807 Acessórios - Modelo 8;Acessórios;9;1085.19
3815;SKU-13808;Item 13808 Armazenamento - Modelo 9;Armazenamento;16;1088.66
3816;SKU-13809;Item 13809 Energia - Modelo 10;Energia;23;1092.13
3817;SKU-13810;Item 13810 Periféricos - Modelo 11;Periféricos;30;1095.60
3818;SKU-13811;Item 13811 Monitores - Modelo 12;Monitores;37;1099.07
3819;SKU-13812;Item 13812 Áudio - Modelo 13;Áudio;44;1102.54
3820;SKU-13813;Item 13813 Vídeo - Modelo 14;Vídeo;51;1106.01
3821;SKU-13814;Item 13814 Computadores - Modelo 15;Computadores;58;1109.48
3822;SKU-13815;Item 13815 Redes - Modelo 16;Redes;65;1112.95
3823;SKU-13816;Item 13816 Impressão - Modelo 17;Impressão;72;1116.42
3824;SKU-13817;Item 13817 Acessórios - Modelo 18;Acessórios;79;1119.89
3825;SKU-13818;Item 13818 Armazenamento - Modelo 19;Armazenamento;86;1123.36
3826;SKU-13819;Item 13819 Energia - Modelo 20;Energia;93;1126.83
3827;SKU-13820;Item 13820 Periféricos - Modelo 21;Periféricos;100;1130.30
3828;SKU-13821;Item 13821 Monitores - Modelo 22;Monitores;107;1133.77
3829;SKU-13822;Item 13822 Áudio - Modelo 23;Áudio;114;1137.24
3830;SKU-13823;Item 13823 Vídeo - Modelo 24;Vídeo;1;1140.71
3831;SKU-13824;Item 13824 Computadores - Modelo 25;Computadores;8;1144.18
3832;SKU-13825;Item 13825 Redes - Modelo 26;Redes;15;1147.65
3833;SKU-13826;Item 13826 Impressão - Modelo 27;Impressão;22;1151.12
3834;SKU-13827;Item 13827 Acessórios - Modelo 28;Acessórios;29;1154.59
3835;SKU-13828;Item 13828 Armazenamento - Modelo 29;Armazenamento;36;1158.06
3836;SKU-13829;Item 13829 Energia - Modelo 30;Energia;43;1161.53
3837;SKU-13830;Item 13830 Periféricos - Modelo 31;Periféricos;50;1165.00
3838;SKU-13831;Item 13831 Monitores - Modelo 32;Monitores;57;1168.47
3839;SKU-13832;Item 13832 Áudio - Modelo 33;Áudio;64;1171.94
3840;SKU-13833;Item 13833 Vídeo - Modelo 34;Vídeo;71;1175.41
3841;SKU-13834;Item 13834 Computadores - Modelo 35;Computadores;78;1178.88
3842;SKU-13835;Item 13835 Redes - Modelo 36;Redes;85;1182.35
3843;SKU-13836;Item 13836 Impressão - Modelo 37;Impressão;92;1185.82
3844;SKU-13837;Item 13837 Acessórios - Modelo 38;Acessórios;99;1189.29
3845;SKU-13838;Item 13838 Armazenamento - Modelo 39;Armazenamento;106;1192.76
3846;SKU-13839;Item 13839 Energia - Modelo 40;Energia;113;1196.23
3847;SKU-13840;Item 13840 Periféricos - Modelo 41;Periféricos;0;1199.70
3848;SKU-13841;Item 13841 Monitores - Modelo 42;Monitores;7;1203.17
3849;SKU-13842;Item 13842 Áudio - Modelo 43;Áudio;14;1206.64
3850;SKU-13843;Item 13843 Vídeo - Modelo 44;Vídeo;21;1210.11
3851;SKU-13844;Item 13844 Computadores - Modelo 45;Computadores;28;1213.58
3852;SKU-13845;Item 13845 Redes - Modelo 46;Redes;35;1217.05
3853;SKU-13846;Item 13846 Impressão - Modelo 47;Impressão;42;1220.52
3854;SKU-13847;Item 13847 Acessórios - Modelo 48;Acessórios;49;1223.99
3855;SKU-13848;Item 13848 Armazenamento - Modelo 49;Armazenamento;56;1227.46
3856;SKU-13849;Item 13849 Energia - Modelo 50;Energia;63;1230.93
3857;SKU-13850;Item 13850 Periféricos - Modelo 51;Periféricos;70;1234.40
3858;SKU-13851;Item 13851 Monitores - Modelo 52;Monitores;77;1237.87
3859;SKU-13852;Item 13852 Áudio - Modelo 53;Áudio;84;1241.34
3860;SKU-13853;Item 13853 Vídeo - Modelo 54;Vídeo;91;1244.81
3861;SKU-13854;Item 13854 Computadores - Modelo 55;Computadores;98;1248.28
3862;SKU-13855;Item 13855 Redes - Modelo 56;Redes;105;1251.75
3863;SKU-13856;Item 13856 Impressão - Modelo 57;Impressão;112;1255.22
3864;SKU-13857;Item 13857 Acessórios - Modelo 58;Acessórios;119;1258.69
3865;SKU-13858;Item 13858 Armazenamento - Modelo 59;Armazenamento;6;1262.16
3866;SKU-13859;Item 13859 Energia - Modelo 60;Energia;13;1265.63
3867;SKU-13860;Item 13860 Periféricos - Modelo 61;Periféricos;20;1269.10
3868;SKU-13861;Item 13861 Monitores - Modelo 62;Monitores;27;1272.57
3869;SKU-13862;Item 13862 Áudio - Modelo 63;Áudio;34;1276.04
3870;SKU-13863;Item 13863 Vídeo - Modelo 64;Vídeo;41;1279.51
3871;SKU-13864;Item 13864 Computadores - Modelo 65;Computadores;48;1282.98
3872;SKU-13865;Item 13865 Redes - Modelo 66;Redes;55;1286.45
3873;SKU-13866;Item 13866 Impressão - Modelo 67;Impressão;62;1289.92
3874;SKU-13867;Item 13867 Acessórios - Modelo 68;Acessórios;69;1293.39
3875;SKU-13868;Item 13868 Armazenamento - Modelo 69;Armazenamento;76;1296.86
3876;SKU-13869;Item 13869 Energia - Modelo 70;Energia;83;1300.33
3877;SKU-13870;Item 13870 Periféricos - Modelo 71;Periféricos;90;1303.80
3878;SKU-13871;Item 13871 Monitores - Modelo 72;Monitores;97;1307.27
3879;SKU-13872;Item 13872 Áudio - Modelo 73;Áudio;104;1310.74
3880;SKU-13873;Item 13873 Vídeo - Modelo 74;Vídeo;111;1314.21
3881;SKU-13874;Item 13874 Computadores - Modelo 75;Computadores;118;1317.68
3882;SKU-13875;Item 13875 Redes - Modelo 76;Redes;5;1321.15
3883;SKU-13876;Item 13876 Impressão - Modelo 77;Impressão;12;1324.62
3884;SKU-13877;Item 13877 Acessórios - Modelo 78;Acessórios;19;1328.09
3885;SKU-13878;Item 13878 Armazenamento - Modelo 79;Armazenamento;26;1331.56
3886;SKU-13879;Item 13879 Energia - Modelo 80;Energia;33;1335.03
3887;SKU-13880;Item 13880 Periféricos - Modelo 81;Periféricos;40;1338.50
3888;SKU-13881;Item 13881 Monitores - Modelo 82;Monitores;47;1341.97
3889;SKU-13882;Item 13882 Áudio - Modelo 83;Áudio;54;1345.44
3890;SKU-13883;Item 13883 Vídeo - Modelo 84;Vídeo;61;1348.91
3891;SKU-13884;Item 13884 Computadores - Modelo 85;Computadores;68;1352.38
3892;SKU-13885;Item 13885 Redes - Modelo 86;Redes;75;1355.85
3893;SKU-13886;Item 13886 Impressão - Modelo 87;Impressão;82;1359.32
3894;SKU-13887;Item 13887 Acessórios - Modelo 88;Acessórios;89;1362.79
3895;SKU-13888;Item 13888 Armazenamento - Modelo 89;Armazenamento;96;1366.26
3896;SKU-13889;Item 13889 Energia - Modelo 90;Energia;103;1369.73
3897;SKU-13890;Item 13890 Periféricos - Modelo 91;Periféricos;110;1373.20
3898;SKU-13891;Item 13891 Monitores - Modelo 92;Monitores;117;1376.67
3899;SKU-13892;Item 13892 Áudio - Modelo 93;Áudio;4;1380.14
3900;SKU-13893;Item 13893 Vídeo - Modelo 94;Vídeo;11;1383.61
3901;SKU-13894;Item 13894 Computadores - Modelo 95;Computadores;18;1387.08
3902;SKU-13895;Item 13895 Redes - Modelo 96;Redes;25;1390.55
3903;SKU-13896;Item 13896 Impressão - Modelo 97;Impressão;32;1394.02
3904;SKU-13897;Item 13897 Acessórios - Modelo 98;Acessórios;39;1397.49
3905;SKU-13898;Item 13898 Armazenamento - Modelo 99;Armazenamento;46;1400.96
3906;SKU-13899;Item 13899 Energia - Modelo 100;Energia;53;1404.43
3907;SKU-13900;Item 13900 Periféricos - Modelo 1;Periféricos;60;1407.90
3908;SKU-13901;Item 13901 Monitores - Modelo 2;Monitores;67;1411.37
3909;SKU-13902;Item 13902 Áudio - Modelo 3;Áudio;74;1414.84
3910;SKU-13903;Item 13903 Vídeo - Modelo 4;Vídeo;81;1418.31
3911;SKU-13904;Item 13904 Computadores - Modelo 5;Computadores;88;1421.78
3912;SKU-13905;Item 13905 Redes - Modelo 6;Redes;95;1425.25
3913;SKU-13906;Item 13906 Impressão - Modelo 7;Impressão;102;1428.72
3914;SKU-13907;Item 13907 Acessórios - Modelo 8;Acessórios;109;1432.19
3915;SKU-13908;Item 13908 Armazenamento - Modelo 9;Armazenamento;116;1435.66
3916;SKU-13909;Item 13909 Energia - Modelo 10;Energia;3;1439.13
3917;SKU-13910;Item 13910 Periféricos - Modelo 11;Periféricos;10;1442.60
3918;SKU-13911;Item 13911 Monitores - Modelo 12;Monitores;17;1446.07
3919;SKU-13912;Item 13912 Áudio - Modelo 13;Áudio;24;1449.54
3920;SKU-13913;Item 13913 Vídeo - Modelo 14;Vídeo;31;1453.01
3921;SKU-13914;Item 13914 Computadores - Modelo 15;Computadores;38;1456.48
3922;SKU-13915;Item 13915 Redes - Modelo 16;Redes;45;1459.95
3923;SKU-13916;Item 13916 Impressão - Modelo 17;Impressão;52;1463.42
3924;SKU-13917;Item 13917 Acessórios - Modelo 18;Acessórios;59;1466.89
3925;SKU-13918;Item 13918 Armazenamento - Modelo 19;Armazenamento;66;1470.36
3926;SKU-13919;Item 13919 Energia - Modelo 20;Energia;73;1473.83
3927;SKU-13920;Item 13920 Periféricos - Modelo 21;Periféricos;80;1477.30
3928;SKU-13921;Item 13921 Monitores - Modelo 22;Monitores;87;1480.77
3929;SKU-13922;Item 13922 Áudio - Modelo 23;Áudio;94;1484.24
3930;SKU-13923;Item 13923 Vídeo - Modelo 24;Vídeo;101;1487.71
3931;SKU-13924;Item 13924 Computadores - Modelo 25;Computadores;108;1491.18
3932;SKU-13925;Item 13925 Redes - Modelo 26;Redes;115;1494.65
3933;SKU-13926;Item 13926 Impressão - Modelo 27;Impressão;2;1498.12
3934;SKU-13927;Item 13927 Acessórios - Modelo 28;Acessórios;9;1501.59
3935;SKU-13928;Item 13928 Armazenamento - Modelo 29;Armazenamento;16;1505.06
3936;SKU-13929;Item 13929 Energia - Modelo 30;Energia;23;1508.53
3937;SKU-13930;Item 13930 Periféricos - Modelo 31;Periféricos;30;1512.00
3938;SKU-13931;Item 13931 Monitores - Modelo 32;Monitores;37;1515.47
3939;SKU-13932;Item 13932 Áudio - Modelo 33;Áudio;44;1518.94
3940;SKU-13933;Item 13933 Vídeo - Modelo 34;Vídeo;51;1522.41
3941;SKU-13934;Item 13934 Computadores - Modelo 35;Computadores;58;1525.88
3942;SKU-13935;Item 13935 Redes - Modelo 36;Redes;65;1529.35
3943;SKU-13936;Item 13936 Impressão - Modelo 37;Impressão;72;1532.82
3944;SKU-13937;Item 13937 Acessórios - Modelo 38;Acessórios;79;1536.29
3945;SKU-13938;Item 13938 Armazenamento - Modelo 39;Armazenamento;86;1539.76
3946;SKU-13939;Item 13939 Energia - Modelo 40;Energia;93;1543.23
3947;SKU-13940;Item 13940 Periféricos - Modelo 41;Periféricos;100;1546.70
3948;SKU-13941;Item 13941 Monitores - Modelo 42;Monitores;107;1550.17
3949;SKU-13942;Item 13942 Áudio - Modelo 43;Áudio;114;1553.64
3950;SKU-13943;Item 13943 Vídeo - Modelo 44;Vídeo;1;1557.11
3951;SKU-13944;Item 13944 Computadores - Modelo 45;Computadores;8;1560.58
3952;SKU-13945;Item 13945 Redes - Modelo 46;Redes;15;1564.05
3953;SKU-13946;Item 13946 Impressão - Modelo 47;Impressão;22;1567.52
3954;SKU-13947;Item 13947 Acessórios - Modelo 48;Acessórios;29;1570.99
3955;SKU-13948;Item 13948 Armazenamento - Modelo 49;Armazenamento;36;1574.46
3956;SKU-13949;Item 13949 Energia - Modelo 50;Energia;43;1577.93
3957;SKU-13950;Item 13950 Periféricos - Modelo 51;Periféricos;50;1581.40
3958;SKU-13951;Item 13951 Monitores - Modelo 52;Monitores;57;1584.87
3959;SKU-13952;Item 13952 Áudio - Modelo 53;Áudio;64;1588.34
3960;SKU-13953;Item 13953 Vídeo - Modelo 54;Vídeo;71;1591.81
3961;SKU-13954;Item 13954 Computadores - Modelo 55;Computadores;78;1595.28
3962;SKU-13955;Item 13955 Redes - Modelo 56;Redes;85;1598.75
3963;SKU-13956;Item 13956 Impressão - Modelo 57;Impressão;92;1602.22
3964;SKU-13957;Item 13957 Acessórios - Modelo 58;Acessórios;99;1605.69
3965;SKU-13958;Item 13958 Armazenamento - Modelo 59;Armazenamento;106;1609.16
3966;SKU-13959;Item 13959 Energia - Modelo 60;Energia;113;1612.63
3967;SKU-13960;Item 13960 Periféricos - Modelo 61;Periféricos;0;1616.10
3968;SKU-13961;Item 13961 Monitores - Modelo 62;Monitores;7;1619.57
3969;SKU-13962;Item 13962 Áudio - Modelo 63;Áudio;14;1623.04
3970;SKU-13963;Item 13963 Vídeo - Modelo 64;Vídeo;21;1626.51
3971;SKU-13964;Item 13964 Computadores - Modelo 65;Computadores;28;1629.98
3972;SKU-13965;Item 13965 Redes - Modelo 66;Redes;35;1633.45
3973;SKU-13966;Item 13966 Impressão - Modelo 67;Impressão;42;1636.92
3974;SKU-13967;Item 13967 Acessórios - Modelo 68;Acessórios;49;1640.39
3975;SKU-13968;Item 13968 Armazenamento - Modelo 69;Armazenamento;56;1643.86
3976;SKU-13969;Item 13969 Energia - Modelo 70;Energia;63;1647.33
3977;SKU-13970;Item 13970 Periféricos - Modelo 71;Periféricos;70;1650.80
3978;SKU-13971;Item 13971 Monitores - Modelo 72;Monitores;77;1654.27
3979;SKU-13972;Item 13972 Áudio - Modelo 73;Áudio;84;1657.74
3980;SKU-13973;Item 13973 Vídeo - Modelo 74;Vídeo;91;1661.21
3981;SKU-13974;Item 13974 Computadores - Modelo 75;Computadores;98;1664.68
3982;SKU-13975;Item 13975 Redes - Modelo 76;Redes;105;1668.15
3983;SKU-13976;Item 13976 Impressão - Modelo 77;Impressão;112;1671.62
3984;SKU-13977;Item 13977 Acessórios - Modelo 78;Acessórios;119;1675.09
3985;SKU-13978;Item 13978 Armazenamento - Modelo 79;Armazenamento;6;1678.56
3986;SKU-13979;Item 13979 Energia - Modelo 80;Energia;13;1682.03
3987;SKU-13980;Item 13980 Periféricos - Modelo 81;Periféricos;20;1685.50
3988;SKU-13981;Item 13981 Monitores - Modelo 82;Monitores;27;1688.97
3989;SKU-13982;Item 13982 Áudio - Modelo 83;Áudio;34;1692.44
3990;SKU-13983;Item 13983 Vídeo - Modelo 84;Vídeo;41;1695.91
3991;SKU-13984;Item 13984 Computadores - Modelo 85;Computadores;48;1699.38
3992;SKU-13985;Item 13985 Redes - Modelo 86;Redes;55;1702.85
3993;SKU-13986;Item 13986 Impressão - Modelo 87;Impressão;62;1706.32
3994;SKU-13987;Item 13987 Acessórios - Modelo 88;Acessórios;69;1709.79
3995;SKU-13988;Item 13988 Armazenamento - Modelo 89;Armazenamento;76;1713.26
3996;SKU-13989;Item 13989 Energia - Modelo 90;Energia;83;1716.73
3997;SKU-13990;Item 13990 Periféricos - Modelo 91;Periféricos;90;1720.20
3998;SKU-13991;Item 13991 Monitores - Modelo 92;Monitores;97;1723.67
3999;SKU-13992;Item 13992 Áudio - Modelo 93;Áudio;104;1727.14
4000;SKU-13993;Item 13993 Vídeo - Modelo 94;Vídeo;111;1730.61
4001;SKU-13994;Item 13994 Computadores - Modelo 95;Computadores;118;1734.08
4002;SKU-13995;Item 13995 Redes - Modelo 96;Redes;5;1737.55
4003;SKU-13996;Item 13996 Impressão - Modelo 97;Impressão;12;1741.02
4004;SKU-13997;Item 13997 Acessórios - Modelo 98;Acessórios;19;1744.49
4005;SKU-13998;Item 13998 Armazenamento - Modelo 99;Armazenamento;26;1747.96
4006;SKU-13999;Item 13999 Energia - Modelo 100;Energia;33;1751.43
4007;SKU-14000;Item 14000 Periféricos - Modelo 1;Periféricos;40;19.90
4008;SKU-14001;Item 14001 Monitores - Modelo 2;Monitores;47;23.37
4009;SKU-14002;Item 14002 Áudio - Modelo 3;Áudio;54;26.84
4010;SKU-14003;Item 14003 Vídeo - Modelo 4;Vídeo;61;30.31
4011;SKU-14004;Item 14004 Computadores - Modelo 5;Computadores;68;33.78
4012;SKU-14005;Item 14005 Redes - Modelo 6;Redes;75;37.25
4013;SKU-14006;Item 14006 Impressão - Modelo 7;Impressão;82;40.72
4014;SKU-14007;Item 14007 Acessórios - Modelo 8;Acessórios;89;44.19
4015;SKU-14008;Item 14008 Armazenamento - Modelo 9;Armazenamento;96;47.66
4016;SKU-14009;Item 14009 Energia - Modelo 10;Energia;103;51.13
4017;SKU-14010;Item 14010 Periféricos - Modelo 11;Periféricos;110;54.60
4018;SKU-14011;Item 14011 Monitores - Modelo 12;Monitores;117;58.07
4019;SKU-14012;Item 14012 Áudio - Modelo 13;Áudio;4;61.54
4020;SKU-14013;Item 14013 Vídeo - Modelo 14;Vídeo;11;65.01
4021;SKU-14014;Item 14014 Computadores - Modelo 15;Computadores;18;68.48
4022;SKU-14015;Item 14015 Redes - Modelo 16;Redes;25;71.95
4023;SKU-14016;Item 14016 Impressão - Modelo 17;Impressão;32;75.42
4024;SKU-14017;Item 14017 Acessórios - Modelo 18;Acessórios;39;78.89
4025;SKU-14018;Item 14018 Armazenamento - Modelo 19;Armazenamento;46;82.36
4026;SKU-14019;Item 14019 Energia - Modelo 20;Energia;53;85.83
4027;SKU-14020;Item 14020 Periféricos - Modelo 21;Periféricos;60;89.30
4028;SKU-14021;Item 14021 Monitores - Modelo 22;Monitores;67;92.77
4029;SKU-14022;Item 14022 Áudio - Modelo 23;Áudio;74;96.24
4030;SKU-14023;Item 14023 Vídeo - Modelo 24;Vídeo;81;99.71
4031;SKU-14024;Item 14024 Computadores - Modelo 25;Computadores;88;103.18
4032;SKU-14025;Item 14025 Redes - Modelo 26;Redes;95;106.65
4033;SKU-14026;Item 14026 Impressão - Modelo 27;Impressão;102;110.12
4034;SKU-14027;Item 14027 Acessórios - Modelo 28;Acessórios;109;113.59
4035;SKU-14028;Item 14028 Armazenamento - Modelo 29;Armazenamento;116;117.06
4036;SKU-14029;Item 14029 Energia - Modelo 30;Energia;3;120.53
4037;SKU-14030;Item 14030 Periféricos - Modelo 31;Periféricos;10;124.00
4038;SKU-14031;Item 14031 Monitores - Modelo 32;Monitores;17;127.47
4039;SKU-14032;Item 14032 Áudio - Modelo 33;Áudio;24;130.94
4040;SKU-14033;Item 14033 Vídeo - Modelo 34;Vídeo;31;134.41
4041;SKU-14034;Item 14034 Computadores - Modelo 35;Computadores;38;137.88
4042;SKU-14035;Item 14035 Redes - Modelo 36;Redes;45;141.35
4043;SKU-14036;Item 14036 Impressão - Modelo 37;Impressão;52;144.82
4044;SKU-14037;Item 14037 Acessórios - Modelo 38;Acessórios;59;148.29
4045;SKU-14038;Item 14038 Armazenamento - Modelo 39;Armazenamento;66;151.76
4046;SKU-14039;Item 14039 Energia - Modelo 40;Energia;73;155.23
4047;SKU-14040;Item 14040 Periféricos - Modelo 41;Periféricos;80;158.70
4048;SKU-14041;Item 14041 Monitores - Modelo 42;Monitores;87;162.17
4049;SKU-14042;Item 14042 Áudio - Modelo 43;Áudio;94;165.64
4050;SKU-14043;Item 14043 Vídeo - Modelo 44;Vídeo;101;169.11
4051;SKU-14044;Item 14044 Computadores - Modelo 45;Computadores;108;172.58
4052;SKU-14045;Item 14045 Redes - Modelo 46;Redes;115;176.05
4053;SKU-14046;Item 14046 Impressão - Modelo 47;Impressão;2;179.52
4054;SKU-14047;Item 14047 Acessórios - Modelo 48;Acessórios;9;182.99
4055;SKU-14048;Item 14048 Armazenamento - Modelo 49;Armazenamento;16;186.46
4056;SKU-14049;Item 14049 Energia - Modelo 50;Energia;23;189.93
4057;SKU-14050;Item 14050 Periféricos - Modelo 51;Periféricos;30;193.40
4058;SKU-14051;Item 14051 Monitores - Modelo 52;Monitores;37;196.87
4059;SKU-14052;Item 14052 Áudio - Modelo 53;Áudio;44;200.34
4060;SKU-14053;Item 14053 Vídeo - Modelo 54;Vídeo;51;203.81
4061;SKU-14054;Item 14054 Computadores - Modelo 55;Computadores;58;207.28
4062;SKU-14055;Item 14055 Redes - Modelo 56;Redes;65;210.75
4063;SKU-14056;Item 14056 Impressão - Modelo 57;Impressão;72;214.22
4064;SKU-14057;Item 14057 Acessórios - Modelo 58;Acessórios;79;217.69
4065;SKU-14058;Item 14058 Armazenamento - Modelo 59;Armazenamento;86;221.16
4066;SKU-14059;Item 14059 Energia - Modelo 60;Energia;93;224.63
4067;SKU-14060;Item 14060 Periféricos - Modelo 61;Periféricos;100;228.10
4068;SKU-14061;Item 14061 Monitores - Modelo 62;Monitores;107;231.57
4069;SKU-14062;Item 14062 Áudio - Modelo 63;Áudio;114;235.04
4070;SKU-14063;Item 14063 Vídeo - Modelo 64;Vídeo;1;238.51
4071;SKU-14064;Item 14064 Computadores - Modelo 65;Computadores;8;241.98
4072;SKU-14065;Item 14065 Redes - Modelo 66;Redes;15;245.45
4073;SKU-14066;Item 14066 Impressão - Modelo 67;Impressão;22;248.92
4074;SKU-14067;Item 14067 Acessórios - Modelo 68;Acessórios;29;252.39
4075;SKU-14068;Item 14068 Armazenamento - Modelo 69;Armazenamento;36;255.86
4076;SKU-14069;Item 14069 Energia - Modelo 70;Energia;43;259.33
4077;SKU-14070;Item 14070 Periféricos - Modelo 71;Periféricos;50;262.80
4078;SKU-14071;Item 14071 Monitores - Modelo 72;Monitores;57;266.27
4079;SKU-14072;Item 14072 Áudio - Modelo 73;Áudio;64;269.74
4080;SKU-14073;Item 14073 Vídeo - Modelo 74;Vídeo;71;273.21
4081;SKU-14074;Item 14074 Computadores - Modelo 75;Computadores;78;276.68
4082;SKU-14075;Item 14075 Redes - Modelo 76;Redes;85;280.15
4083;SKU-14076;Item 14076 Impressão - Modelo 77;Impressão;92;283.62
4084;SKU-14077;Item 14077 Acessórios - Modelo 78;Acessórios;99;287.09
4085;SKU-14078;Item 14078 Armazenamento - Modelo 79;Armazenamento;106;290.56
4086;SKU-14079;Item 14079 Energia - Modelo 80;Energia;113;294.03
4087;SKU-14080;Item 14080 Periféricos - Modelo 81;Periféricos;0;297.50
4088;SKU-14081;Item 14081 Monitores - Modelo 82;Monitores;7;300.97
4089;SKU-14082;Item 14082 Áudio - Modelo 83;Áudio;14;304.44
4090;SKU-14083;Item 14083 Vídeo - Modelo 84;Vídeo;21;307.91
4091;SKU-14084;Item 14084 Computadores - Modelo 85;Computadores;28;311.38
4092;SKU-14085;Item 14085 Redes - Modelo 86;Redes;35;314.85
4093;SKU-14086;Item 14086 Impressão - Modelo 87;Impressão;42;318.32
4094;SKU-14087;Item 14087 Acessórios - Modelo 88;Acessórios;49;321.79
4095;SKU-14088;Item 14088 Armazenamento - Modelo 89;Armazenamento;56;325.26
4096;SKU-14089;Item 14089 Energia - Modelo 90;Energia;63;328.73
4097;SKU-14090;Item 14090 Periféricos - Modelo 91;Periféricos;70;332.20
4098;SKU-14091;Item 14091 Monitores - Modelo 92;Monitores;77;335.67
4099;SKU-14092;Item 14092 Áudio - Modelo 93;Áudio;84;339.14
4100;SKU-14093;Item 14093 Vídeo - Modelo 94;Vídeo;91;342.61
4101;SKU-14094;Item 14094 Computadores - Modelo 95;Computadores;98;346.08
4102;SKU-14095;Item 14095 Redes - Modelo 96;Redes;105;349.55
4103;SKU-14096;Item 14096 Impressão - Modelo 97;Impressão;112;353.02
4104;SKU-14097;Item 14097 Acessórios - Modelo 98;Acessórios;119;356.49
4105;SKU-14098;Item 14098 Armazenamento - Modelo 99;Armazenamento;6;359.96
4106;SKU-14099;Item 14099 Energia - Modelo 100;Energia;13;363.43
4107;SKU-14100;Item 14100 Periféricos - Modelo 1;Periféricos;20;366.90
4108;SKU-14101;Item 14101 Monitores - Modelo 2;Monitores;27;370.37
4109;SKU-14102;Item 14102 Áudio - Modelo 3;Áudio;34;373.84
4110;SKU-14103;Item 14103 Vídeo - Modelo 4;Vídeo;41;377.31
4111;SKU-14104;Item 14104 Computadores - Modelo 5;Computadores;48;380.78
4112;SKU-14105;Item 14105 Redes - Modelo 6;Redes;55;384.25
4113;SKU-14106;Item 14106 Impressão - Modelo 7;Impressão;62;387.72
4114;SKU-14107;Item 14107 Acessórios - Modelo 8;Acessórios;69;391.19
4115;SKU-14108;Item 14108 Armazenamento - Modelo 9;Armazenamento;76;394.66
4116;SKU-14109;Item 14109 Energia - Modelo 10;Energia;83;398.13
4117;SKU-14110;Item 14110 Periféricos - Modelo 11;Periféricos;90;401.60
4118;SKU-14111;Item 14111 Monitores - Modelo 12;Monitores;97;405.07
4119;SKU-14112;Item 14112 Áudio - Modelo 13;Áudio;104;408.54
4120;SKU-14113;Item 14113 Vídeo - Modelo 14;Vídeo;111;412.01
4121;SKU-14114;Item 14114 Computadores - Modelo 15;Computadores;118;415.48
4122;SKU-14115;Item 14115 Redes - Modelo 16;Redes;5;418.95
4123;SKU-14116;Item 14116 Impressão - Modelo 17;Impressão;12;422.42
4124;SKU-14117;Item 14117 Acessórios - Modelo 18;Acessórios;19;425.89
4125;SKU-14118;Item 14118 Armazenamento - Modelo 19;Armazenamento;26;429.36
4126;SKU-14119;Item 14119 Energia - Modelo 20;Energia;33;432.83
4127;SKU-14120;Item 14120 Periféricos - Modelo 21;Periféricos;40;436.30
4128;SKU-14121;Item 14121 Monitores - Modelo 22;Monitores;47;439.77
4129;SKU-14122;Item 14122 Áudio - Modelo 23;Áudio;54;443.24
4130;SKU-14123;Item 14123 Vídeo - Modelo 24;Vídeo;61;446.71
4131;SKU-14124;Item 14124 Computadores - Modelo 25;Computadores;68;450.18
4132;SKU-14125;Item 14125 Redes - Modelo 26;Redes;75;453.65
4133;SKU-14126;Item 14126 Impressão - Modelo 27;Impressão;82;457.12
4134;SKU-14127;Item 14127 Acessórios - Modelo 28;Acessórios;89;460.59
4135;SKU-14128;Item 14128 Armazenamento - Modelo 29;Armazenamento;96;464.06
4136;SKU-14129;Item 14129 Energia - Modelo 30;Energia;103;467.53
4137;SKU-14130;Item 14130 Periféricos - Modelo 31;Periféricos;110;471.00
4138;SKU-14131;Item 14131 Monitores - Modelo 32;Monitores;117;474.47
4139;SKU-14132;Item 14132 Áudio - Modelo 33;Áudio;4;477.94
4140;SKU-14133;Item 14133 Vídeo - Modelo 34;Vídeo;11;481.41
4141;SKU-14134;Item 14134 Computadores - Modelo 35;Computadores;18;484.88
4142;SKU-14135;Item 14135 Redes - Modelo 36;Redes;25;488.35
4143;SKU-14136;Item 14136 Impressão - Modelo 37;Impressão;32;491.82
4144;SKU-14137;Item 14137 Acessórios - Modelo 38;Acessórios;39;495.29
4145;SKU-14138;Item 14138 Armazenamento - Modelo 39;Armazenamento;46;498.76
4146;SKU-14139;Item 14139 Energia - Modelo 40;Energia;53;502.23
4147;SKU-14140;Item 14140 Periféricos - Modelo 41;Periféricos;60;505.70
4148;SKU-14141;Item 14141 Monitores - Modelo 42;Monitores;67;509.17
4149;SKU-14142;Item 14142 Áudio - Modelo 43;Áudio;74;512.64
4150;SKU-14143;Item 14143 Vídeo - Modelo 44;Vídeo;81;516.11
4151;SKU-14144;Item 14144 Computadores - Modelo 45;Computadores;88;519.58
4152;SKU-14145;Item 14145 Redes - Modelo 46;Redes;95;523.05
4153;SKU-14146;Item 14146 Impressão - Modelo 47;Impressão;102;526.52
4154;SKU-14147;Item 14147 Acessórios - Modelo 48;Acessórios;109;529.99
4155;SKU-14148;Item 14148 Armazenamento - Modelo 49;Armazenamento;116;533.46
4156;SKU-14149;Item 14149 Energia - Modelo 50;Energia;3;536.93
4157;SKU-14150;Item 14150 Periféricos - Modelo 51;Periféricos;10;540.40
4158;SKU-14151;Item 14151 Monitores - Modelo 52;Monitores;17;543.87
4159;SKU-14152;Item 14152 Áudio - Modelo 53;Áudio;24;547.34
4160;SKU-14153;Item 14153 Vídeo - Modelo 54;Vídeo;31;550.81
4161;SKU-14154;Item 14154 Computadores - Modelo 55;Computadores;38;554.28
4162;SKU-14155;Item 14155 Redes - Modelo 56;Redes;45;557.75
4163;SKU-14156;Item 14156 Impressão - Modelo 57;Impressão;52;561.22
4164;SKU-14157;Item 14157 Acessórios - Modelo 58;Acessórios;59;564.69
4165;SKU-14158;Item 14158 Armazenamento - Modelo 59;Armazenamento;66;568.16
4166;SKU-14159;Item 14159 Energia - Modelo 60;Energia;73;571.63
4167;SKU-14160;Item 14160 Periféricos - Modelo 61;Periféricos;80;575.10
4168;SKU-14161;Item 14161 Monitores - Modelo 62;Monitores;87;578.57
4169;SKU-14162;Item 14162 Áudio - Modelo 63;Áudio;94;582.04
4170;SKU-14163;Item 14163 Vídeo - Modelo 64;Vídeo;101;585.51
4171;SKU-14164;Item 14164 Computadores - Modelo 65;Computadores;108;588.98
4172;SKU-14165;Item 14165 Redes - Modelo 66;Redes;115;592.45
4173;SKU-14166;Item 14166 Impressão - Modelo 67;Impressão;2;595.92
4174;SKU-14167;Item 14167 Acessórios - Modelo 68;Acessórios;9;599.39
4175;SKU-14168;Item 14168 Armazenamento - Modelo 69;Armazenamento;16;602.86
4176;SKU-14169;Item 14169 Energia - Modelo 70;Energia;23;606.33
4177;SKU-14170;Item 14170 Periféricos - Modelo 71;Periféricos;30;609.80
4178;SKU-14171;Item 14171 Monitores - Modelo 72;Monitores;37;613.27
4179;SKU-14172;Item 14172 Áudio - Modelo 73;Áudio;44;616.74
4180;SKU-14173;Item 14173 Vídeo - Modelo 74;Vídeo;51;620.21
4181;SKU-14174;Item 14174 Computadores - Modelo 75;Computadores;58;623.68
4182;SKU-14175;Item 14175 Redes - Modelo 76;Redes;65;627.15
4183;SKU-14176;Item 14176 Impressão - Modelo 77;Impressão;72;630.62
4184;SKU-14177;Item 14177 Acessórios - Modelo 78;Acessórios;79;634.09
4185;SKU-14178;Item 14178 Armazenamento - Modelo 79;Armazenamento;86;637.56
4186;SKU-14179;Item 14179 Energia - Modelo 80;Energia;93;641.03
4187;SKU-14180;Item 14180 Periféricos - Modelo 81;Periféricos;100;644.50
4188;SKU-14181;Item 14181 Monitores - Modelo 82;Monitores;107;647.97
4189;SKU-14182;Item 14182 Áudio - Modelo 83;Áudio;114;651.44
4190;SKU-14183;Item 14183 Vídeo - Modelo 84;Vídeo;1;654.91
4191;SKU-14184;Item 14184 Computadores - Modelo 85;Computadores;8;658.38
4192;SKU-14185;Item 14185 Redes - Modelo 86;Redes;15;661.85
4193;SKU-14186;Item 14186 Impressão - Modelo 87;Impressão;22;665.32
4194;SKU-14187;Item 14187 Acessórios - Modelo 88;Acessórios;29;668.79
4195;SKU-14188;Item 14188 Armazenamento - Modelo 89;Armazenamento;36;672.26
4196;SKU-14189;Item 14189 Energia - Modelo 90;Energia;43;675.73
4197;SKU-14190;Item 14190 Periféricos - Modelo 91;Periféricos;50;679.20
4198;SKU-14191;Item 14191 Monitores - Modelo 92;Monitores;57;682.67
4199;SKU-14192;Item 14192 Áudio - Modelo 93;Áudio;64;686.14
4200;SKU-14193;Item 14193 Vídeo - Modelo 94;Vídeo;71;689.61
4201;SKU-14194;Item 14194 Computadores - Modelo 95;Computadores;78;693.08
4202;SKU-14195;Item 14195 Redes - Modelo 96;Redes;85;696.55
4203;SKU-14196;Item 14196 Impressão - Modelo 97;Impressão;92;700.02
4204;SKU-14197;Item 14197 Acessórios - Modelo 98;Acessórios;99;703.49
4205;SKU-14198;Item 14198 Armazenamento - Modelo 99;Armazenamento;106;706.96
4206;SKU-14199;Item 14199 Energia - Modelo 100;Energia;113;710.43
4207;SKU-14200;Item 14200 Periféricos - Modelo 1;Periféricos;0;713.90
4208;SKU-14201;Item 14201 Monitores - Modelo 2;Monitores;7;717.37
4209;SKU-14202;Item 14202 Áudio - Modelo 3;Áudio;14;720.84
4210;SKU-14203;Item 14203 Vídeo - Modelo 4;Vídeo;21;724.31
4211;SKU-14204;Item 14204 Computadores - Modelo 5;Computadores;28;727.78
4212;SKU-14205;Item 14205 Redes - Modelo 6;Redes;35;731.25
4213;SKU-14206;Item 14206 Impressão - Modelo 7;Impressão;42;734.72
4214;SKU-14207;Item 14207 Acessórios - Modelo 8;Acessórios;49;738.19
4215;SKU-14208;Item 14208 Armazenamento - Modelo 9;Armazenamento;56;741.66
4216;SKU-14209;Item 14209 Energia - Modelo 10;Energia;63;745.13
4217;SKU-14210;Item 14210 Periféricos - Modelo 11;Periféricos;70;748.60
4218;SKU-14211;Item 14211 Monitores - Modelo 12;Monitores;77;752.07
4219;SKU-14212;Item 14212 Áudio - Modelo 13;Áudio;84;755.54
4220;SKU-14213;Item 14213 Vídeo - Modelo 14;Vídeo;91;759.01
4221;SKU-14214;Item 14214 Computadores - Modelo 15;Computadores;98;762.48
4222;SKU-14215;Item 14215 Redes - Modelo 16;Redes;105;765.95
4223;SKU-14216;Item 14216 Impressão - Modelo 17;Impressão;112;769.42
4224;SKU-14217;Item 14217 Acessórios - Modelo 18;Acessórios;119;772.89
4225;SKU-14218;Item 14218 Armazenamento - Modelo 19;Armazenamento;6;776.36
4226;SKU-14219;Item 14219 Energia - Modelo 20;Energia;13;779.83
4227;SKU-14220;Item 14220 Periféricos - Modelo 21;Periféricos;20;783.30
4228;SKU-14221;Item 14221 Monitores - Modelo 22;Monitores;27;786.77
4229;SKU-14222;Item 14222 Áudio - Modelo 23;Áudio;34;790.24
4230;SKU-14223;Item 14223 Vídeo - Modelo 24;Vídeo;41;793.71
4231;SKU-14224;Item 14224 Computadores - Modelo 25;Computadores;48;797.18
4232;SKU-14225;Item 14225 Redes - Modelo 26;Redes;55;800.65
4233;SKU-14226;Item 14226 Impressão - Modelo 27;Impressão;62;804.12
4234;SKU-14227;Item 14227 Acessórios - Modelo 28;Acessórios;69;807.59
4235;SKU-14228;Item 14228 Armazenamento - Modelo 29;Armazenamento;76;811.06
4236;SKU-14229;Item 14229 Energia - Modelo 30;Energia;83;814.53
4237;SKU-14230;Item 14230 Periféricos - Modelo 31;Periféricos;90;818.00
4238;SKU-14231;Item 14231 Monitores - Modelo 32;Monitores;97;821.47
4239;SKU-14232;Item 14232 Áudio - Modelo 33;Áudio;104;824.94
4240;SKU-14233;Item 14233 Vídeo - Modelo 34;Vídeo;111;828.41
4241;SKU-14234;Item 14234 Computadores - Modelo 35;Computadores;118;831.88
4242;SKU-14235;Item 14235 Redes - Modelo 36;Redes;5;835.35
4243;SKU-14236;Item 14236 Impressão - Modelo 37;Impressão;12;838.82
4244;SKU-14237;Item 14237 Acessórios - Modelo 38;Acessórios;19;842.29
4245;SKU-14238;Item 14238 Armazenamento - Modelo 39;Armazenamento;26;845.76
4246;SKU-14239;Item 14239 Energia - Modelo 40;Energia;33;849.23
4247;SKU-14240;Item 14240 Periféricos - Modelo 41;Periféricos;40;852.70
4248;SKU-14241;Item 14241 Monitores - Modelo 42;Monitores;47;856.17
4249;SKU-14242;Item 14242 Áudio - Modelo 43;Áudio;54;859.64
4250;SKU-14243;Item 14243 Vídeo - Modelo 44;Vídeo;61;863.11
4251;SKU-14244;Item 14244 Computadores - Modelo 45;Computadores;68;866.58
4252;SKU-14245;Item 14245 Redes - Modelo 46;Redes;75;870.05
4253;SKU-14246;Item 14246 Impressão - Modelo 47;Impressão;82;873.52
4254;SKU-14247;Item 14247 Acessórios - Modelo 48;Acessórios;89;876.99
4255;SKU-14248;Item 14248 Armazenamento - Modelo 49;Armazenamento;96;880.46
4256;SKU-14249;Item 14249 Energia - Modelo 50;Energia;103;883.93
4257;SKU-14250;Item 14250 Periféricos - Modelo 51;Periféricos;110;887.40
4258;SKU-14251;Item 14251 Monitores - Modelo 52;Monitores;117;890.87
4259;SKU-14252;Item 14252 Áudio - Modelo 53;Áudio;4;894.34
4260;SKU-14253;Item 14253 Vídeo - Modelo 54;Vídeo;11;897.81
4261;SKU-14254;Item 14254 Computadores - Modelo 55;Computadores;18;901.28
4262;SKU-14255;Item 14255 Redes - Modelo 56;Redes;25;904.75
4263;SKU-14256;Item 14256 Impressão - Modelo 57;Impressão;32;908.22
4264;SKU-14257;Item 14257 Acessórios - Modelo 58;Acessórios;39;911.69
4265;SKU-14258;Item 14258 Armazenamento - Modelo 59;Armazenamento;46;915.16
4266;SKU-14259;Item 14259 Energia - Modelo 60;Energia;53;918.63
4267;SKU-14260;Item 14260 Periféricos - Modelo 61;Periféricos;60;922.10
4268;SKU-14261;Item 14261 Monitores - Modelo 62;Monitores;67;925.57
4269;SKU-14262;Item 14262 Áudio - Modelo 63;Áudio;74;929.04
4270;SKU-14263;Item 14263 Vídeo - Modelo 64;Vídeo;81;932.51
4271;SKU-14264;Item 14264 Computadores - Modelo 65;Computadores;88;935.98
4272;SKU-14265;Item 14265 Redes - Modelo 66;Redes;95;939.45
4273;SKU-14266;Item 14266 Impressão - Modelo 67;Impressão;102;942.92
4274;SKU-14267;Item 14267 Acessórios - Modelo 68;Acessórios;109;946.39
4275;SKU-14268;Item 14268 Armazenamento - Modelo 69;Armazenamento;116;949.86
4276;SKU-14269;Item 14269 Energia - Modelo 70;Energia;3;953.33
4277;SKU-14270;Item 14270 Periféricos - Modelo 71;Periféricos;10;956.80
4278;SKU-14271;Item 14271 Monitores - Modelo 72;Monitores;17;960.27
4279;SKU-14272;Item 14272 Áudio - Modelo 73;Áudio;24;963.74
4280;SKU-14273;Item 14273 Vídeo - Modelo 74;Vídeo;31;967.21
4281;SKU-14274;Item 14274 Computadores - Modelo 75;Computadores;38;970.68
4282;SKU-14275;Item 14275 Redes - Modelo 76;Redes;45;974.15
4283;SKU-14276;Item 14276 Impressão - Modelo 77;Impressão;52;977.62
4284;SKU-14277;Item 14277 Acessórios - Modelo 78;Acessórios;59;981.09
4285;SKU-14278;Item 14278 Armazenamento - Modelo 79;Armazenamento;66;984.56
4286;SKU-14279;Item 14279 Energia - Modelo 80;Energia;73;988.03
4287;SKU-14280;Item 14280 Periféricos - Modelo 81;Periféricos;80;991.50
4288;SKU-14281;Item 14281 Monitores - Modelo 82;Monitores;87;994.97
4289;SKU-14282;Item 14282 Áudio - Modelo 83;Áudio;94;998.44
4290;SKU-14283;Item 14283 Vídeo - Modelo 84;Vídeo;101;1001.91
4291;SKU-14284;Item 14284 Computadores - Modelo 85;Computadores;108;1005.38
4292;SKU-14285;Item 14285 Redes - Modelo 86;Redes;115;1008.85
4293;SKU-14286;Item 14286 Impressão - Modelo 87;Impressão;2;1012.32
4294;SKU-14287;Item 14287 Acessórios - Modelo 88;Acessórios;9;1015.79
4295;SKU-14288;Item 14288 Armazenamento - Modelo 89;Armazenamento;16;1019.26
4296;SKU-14289;Item 14289 Energia - Modelo 90;Energia;23;1022.73
4297;SKU-14290;Item 14290 Periféricos - Modelo 91;Periféricos;30;1026.20
4298;SKU-14291;Item 14291 Monitores - Modelo 92;Monitores;37;1029.67
4299;SKU-14292;Item 14292 Áudio - Modelo 93;Áudio;44;1033.14
4300;SKU-14293;Item 14293 Vídeo - Modelo 94;Vídeo;51;1036.61
4301;SKU-14294;Item 14294 Computadores - Modelo 95;Computadores;58;1040.08
4302;SKU-14295;Item 14295 Redes - Modelo 96;Redes;65;1043.55
4303;SKU-14296;Item 14296 Impressão - Modelo 97;Impressão;72;1047.02
4304;SKU-14297;Item 14297 Acessórios - Modelo 98;Acessórios;79;1050.49
4305;SKU-14298;Item 14298 Armazenamento - Modelo 99;Armazenamento;86;1053.96
4306;SKU-14299;Item 14299 Energia - Modelo 100;Energia;93;1057.43
4307;SKU-14300;Item 14300 Periféricos - Modelo 1;Periféricos;100;1060.90
4308;SKU-14301;Item 14301 Monitores - Modelo 2;Monitores;107;1064.37
4309;SKU-14302;Item 14302 Áudio - Modelo 3;Áudio;114;1067.84
4310;SKU-14303;Item 14303 Vídeo - Modelo 4;Vídeo;1;1071.31
4311;SKU-14304;Item 14304 Computadores - Modelo 5;Computadores;8;1074.78
4312;SKU-14305;Item 14305 Redes - Modelo 6;Redes;15;1078.25
4313;SKU-14306;Item 14306 Impressão - Modelo 7;Impressão;22;1081.72
4314;SKU-14307;Item 14307 Acessórios - Modelo 8;Acessórios;29;1085.19
4315;SKU-14308;Item 14308 Armazenamento - Modelo 9;Armazenamento;36;1088.66
4316;SKU-14309;Item 14309 Energia - Modelo 10;Energia;43;1092.13
4317;SKU-14310;Item 14310 Periféricos - Modelo 11;Periféricos;50;1095.60
4318;SKU-14311;Item 14311 Monitores - Modelo 12;Monitores;57;1099.07
4319;SKU-14312;Item 14312 Áudio - Modelo 13;Áudio;64;1102.54
4320;SKU-14313;Item 14313 Vídeo - Modelo 14;Vídeo;71;1106.01
4321;SKU-14314;Item 14314 Computadores - Modelo 15;Computadores;78;1109.48
4322;SKU-14315;Item 14315 Redes - Modelo 16;Redes;85;1112.95
4323;SKU-14316;Item 14316 Impressão - Modelo 17;Impressão;92;1116.42
4324;SKU-14317;Item 14317 Acessórios - Modelo 18;Acessórios;99;1119.89
4325;SKU-14318;Item 14318 Armazenamento - Modelo 19;Armazenamento;106;1123.36
4326;SKU-14319;Item 14319 Energia - Modelo 20;Energia;113;1126.83
4327;SKU-14320;Item 14320 Periféricos - Modelo 21;Periféricos;0;1130.30
4328;SKU-14321;Item 14321 Monitores - Modelo 22;Monitores;7;1133.77
4329;SKU-14322;Item 14322 Áudio - Modelo 23;Áudio;14;1137.24
4330;SKU-14323;Item 14323 Vídeo - Modelo 24;Vídeo;21;1140.71
4331;SKU-14324;Item 14324 Computadores - Modelo 25;Computadores;28;1144.18
4332;SKU-14325;Item 14325 Redes - Modelo 26;Redes;35;1147.65
4333;SKU-14326;Item 14326 Impressão - Modelo 27;Impressão;42;1151.12
4334;SKU-14327;Item 14327 Acessórios - Modelo 28;Acessórios;49;1154.59
4335;SKU-14328;Item 14328 Armazenamento - Modelo 29;Armazenamento;56;1158.06
4336;SKU-14329;Item 14329 Energia - Modelo 30;Energia;63;1161.53
4337;SKU-14330;Item 14330 Periféricos - Modelo 31;Periféricos;70;1165.00
4338;SKU-14331;Item 14331 Monitores - Modelo 32;Monitores;77;1168.47
4339;SKU-14332;Item 14332 Áudio - Modelo 33;Áudio;84;1171.94
4340;SKU-14333;Item 14333 Vídeo - Modelo 34;Vídeo;91;1175.41
4341;SKU-14334;Item 14334 Computadores - Modelo 35;Computadores;98;1178.88
4342;SKU-14335;Item 14335 Redes - Modelo 36;Redes;105;1182.35
4343;SKU-14336;Item 14336 Impressão - Modelo 37;Impressão;112;1185.82
4344;SKU-14337;Item 14337 Acessórios - Modelo 38;Acessórios;119;1189.29
4345;SKU-14338;Item 14338 Armazenamento - Modelo 39;Armazenamento;6;1192.76
4346;SKU-14339;Item 14339 Energia - Modelo 40;Energia;13;1196.23
4347;SKU-14340;Item 14340 Periféricos - Modelo 41;Periféricos;20;1199.70
4348;SKU-14341;Item 14341 Monitores - Modelo 42;Monitores;27;1203.17
4349;SKU-14342;Item 14342 Áudio - Modelo 43;Áudio;34;1206.64
4350;SKU-14343;Item 14343 Vídeo - Modelo 44;Vídeo;41;1210.11
4351;SKU-14344;Item 14344 Computadores - Modelo 45;Computadores;48;1213.58
4352;SKU-14345;Item 14345 Redes - Modelo 46;Redes;55;1217.05
4353;SKU-14346;Item 14346 Impressão - Modelo 47;Impressão;62;1220.52
4354;SKU-14347;Item 14347 Acessórios - Modelo 48;Acessórios;69;1223.99
4355;SKU-14348;Item 14348 Armazenamento - Modelo 49;Armazenamento;76;1227.46
4356;SKU-14349;Item 14349 Energia - Modelo 50;Energia;83;1230.93
4357;SKU-14350;Item 14350 Periféricos - Modelo 51;Periféricos;90;1234.40
4358;SKU-14351;Item 14351 Monitores - Modelo 52;Monitores;97;1237.87
4359;SKU-14352;Item 14352 Áudio - Modelo 53;Áudio;104;1241.34
4360;SKU-14353;Item 14353 Vídeo - Modelo 54;Vídeo;111;1244.81
4361;SKU-14354;Item 14354 Computadores - Modelo 55;Computadores;118;1248.28
4362;SKU-14355;Item 14355 Redes - Modelo 56;Redes;5;1251.75
4363;SKU-14356;Item 14356 Impressão - Modelo 57;Impressão;12;1255.22
4364;SKU-14357;Item 14357 Acessórios - Modelo 58;Acessórios;19;1258.69
4365;SKU-14358;Item 14358 Armazenamento - Modelo 59;Armazenamento;26;1262.16
4366;SKU-14359;Item 14359 Energia - Modelo 60;Energia;33;1265.63
4367;SKU-14360;Item 14360 Periféricos - Modelo 61;Periféricos;40;1269.10
4368;SKU-14361;Item 14361 Monitores - Modelo 62;Monitores;47;1272.57
4369;SKU-14362;Item 14362 Áudio - Modelo 63;Áudio;54;1276.04
4370;SKU-14363;Item 14363 Vídeo - Modelo 64;Vídeo;61;1279.51
4371;SKU-14364;Item 14364 Computadores - Modelo 65;Computadores;68;1282.98
4372;SKU-14365;Item 14365 Redes - Modelo 66;Redes;75;1286.45
4373;SKU-14366;Item 14366 Impressão - Modelo 67;Impressão;82;1289.92
4374;SKU-14367;Item 14367 Acessórios - Modelo 68;Acessórios;89;1293.39
4375;SKU-14368;Item 14368 Armazenamento - Modelo 69;Armazenamento;96;1296.86
4376;SKU-14369;Item 14369 Energia - Modelo 70;Energia;103;1300.33
4377;SKU-14370;Item 14370 Periféricos - Modelo 71;Periféricos;110;1303.80
4378;SKU-14371;Item 14371 Monitores - Modelo 72;Monitores;117;1307.27
4379;SKU-14372;Item 14372 Áudio - Modelo 73;Áudio;4;1310.74
4380;SKU-14373;Item 14373 Vídeo - Modelo 74;Vídeo;11;1314.21
4381;SKU-14374;Item 14374 Computadores - Modelo 75;Computadores;18;1317.68
4382;SKU-14375;Item 14375 Redes - Modelo 76;Redes;25;1321.15
4383;SKU-14376;Item 14376 Impressão - Modelo 77;Impressão;32;1324.62
4384;SKU-14377;Item 14377 Acessórios - Modelo 78;Acessórios;39;1328.09
4385;SKU-14378;Item 14378 Armazenamento - Modelo 79;Armazenamento;46;1331.56
4386;SKU-14379;Item 14379 Energia - Modelo 80;Energia;53;1335.03
4387;SKU-14380;Item 14380 Periféricos - Modelo 81;Periféricos;60;1338.50
4388;SKU-14381;Item 14381 Monitores - Modelo 82;Monitores;67;1341.97
4389;SKU-14382;Item 14382 Áudio - Modelo 83;Áudio;74;1345.44
4390;SKU-14383;Item 14383 Vídeo - Modelo 84;Vídeo;81;1348.91
4391;SKU-14384;Item 14384 Computadores - Modelo 85;Computadores;88;1352.38
4392;SKU-14385;Item 14385 Redes - Modelo 86;Redes;95;1355.85
4393;SKU-14386;Item 14386 Impressão - Modelo 87;Impressão;102;1359.32
4394;SKU-14387;Item 14387 Acessórios - Modelo 88;Acessórios;109;1362.79
4395;SKU-14388;Item 14388 Armazenamento - Modelo 89;Armazenamento;116;1366.26
4396;SKU-14389;Item 14389 Energia - Modelo 90;Energia;3;1369.73
4397;SKU-14390;Item 14390 Periféricos - Modelo 91;Periféricos;10;1373.20
4398;SKU-14391;Item 14391 Monitores - Modelo 92;Monitores;17;1376.67
4399;SKU-14392;Item 14392 Áudio - Modelo 93;Áudio;24;1380.14
4400;SKU-14393;Item 14393 Vídeo - Modelo 94;Vídeo;31;1383.61
4401;SKU-14394;Item 14394 Computadores - Modelo 95;Computadores;38;1387.08
4402;SKU-14395;Item 14395 Redes - Modelo 96;Redes;45;1390.55
4403;SKU-14396;Item 14396 Impressão - Modelo 97;Impressão;52;1394.02
4404;SKU-14397;Item 14397 Acessórios - Modelo 98;Acessórios;59;1397.49
4405;SKU-14398;Item 14398 Armazenamento - Modelo 99;Armazenamento;66;1400.96
4406;SKU-14399;Item 14399 Energia - Modelo 100;Energia;73;1404.43
4407;SKU-14400;Item 14400 Periféricos - Modelo 1;Periféricos;80;1407.90
4408;SKU-14401;Item 14401 Monitores - Modelo 2;Monitores;87;1411.37
4409;SKU-14402;Item 14402 Áudio - Modelo 3;Áudio;94;1414.84
4410;SKU-14403;Item 14403 Vídeo - Modelo 4;Vídeo;101;1418.31
4411;SKU-14404;Item 14404 Computadores - Modelo 5;Computadores;108;1421.78
4412;SKU-14405;Item 14405 Redes - Modelo 6;Redes;115;1425.25
4413;SKU-14406;Item 14406 Impressão - Modelo 7;Impressão;2;1428.72
4414;SKU-14407;Item 14407 Acessórios - Modelo 8;Acessórios;9;1432.19
4415;SKU-14408;Item 14408 Armazenamento - Modelo 9;Armazenamento;16;1435.66
4416;SKU-14409;Item 14409 Energia - Modelo 10;Energia;23;1439.13
4417;SKU-14410;Item 14410 Periféricos - Modelo 11;Periféricos;30;1442.60
4418;SKU-14411;Item 14411 Monitores - Modelo 12;Monitores;37;1446.07
4419;SKU-14412;Item 14412 Áudio - Modelo 13;Áudio;44;1449.54
4420;SKU-14413;Item 14413 Vídeo - Modelo 14;Vídeo;51;1453.01
4421;SKU-14414;Item 14414 Computadores - Modelo 15;Computadores;58;1456.48
4422;SKU-14415;Item 14415 Redes - Modelo 16;Redes;65;1459.95
4423;SKU-14416;Item 14416 Impressão - Modelo 17;Impressão;72;1463.42
4424;SKU-14417;Item 14417 Acessórios - Modelo 18;Acessórios;79;1466.89
4425;SKU-14418;Item 14418 Armazenamento - Modelo 19;Armazenamento;86;1470.36
4426;SKU-14419;Item 14419 Energia - Modelo 20;Energia;93;1473.83
4427;SKU-14420;Item 14420 Periféricos - Modelo 21;Periféricos;100;1477.30
4428;SKU-14421;Item 14421 Monitores - Modelo 22;Monitores;107;1480.77
4429;SKU-14422;Item 14422 Áudio - Modelo 23;Áudio;114;1484.24
4430;SKU-14423;Item 14423 Vídeo - Modelo 24;Vídeo;1;1487.71
4431;SKU-14424;Item 14424 Computadores - Modelo 25;Computadores;8;1491.18
4432;SKU-14425;Item 14425 Redes - Modelo 26;Redes;15;1494.65
4433;SKU-14426;Item 14426 Impressão - Modelo 27;Impressão;22;1498.12
4434;SKU-14427;Item 14427 Acessórios - Modelo 28;Acessórios;29;1501.59
4435;SKU-14428;Item 14428 Armazenamento - Modelo 29;Armazenamento;36;1505.06
4436;SKU-14429;Item 14429 Energia - Modelo 30;Energia;43;1508.53
4437;SKU-14430;Item 14430 Periféricos - Modelo 31;Periféricos;50;1512.00
4438;SKU-14431;Item 14431 Monitores - Modelo 32;Monitores;57;1515.47
4439;SKU-14432;Item 14432 Áudio - Modelo 33;Áudio;64;1518.94
4440;SKU-14433;Item 14433 Vídeo - Modelo 34;Vídeo;71;1522.41
4441;SKU-14434;Item 14434 Computadores - Modelo 35;Computadores;78;1525.88
4442;SKU-14435;Item 14435 Redes - Modelo 36;Redes;85;1529.35
4443;SKU-14436;Item 14436 Impressão - Modelo 37;Impressão;92;1532.82
4444;SKU-14437;Item 14437 Acessórios - Modelo 38;Acessórios;99;1536.29
4445;SKU-14438;Item 14438 Armazenamento - Modelo 39;Armazenamento;106;1539.76
4446;SKU-14439;Item 14439 Energia - Modelo 40;Energia;113;1543.23
4447;SKU-14440;Item 14440 Periféricos - Modelo 41;Periféricos;0;1546.70
4448;SKU-14441;Item 14441 Monitores - Modelo 42;Monitores;7;1550.17
4449;SKU-14442;Item 14442 Áudio - Modelo 43;Áudio;14;1553.64
4450;SKU-14443;Item 14443 Vídeo - Modelo 44;Vídeo;21;1557.11
4451;SKU-14444;Item 14444 Computadores - Modelo 45;Computadores;28;1560.58
4452;SKU-14445;Item 14445 Redes - Modelo 46;Redes;35;1564.05
4453;SKU-14446;Item 14446 Impressão - Modelo 47;Impressão;42;1567.52
4454;SKU-14447;Item 14447 Acessórios - Modelo 48;Acessórios;49;1570.99
4455;SKU-14448;Item 14448 Armazenamento - Modelo 49;Armazenamento;56;1574.46
4456;SKU-14449;Item 14449 Energia - Modelo 50;Energia;63;1577.93
4457;SKU-14450;Item 14450 Periféricos - Modelo 51;Periféricos;70;1581.40
4458;SKU-14451;Item 14451 Monitores - Modelo 52;Monitores;77;1584.87
4459;SKU-14452;Item 14452 Áudio - Modelo 53;Áudio;84;1588.34
4460;SKU-14453;Item 14453 Vídeo - Modelo 54;Vídeo;91;1591.81
4461;SKU-14454;Item 14454 Computadores - Modelo 55;Computadores;98;1595.28
4462;SKU-14455;Item 14455 Redes - Modelo 56;Redes;105;1598.75
4463;SKU-14456;Item 14456 Impressão - Modelo 57;Impressão;112;1602.22
4464;SKU-14457;Item 14457 Acessórios - Modelo 58;Acessórios;119;1605.69
4465;SKU-14458;Item 14458 Armazenamento - Modelo 59;Armazenamento;6;1609.16
4466;SKU-14459;Item 14459 Energia - Modelo 60;Energia;13;1612.63
4467;SKU-14460;Item 14460 Periféricos - Modelo 61;Periféricos;20;1616.10
4468;SKU-14461;Item 14461 Monitores - Modelo 62;Monitores;27;1619.57
4469;SKU-14462;Item 14462 Áudio - Modelo 63;Áudio;34;1623.04
4470;SKU-14463;Item 14463 Vídeo - Modelo 64;Vídeo;41;1626.51
4471;SKU-14464;Item 14464 Computadores - Modelo 65;Computadores;48;1629.98
4472;SKU-14465;Item 14465 Redes - Modelo 66;Redes;55;1633.45
4473;SKU-14466;Item 14466 Impressão - Modelo 67;Impressão;62;1636.92
4474;SKU-14467;Item 14467 Acessórios - Modelo 68;Acessórios;69;1640.39
4475;SKU-14468;Item 14468 Armazenamento - Modelo 69;Armazenamento;76;1643.86
4476;SKU-14469;Item 14469 Energia - Modelo 70;Energia;83;1647.33
4477;SKU-14470;Item 14470 Periféricos - Modelo 71;Periféricos;90;1650.80
4478;SKU-14471;Item 14471 Monitores - Modelo 72;Monitores;97;1654.27
4479;SKU-14472;Item 14472 Áudio - Modelo 73;Áudio;104;1657.74
4480;SKU-14473;Item 14473 Vídeo - Modelo 74;Vídeo;111;1661.21
4481;SKU-14474;Item 14474 Computadores - Modelo 75;Computadores;118;1664.68
4482;SKU-14475;Item 14475 Redes - Modelo 76;Redes;5;1668.15
4483;SKU-14476;Item 14476 Impressão - Modelo 77;Impressão;12;1671.62
4484;SKU-14477;Item 14477 Acessórios - Modelo 78;Acessórios;19;1675.09
4485;SKU-14478;Item 14478 Armazenamento - Modelo 79;Armazenamento;26;1678.56
4486;SKU-14479;Item 14479 Energia - Modelo 80;Energia;33;1682.03
4487;SKU-14480;Item 14480 Periféricos - Modelo 81;Periféricos;40;1685.50
4488;SKU-14481;Item 14481 Monitores - Modelo 82;Monitores;47;1688.97
4489;SKU-14482;Item 14482 Áudio - Modelo 83;Áudio;54;1692.44
4490;SKU-14483;Item 14483 Vídeo - Modelo 84;Vídeo;61;1695.91
4491;SKU-14484;Item 14484 Computadores - Modelo 85;Computadores;68;1699.38
4492;SKU-14485;Item 14485 Redes - Modelo 86;Redes;75;1702.85
4493;SKU-14486;Item 14486 Impressão - Modelo 87;Impressão;82;1706.32
4494;SKU-14487;Item 14487 Acessórios - Modelo 88;Acessórios;89;1709.79
4495;SKU-14488;Item 14488 Armazenamento - Modelo 89;Armazenamento;96;1713.26
4496;SKU-14489;Item 14489 Energia - Modelo 90;Energia;103;1716.73
4497;SKU-14490;Item 14490 Periféricos - Modelo 91;Periféricos;110;1720.20
4498;SKU-14491;Item 14491 Monitores - Modelo 92;Monitores;117;1723.67
4499;SKU-14492;Item 14492 Áudio - Modelo 93;Áudio;4;1727.14
4500;SKU-14493;Item 14493 Vídeo - Modelo 94;Vídeo;11;1730.61
4501;SKU-14494;Item 14494 Computadores - Modelo 95;Computadores;18;1734.08
4502;SKU-14495;Item 14495 Redes - Modelo 96;Redes;25;1737.55
4503;SKU-14496;Item 14496 Impressão - Modelo 97;Impressão;32;1741.02
4504;SKU-14497;Item 14497 Acessórios - Modelo 98;Acessórios;39;1744.49
4505;SKU-14498;Item 14498 Armazenamento - Modelo 99;Armazenamento;46;1747.96
4506;SKU-14499;Item 14499 Energia - Modelo 100;Energia;53;1751.43
4507;SKU-14500;Item 14500 Periféricos - Modelo 1;Periféricos;60;19.90
4508;SKU-14501;Item 14501 Monitores - Modelo 2;Monitores;67;23.37
4509;SKU-14502;Item 14502 Áudio - Modelo 3;Áudio;74;26.84
4510;SKU-14503;Item 14503 Vídeo - Modelo 4;Vídeo;81;30.31
4511;SKU-14504;Item 14504 Computadores - Modelo 5;Computadores;88;33.78
4512;SKU-14505;Item 14505 Redes - Modelo 6;Redes;95;37.25
4513;SKU-14506;Item 14506 Impressão - Modelo 7;Impressão;102;40.72
4514;SKU-14507;Item 14507 Acessórios - Modelo 8;Acessórios;109;44.19
4515;SKU-14508;Item 14508 Armazenamento - Modelo 9;Armazenamento;116;47.66
4516;SKU-14509;Item 14509 Energia - Modelo 10;Energia;3;51.13
4517;SKU-14510;Item 14510 Periféricos - Modelo 11;Periféricos;10;54.60
4518;SKU-14511;Item 14511 Monitores - Modelo 12;Monitores;17;58.07
4519;SKU-14512;Item 14512 Áudio - Modelo 13;Áudio;24;61.54
4520;SKU-14513;Item 14513 Vídeo - Modelo 14;Vídeo;31;65.01
4521;SKU-14514;Item 14514 Computadores - Modelo 15;Computadores;38;68.48
4522;SKU-14515;Item 14515 Redes - Modelo 16;Redes;45;71.95
4523;SKU-14516;Item 14516 Impressão - Modelo 17;Impressão;52;75.42
4524;SKU-14517;Item 14517 Acessórios - Modelo 18;Acessórios;59;78.89
4525;SKU-14518;Item 14518 Armazenamento - Modelo 19;Armazenamento;66;82.36
4526;SKU-14519;Item 14519 Energia - Modelo 20;Energia;73;85.83
4527;SKU-14520;Item 14520 Periféricos - Modelo 21;Periféricos;80;89.30
4528;SKU-14521;Item 14521 Monitores - Modelo 22;Monitores;87;92.77
4529;SKU-14522;Item 14522 Áudio - Modelo 23;Áudio;94;96.24
4530;SKU-14523;Item 14523 Vídeo - Modelo 24;Vídeo;101;99.71
4531;SKU-14524;Item 14524 Computadores - Modelo 25;Computadores;108;103.18
4532;SKU-14525;Item 14525 Redes - Modelo 26;Redes;115;106.65
4533;SKU-14526;Item 14526 Impressão - Modelo 27;Impressão;2;110.12
4534;SKU-14527;Item 14527 Acessórios - Modelo 28;Acessórios;9;113.59
4535;SKU-14528;Item 14528 Armazenamento - Modelo 29;Armazenamento;16;117.06
4536;SKU-14529;Item 14529 Energia - Modelo 30;Energia;23;120.53
4537;SKU-14530;Item 14530 Periféricos - Modelo 31;Periféricos;30;124.00
4538;SKU-14531;Item 14531 Monitores - Modelo 32;Monitores;37;127.47
4539;SKU-14532;Item 14532 Áudio - Modelo 33;Áudio;44;130.94
4540;SKU-14533;Item 14533 Vídeo - Modelo 34;Vídeo;51;134.41
4541;SKU-14534;Item 14534 Computadores - Modelo 35;Computadores;58;137.88
4542;SKU-14535;Item 14535 Redes - Modelo 36;Redes;65;141.35
4543;SKU-14536;Item 14536 Impressão - Modelo 37;Impressão;72;144.82
4544;SKU-14537;Item 14537 Acessórios - Modelo 38;Acessórios;79;148.29
4545;SKU-14538;Item 14538 Armazenamento - Modelo 39;Armazenamento;86;151.76
4546;SKU-14539;Item 14539 Energia - Modelo 40;Energia;93;155.23
4547;SKU-14540;Item 14540 Periféricos - Modelo 41;Periféricos;100;158.70
4548;SKU-14541;Item 14541 Monitores - Modelo 42;Monitores;107;162.17
4549;SKU-14542;Item 14542 Áudio - Modelo 43;Áudio;114;165.64
4550;SKU-14543;Item 14543 Vídeo - Modelo 44;Vídeo;1;169.11
4551;SKU-14544;Item 14544 Computadores - Modelo 45;Computadores;8;172.58
4552;SKU-14545;Item 14545 Redes - Modelo 46;Redes;15;176.05
4553;SKU-14546;Item 14546 Impressão - Modelo 47;Impressão;22;179.52
4554;SKU-14547;Item 14547 Acessórios - Modelo 48;Acessórios;29;182.99
4555;SKU-14548;Item 14548 Armazenamento - Modelo 49;Armazenamento;36;186.46
4556;SKU-14549;Item 14549 Energia - Modelo 50;Energia;43;189.93
4557;SKU-14550;Item 14550 Periféricos - Modelo 51;Periféricos;50;193.40
4558;SKU-14551;Item 14551 Monitores - Modelo 52;Monitores;57;196.87
4559;SKU-14552;Item 14552 Áudio - Modelo 53;Áudio;64;200.34
4560;SKU-14553;Item 14553 Vídeo - Modelo 54;Vídeo;71;203.81
4561;SKU-14554;Item 14554 Computadores - Modelo 55;Computadores;78;207.28
4562;SKU-14555;Item 14555 Redes - Modelo 56;Redes;85;210.75
4563;SKU-14556;Item 14556 Impressão - Modelo 57;Impressão;92;214.22
4564;SKU-14557;Item 14557 Acessórios - Modelo 58;Acessórios;99;217.69
4565;SKU-14558;Item 14558 Armazenamento - Modelo 59;Armazenamento;106;221.16
4566;SKU-14559;Item 14559 Energia - Modelo 60;Energia;113;224.63
4567;SKU-14560;Item 14560 Periféricos - Modelo 61;Periféricos;0;228.10
4568;SKU-14561;Item 14561 Monitores - Modelo 62;Monitores;7;231.57
4569;SKU-14562;Item 14562 Áudio - Modelo 63;Áudio;14;235.04
4570;SKU-14563;Item 14563 Vídeo - Modelo 64;Vídeo;21;238.51
4571;SKU-14564;Item 14564 Computadores - Modelo 65;Computadores;28;241.98
4572;SKU-14565;Item 14565 Redes - Modelo 66;Redes;35;245.45
4573;SKU-14566;Item 14566 Impressão - Modelo 67;Impressão;42;248.92
4574;SKU-14567;Item 14567 Acessórios - Modelo 68;Acessórios;49;252.39
4575;SKU-14568;Item 14568 Armazenamento - Modelo 69;Armazenamento;56;255.86
4576;SKU-14569;Item 14569 Energia - Modelo 70;Energia;63;259.33
4577;SKU-14570;Item 14570 Periféricos - Modelo 71;Periféricos;70;262.80
4578;SKU-14571;Item 14571 Monitores - Modelo 72;Monitores;77;266.27
4579;SKU-14572;Item 14572 Áudio - Modelo 73;Áudio;84;269.74
4580;SKU-14573;Item 14573 Vídeo - Modelo 74;Vídeo;91;273.21
4581;SKU-14574;Item 14574 Computadores - Modelo 75;Computadores;98;276.68
4582;SKU-14575;Item 14575 Redes - Modelo 76;Redes;105;280.15
4583;SKU-14576;Item 14576 Impressão - Modelo 77;Impressão;112;283.62
4584;SKU-14577;Item 14577 Acessórios - Modelo 78;Acessórios;119;287.09
4585;SKU-14578;Item 14578 Armazenamento - Modelo 79;Armazenamento;6;290.56
4586;SKU-14579;Item 14579 Energia - Modelo 80;Energia;13;294.03
4587;SKU-14580;Item 14580 Periféricos - Modelo 81;Periféricos;20;297.50
4588;SKU-14581;Item 14581 Monitores - Modelo 82;Monitores;27;300.97
4589;SKU-14582;Item 14582 Áudio - Modelo 83;Áudio;34;304.44
4590;SKU-14583;Item 14583 Vídeo - Modelo 84;Vídeo;41;307.91
4591;SKU-14584;Item 14584 Computadores - Modelo 85;Computadores;48;311.38
4592;SKU-14585;Item 14585 Redes - Modelo 86;Redes;55;314.85
4593;SKU-14586;Item 14586 Impressão - Modelo 87;Impressão;62;318.32
4594;SKU-14587;Item 14587 Acessórios - Modelo 88;Acessórios;69;321.79
4595;SKU-14588;Item 14588 Armazenamento - Modelo 89;Armazenamento;76;325.26
4596;SKU-14589;Item 14589 Energia - Modelo 90;Energia;83;328.73
4597;SKU-14590;Item 14590 Periféricos - Modelo 91;Periféricos;90;332.20
4598;SKU-14591;Item 14591 Monitores - Modelo 92;Monitores;97;335.67
4599;SKU-14592;Item 14592 Áudio - Modelo 93;Áudio;104;339.14
4600;SKU-14593;Item 14593 Vídeo - Modelo 94;Vídeo;111;342.61
4601;SKU-14594;Item 14594 Computadores - Modelo 95;Computadores;118;346.08
4602;SKU-14595;Item 14595 Redes - Modelo 96;Redes;5;349.55
4603;SKU-14596;Item 14596 Impressão - Modelo 97;Impressão;12;353.02
4604;SKU-14597;Item 14597 Acessórios - Modelo 98;Acessórios;19;356.49
4605;SKU-14598;Item 14598 Armazenamento - Modelo 99;Armazenamento;26;359.96
4606;SKU-14599;Item 14599 Energia - Modelo 100;Energia;33;363.43
4607;SKU-14600;Item 14600 Periféricos - Modelo 1;Periféricos;40;366.90
4608;SKU-14601;Item 14601 Monitores - Modelo 2;Monitores;47;370.37
4609;SKU-14602;Item 14602 Áudio - Modelo 3;Áudio;54;373.84
4610;SKU-14603;Item 14603 Vídeo - Modelo 4;Vídeo;61;377.31
4611;SKU-14604;Item 14604 Computadores - Modelo 5;Computadores;68;380.78
4612;SKU-14605;Item 14605 Redes - Modelo 6;Redes;75;384.25
4613;SKU-14606;Item 14606 Impressão - Modelo 7;Impressão;82;387.72
4614;SKU-14607;Item 14607 Acessórios - Modelo 8;Acessórios;89;391.19
4615;SKU-14608;Item 14608 Armazenamento - Modelo 9;Armazenamento;96;394.66
4616;SKU-14609;Item 14609 Energia - Modelo 10;Energia;103;398.13
4617;SKU-14610;Item 14610 Periféricos - Modelo 11;Periféricos;110;401.60
4618;SKU-14611;Item 14611 Monitores - Modelo 12;Monitores;117;405.07
4619;SKU-14612;Item 14612 Áudio - Modelo 13;Áudio;4;408.54
4620;SKU-14613;Item 14613 Vídeo - Modelo 14;Vídeo;11;412.01
4621;SKU-14614;Item 14614 Computadores - Modelo 15;Computadores;18;415.48
4622;SKU-14615;Item 14615 Redes - Modelo 16;Redes;25;418.95
4623;SKU-14616;Item 14616 Impressão - Modelo 17;Impressão;32;422.42
4624;SKU-14617;Item 14617 Acessórios - Modelo 18;Acessórios;39;425.89
4625;SKU-14618;Item 14618 Armazenamento - Modelo 19;Armazenamento;46;429.36
4626;SKU-14619;Item 14619 Energia - Modelo 20;Energia;53;432.83
4627;SKU-14620;Item 14620 Periféricos - Modelo 21;Periféricos;60;436.30
4628;SKU-14621;Item 14621 Monitores - Modelo 22;Monitores;67;439.77
4629;SKU-14622;Item 14622 Áudio - Modelo 23;Áudio;74;443.24
4630;SKU-14623;Item 14623 Vídeo - Modelo 24;Vídeo;81;446.71
4631;SKU-14624;Item 14624 Computadores - Modelo 25;Computadores;88;450.18
4632;SKU-14625;Item 14625 Redes - Modelo 26;Redes;95;453.65
4633;SKU-14626;Item 14626 Impressão - Modelo 27;Impressão;102;457.12
4634;SKU-14627;Item 14627 Acessórios - Modelo 28;Acessórios;109;460.59
4635;SKU-14628;Item 14628 Armazenamento - Modelo 29;Armazenamento;116;464.06
4636;SKU-14629;Item 14629 Energia - Modelo 30;Energia;3;467.53
4637;SKU-14630;Item 14630 Periféricos - Modelo 31;Periféricos;10;471.00
4638;SKU-14631;Item 14631 Monitores - Modelo 32;Monitores;17;474.47
4639;SKU-14632;Item 14632 Áudio - Modelo 33;Áudio;24;477.94
4640;SKU-14633;Item 14633 Vídeo - Modelo 34;Vídeo;31;481.41
4641;SKU-14634;Item 14634 Computadores - Modelo 35;Computadores;38;484.88
4642;SKU-14635;Item 14635 Redes - Modelo 36;Redes;45;488.35
4643;SKU-14636;Item 14636 Impressão - Modelo 37;Impressão;52;491.82
4644;SKU-14637;Item 14637 Acessórios - Modelo 38;Acessórios;59;495.29
4645;SKU-14638;Item 14638 Armazenamento - Modelo 39;Armazenamento;66;498.76
4646;SKU-14639;Item 14639 Energia - Modelo 40;Energia;73;502.23
4647;SKU-14640;Item 14640 Periféricos - Modelo 41;Periféricos;80;505.70
4648;SKU-14641;Item 14641 Monitores - Modelo 42;Monitores;87;509.17
4649;SKU-14642;Item 14642 Áudio - Modelo 43;Áudio;94;512.64
4650;SKU-14643;Item 14643 Vídeo - Modelo 44;Vídeo;101;516.11
4651;SKU-14644;Item 14644 Computadores - Modelo 45;Computadores;108;519.58
4652;SKU-14645;Item 14645 Redes - Modelo 46;Redes;115;523.05
4653;SKU-14646;Item 14646 Impressão - Modelo 47;Impressão;2;526.52
4654;SKU-14647;Item 14647 Acessórios - Modelo 48;Acessórios;9;529.99
4655;SKU-14648;Item 14648 Armazenamento - Modelo 49;Armazenamento;16;533.46
4656;SKU-14649;Item 14649 Energia - Modelo 50;Energia;23;536.93
4657;SKU-14650;Item 14650 Periféricos - Modelo 51;Periféricos;30;540.40
4658;SKU-14651;Item 14651 Monitores - Modelo 52;Monitores;37;543.87
4659;SKU-14652;Item 14652 Áudio - Modelo 53;Áudio;44;547.34
4660;SKU-14653;Item 14653 Vídeo - Modelo 54;Vídeo;51;550.81
4661;SKU-14654;Item 14654 Computadores - Modelo 55;Computadores;58;554.28
4662;SKU-14655;Item 14655 Redes - Modelo 56;Redes;65;557.75
4663;SKU-14656;Item 14656 Impressão - Modelo 57;Impressão;72;561.22
4664;SKU-14657;Item 14657 Acessórios - Modelo 58;Acessórios;79;564.69
4665;SKU-14658;Item 14658 Armazenamento - Modelo 59;Armazenamento;86;568.16
4666;SKU-14659;Item 14659 Energia - Modelo 60;Energia;93;571.63
4667;SKU-14660;Item 14660 Periféricos - Modelo 61;Periféricos;100;575.10
4668;SKU-14661;Item 14661 Monitores - Modelo 62;Monitores;107;578.57
4669;SKU-14662;Item 14662 Áudio - Modelo 63;Áudio;114;582.04
4670;SKU-14663;Item 14663 Vídeo - Modelo 64;Vídeo;1;585.51
4671;SKU-14664;Item 14664 Computadores - Modelo 65;Computadores;8;588.98
4672;SKU-14665;Item 14665 Redes - Modelo 66;Redes;15;592.45
4673;SKU-14666;Item 14666 Impressão - Modelo 67;Impressão;22;595.92
4674;SKU-14667;Item 14667 Acessórios - Modelo 68;Acessórios;29;599.39
4675;SKU-14668;Item 14668 Armazenamento - Modelo 69;Armazenamento;36;602.86
4676;SKU-14669;Item 14669 Energia - Modelo 70;Energia;43;606.33
4677;SKU-14670;Item 14670 Periféricos - Modelo 71;Periféricos;50;609.80
4678;SKU-14671;Item 14671 Monitores - Modelo 72;Monitores;57;613.27
4679;SKU-14672;Item 14672 Áudio - Modelo 73;Áudio;64;616.74
4680;SKU-14673;Item 14673 Vídeo - Modelo 74;Vídeo;71;620.21
4681;SKU-14674;Item 14674 Computadores - Modelo 75;Computadores;78;623.68
4682;SKU-14675;Item 14675 Redes - Modelo 76;Redes;85;627.15
4683;SKU-14676;Item 14676 Impressão - Modelo 77;Impressão;92;630.62
4684;SKU-14677;Item 14677 Acessórios - Modelo 78;Acessórios;99;634.09
4685;SKU-14678;Item 14678 Armazenamento - Modelo 79;Armazenamento;106;637.56
4686;SKU-14679;Item 14679 Energia - Modelo 80;Energia;113;641.03
4687;SKU-14680;Item 14680 Periféricos - Modelo 81;Periféricos;0;644.50
4688;SKU-14681;Item 14681 Monitores - Modelo 82;Monitores;7;647.97
4689;SKU-14682;Item 14682 Áudio - Modelo 83;Áudio;14;651.44
4690;SKU-14683;Item 14683 Vídeo - Modelo 84;Vídeo;21;654.91
4691;SKU-14684;Item 14684 Computadores - Modelo 85;Computadores;28;658.38
4692;SKU-14685;Item 14685 Redes - Modelo 86;Redes;35;661.85
4693;SKU-14686;Item 14686 Impressão - Modelo 87;Impressão;42;665.32
4694;SKU-14687;Item 14687 Acessórios - Modelo 88;Acessórios;49;668.79
4695;SKU-14688;Item 14688 Armazenamento - Modelo 89;Armazenamento;56;672.26
4696;SKU-14689;Item 14689 Energia - Modelo 90;Energia;63;675.73
4697;SKU-14690;Item 14690 Periféricos - Modelo 91;Periféricos;70;679.20
4698;SKU-14691;Item 14691 Monitores - Modelo 92;Monitores;77;682.67
4699;SKU-14692;Item 14692 Áudio - Modelo 93;Áudio;84;686.14
4700;SKU-14693;Item 14693 Vídeo - Modelo 94;Vídeo;91;689.61
4701;SKU-14694;Item 14694 Computadores - Modelo 95;Computadores;98;693.08
4702;SKU-14695;Item 14695 Redes - Modelo 96;Redes;105;696.55
4703;SKU-14696;Item 14696 Impressão - Modelo 97;Impressão;112;700.02
4704;SKU-14697;Item 14697 Acessórios - Modelo 98;Acessórios;119;703.49
4705;SKU-14698;Item 14698 Armazenamento - Modelo 99;Armazenamento;6;706.96
4706;SKU-14699;Item 14699 Energia - Modelo 100;Energia;13;710.43
4707;SKU-14700;Item 14700 Periféricos - Modelo 1;Periféricos;20;713.90
4708;SKU-14701;Item 14701 Monitores - Modelo 2;Monitores;27;717.37
4709;SKU-14702;Item 14702 Áudio - Modelo 3;Áudio;34;720.84
4710;SKU-14703;Item 14703 Vídeo - Modelo 4;Vídeo;41;724.31
4711;SKU-14704;Item 14704 Computadores - Modelo 5;Computadores;48;727.78
4712;SKU-14705;Item 14705 Redes - Modelo 6;Redes;55;731.25
4713;SKU-14706;Item 14706 Impressão - Modelo 7;Impressão;62;734.72
4714;SKU-14707;Item 14707 Acessórios - Modelo 8;Acessórios;69;738.19
4715;SKU-14708;Item 14708 Armazenamento - Modelo 9;Armazenamento;76;741.66
4716;SKU-14709;Item 14709 Energia - Modelo 10;Energia;83;745.13
4717;SKU-14710;Item 14710 Periféricos - Modelo 11;Periféricos;90;748.60
4718;SKU-14711;Item 14711 Monitores - Modelo 12;Monitores;97;752.07
4719;SKU-14712;Item 14712 Áudio - Modelo 13;Áudio;104;755.54
4720;SKU-14713;Item 14713 Vídeo - Modelo 14;Vídeo;111;759.01
4721;SKU-14714;Item 14714 Computadores - Modelo 15;Computadores;118;762.48
4722;SKU-14715;Item 14715 Redes - Modelo 16;Redes;5;765.95
4723;SKU-14716;Item 14716 Impressão - Modelo 17;Impressão;12;769.42
4724;SKU-14717;Item 14717 Acessórios - Modelo 18;Acessórios;19;772.89
4725;SKU-14718;Item 14718 Armazenamento - Modelo 19;Armazenamento;26;776.36
4726;SKU-14719;Item 14719 Energia - Modelo 20;Energia;33;779.83
4727;SKU-14720;Item 14720 Periféricos - Modelo 21;Periféricos;40;783.30
4728;SKU-14721;Item 14721 Monitores - Modelo 22;Monitores;47;786.77
4729;SKU-14722;Item 14722 Áudio - Modelo 23;Áudio;54;790.24
4730;SKU-14723;Item 14723 Vídeo - Modelo 24;Vídeo;61;793.71
4731;SKU-14724;Item 14724 Computadores - Modelo 25;Computadores;68;797.18
4732;SKU-14725;Item 14725 Redes - Modelo 26;Redes;75;800.65
4733;SKU-14726;Item 14726 Impressão - Modelo 27;Impressão;82;804.12
4734;SKU-14727;Item 14727 Acessórios - Modelo 28;Acessórios;89;807.59
4735;SKU-14728;Item 14728 Armazenamento - Modelo 29;Armazenamento;96;811.06
4736;SKU-14729;Item 14729 Energia - Modelo 30;Energia;103;814.53
4737;SKU-14730;Item 14730 Periféricos - Modelo 31;Periféricos;110;818.00
4738;SKU-14731;Item 14731 Monitores - Modelo 32;Monitores;117;821.47
4739;SKU-14732;Item 14732 Áudio - Modelo 33;Áudio;4;824.94
4740;SKU-14733;Item 14733 Vídeo - Modelo 34;Vídeo;11;828.41
4741;SKU-14734;Item 14734 Computadores - Modelo 35;Computadores;18;831.88
4742;SKU-14735;Item 14735 Redes - Modelo 36;Redes;25;835.35
4743;SKU-14736;Item 14736 Impressão - Modelo 37;Impressão;32;838.82
4744;SKU-14737;Item 14737 Acessórios - Modelo 38;Acessórios;39;842.29
4745;SKU-14738;Item 14738 Armazenamento - Modelo 39;Armazenamento;46;845.76
4746;SKU-14739;Item 14739 Energia - Modelo 40;Energia;53;849.23
4747;SKU-14740;Item 14740 Periféricos - Modelo 41;Periféricos;60;852.70
4748;SKU-14741;Item 14741 Monitores - Modelo 42;Monitores;67;856.17
4749;SKU-14742;Item 14742 Áudio - Modelo 43;Áudio;74;859.64
4750;SKU-14743;Item 14743 Vídeo - Modelo 44;Vídeo;81;863.11
4751;SKU-14744;Item 14744 Computadores - Modelo 45;Computadores;88;866.58
4752;SKU-14745;Item 14745 Redes - Modelo 46;Redes;95;870.05
4753;SKU-14746;Item 14746 Impressão - Modelo 47;Impressão;102;873.52
4754;SKU-14747;Item 14747 Acessórios - Modelo 48;Acessórios;109;876.99
4755;SKU-14748;Item 14748 Armazenamento - Modelo 49;Armazenamento;116;880.46
4756;SKU-14749;Item 14749 Energia - Modelo 50;Energia;3;883.93
4757;SKU-14750;Item 14750 Periféricos - Modelo 51;Periféricos;10;887.40
4758;SKU-14751;Item 14751 Monitores - Modelo 52;Monitores;17;890.87
4759;SKU-14752;Item 14752 Áudio - Modelo 53;Áudio;24;894.34
4760;SKU-14753;Item 14753 Vídeo - Modelo 54;Vídeo;31;897.81
4761;SKU-14754;Item 14754 Computadores - Modelo 55;Computadores;38;901.28
4762;SKU-14755;Item 14755 Redes - Modelo 56;Redes;45;904.75
4763;SKU-14756;Item 14756 Impressão - Modelo 57;Impressão;52;908.22
4764;SKU-14757;Item 14757 Acessórios - Modelo 58;Acessórios;59;911.69
4765;SKU-14758;Item 14758 Armazenamento - Modelo 59;Armazenamento;66;915.16
4766;SKU-14759;Item 14759 Energia - Modelo 60;Energia;73;918.63
4767;SKU-14760;Item 14760 Periféricos - Modelo 61;Periféricos;80;922.10
4768;SKU-14761;Item 14761 Monitores - Modelo 62;Monitores;87;925.57
4769;SKU-14762;Item 14762 Áudio - Modelo 63;Áudio;94;929.04
4770;SKU-14763;Item 14763 Vídeo - Modelo 64;Vídeo;101;932.51
4771;SKU-14764;Item 14764 Computadores - Modelo 65;Computadores;108;935.98
4772;SKU-14765;Item 14765 Redes - Modelo 66;Redes;115;939.45
4773;SKU-14766;Item 14766 Impressão - Modelo 67;Impressão;2;942.92
4774;SKU-14767;Item 14767 Acessórios - Modelo 68;Acessórios;9;946.39
4775;SKU-14768;Item 14768 Armazenamento - Modelo 69;Armazenamento;16;949.86
4776;SKU-14769;Item 14769 Energia - Modelo 70;Energia;23;953.33
4777;SKU-14770;Item 14770 Periféricos - Modelo 71;Periféricos;30;956.80
4778;SKU-14771;Item 14771 Monitores - Modelo 72;Monitores;37;960.27
4779;SKU-14772;Item 14772 Áudio - Modelo 73;Áudio;44;963.74
4780;SKU-14773;Item 14773 Vídeo - Modelo 74;Vídeo;51;967.21
4781;SKU-14774;Item 14774 Computadores - Modelo 75;Computadores;58;970.68
4782;SKU-14775;Item 14775 Redes - Modelo 76;Redes;65;974.15
4783;SKU-14776;Item 14776 Impressão - Modelo 77;Impressão;72;977.62
4784;SKU-14777;Item 14777 Acessórios - Modelo 78;Acessórios;79;981.09
4785;SKU-14778;Item 14778 Armazenamento - Modelo 79;Armazenamento;86;984.56
4786;SKU-14779;Item 14779 Energia - Modelo 80;Energia;93;988.03
4787;SKU-14780;Item 14780 Periféricos - Modelo 81;Periféricos;100;991.50
4788;SKU-14781;Item 14781 Monitores - Modelo 82;Monitores;107;994.97
4789;SKU-14782;Item 14782 Áudio - Modelo 83;Áudio;114;998.44
4790;SKU-14783;Item 14783 Vídeo - Modelo 84;Vídeo;1;1001.91
4791;SKU-14784;Item 14784 Computadores - Modelo 85;Computadores;8;1005.38
4792;SKU-14785;Item 14785 Redes - Modelo 86;Redes;15;1008.85
4793;SKU-14786;Item 14786 Impressão - Modelo 87;Impressão;22;1012.32
4794;SKU-14787;Item 14787 Acessórios - Modelo 88;Acessórios;29;1015.79
4795;SKU-14788;Item 14788 Armazenamento - Modelo 89;Armazenamento;36;1019.26
4796;SKU-14789;Item 14789 Energia - Modelo 90;Energia;43;1022.73
4797;SKU-14790;Item 14790 Periféricos - Modelo 91;Periféricos;50;1026.20
4798;SKU-14791;Item 14791 Monitores - Modelo 92;Monitores;57;1029.67
4799;SKU-14792;Item 14792 Áudio - Modelo 93;Áudio;64;1033.14
4800;SKU-14793;Item 14793 Vídeo - Modelo 94;Vídeo;71;1036.61
4801;SKU-14794;Item 14794 Computadores - Modelo 95;Computadores;78;1040.08
4802;SKU-14795;Item 14795 Redes - Modelo 96;Redes;85;1043.55
4803;SKU-14796;Item 14796 Impressão - Modelo 97;Impressão;92;1047.02
4804;SKU-14797;Item 14797 Acessórios - Modelo 98;Acessórios;99;1050.49
4805;SKU-14798;Item 14798 Armazenamento - Modelo 99;Armazenamento;106;1053.96
4806;SKU-14799;Item 14799 Energia - Modelo 100;Energia;113;1057.43
4807;SKU-14800;Item 14800 Periféricos - Modelo 1;Periféricos;0;1060.90
4808;SKU-14801;Item 14801 Monitores - Modelo 2;Monitores;7;1064.37
4809;SKU-14802;Item 14802 Áudio - Modelo 3;Áudio;14;1067.84
4810;SKU-14803;Item 14803 Vídeo - Modelo 4;Vídeo;21;1071.31
4811;SKU-14804;Item 14804 Computadores - Modelo 5;Computadores;28;1074.78
4812;SKU-14805;Item 14805 Redes - Modelo 6;Redes;35;1078.25
4813;SKU-14806;Item 14806 Impressão - Modelo 7;Impressão;42;1081.72
4814;SKU-14807;Item 14807 Acessórios - Modelo 8;Acessórios;49;1085.19
4815;SKU-14808;Item 14808 Armazenamento - Modelo 9;Armazenamento;56;1088.66
4816;SKU-14809;Item 14809 Energia - Modelo 10;Energia;63;1092.13
4817;SKU-14810;Item 14810 Periféricos - Modelo 11;Periféricos;70;1095.60
4818;SKU-14811;Item 14811 Monitores - Modelo 12;Monitores;77;1099.07
4819;SKU-14812;Item 14812 Áudio - Modelo 13;Áudio;84;1102.54
4820;SKU-14813;Item 14813 Vídeo - Modelo 14;Vídeo;91;1106.01
4821;SKU-14814;Item 14814 Computadores - Modelo 15;Computadores;98;1109.48
4822;SKU-14815;Item 14815 Redes - Modelo 16;Redes;105;1112.95
4823;SKU-14816;Item 14816 Impressão - Modelo 17;Impressão;112;1116.42
4824;SKU-14817;Item 14817 Acessórios - Modelo 18;Acessórios;119;1119.89
4825;SKU-14818;Item 14818 Armazenamento - Modelo 19;Armazenamento;6;1123.36
4826;SKU-14819;Item 14819 Energia - Modelo 20;Energia;13;1126.83
4827;SKU-14820;Item 14820 Periféricos - Modelo 21;Periféricos;20;1130.30
4828;SKU-14821;Item 14821 Monitores - Modelo 22;Monitores;27;1133.77
4829;SKU-14822;Item 14822 Áudio - Modelo 23;Áudio;34;1137.24
4830;SKU-14823;Item 14823 Vídeo - Modelo 24;Vídeo;41;1140.71
4831;SKU-14824;Item 14824 Computadores - Modelo 25;Computadores;48;1144.18
4832;SKU-14825;Item 14825 Redes - Modelo 26;Redes;55;1147.65
4833;SKU-14826;Item 14826 Impressão - Modelo 27;Impressão;62;1151.12
4834;SKU-14827;Item 14827 Acessórios - Modelo 28;Acessórios;69;1154.59
4835;SKU-14828;Item 14828 Armazenamento - Modelo 29;Armazenamento;76;1158.06
4836;SKU-14829;Item 14829 Energia - Modelo 30;Energia;83;1161.53
4837;SKU-14830;Item 14830 Periféricos - Modelo 31;Periféricos;90;1165.00
4838;SKU-14831;Item 14831 Monitores - Modelo 32;Monitores;97;1168.47
4839;SKU-14832;Item 14832 Áudio - Modelo 33;Áudio;104;1171.94
4840;SKU-14833;Item 14833 Vídeo - Modelo 34;Vídeo;111;1175.41
4841;SKU-14834;Item 14834 Computadores - Modelo 35;Computadores;118;1178.88
4842;SKU-14835;Item 14835 Redes - Modelo 36;Redes;5;1182.35
4843;SKU-14836;Item 14836 Impressão - Modelo 37;Impressão;12;1185.82
4844;SKU-14837;Item 14837 Acessórios - Modelo 38;Acessórios;19;1189.29
4845;SKU-14838;Item 14838 Armazenamento - Modelo 39;Armazenamento;26;1192.76
4846;SKU-14839;Item 14839 Energia - Modelo 40;Energia;33;1196.23
4847;SKU-14840;Item 14840 Periféricos - Modelo 41;Periféricos;40;1199.70
4848;SKU-14841;Item 14841 Monitores - Modelo 42;Monitores;47;1203.17
4849;SKU-14842;Item 14842 Áudio - Modelo 43;Áudio;54;1206.64
4850;SKU-14843;Item 14843 Vídeo - Modelo 44;Vídeo;61;1210.11
4851;SKU-14844;Item 14844 Computadores - Modelo 45;Computadores;68;1213.58
4852;SKU-14845;Item 14845 Redes - Modelo 46;Redes;75;1217.05
4853;SKU-14846;Item 14846 Impressão - Modelo 47;Impressão;82;1220.52
4854;SKU-14847;Item 14847 Acessórios - Modelo 48;Acessórios;89;1223.99
4855;SKU-14848;Item 14848 Armazenamento - Modelo 49;Armazenamento;96;1227.46
4856;SKU-14849;Item 14849 Energia - Modelo 50;Energia;103;1230.93
4857;SKU-14850;Item 14850 Periféricos - Modelo 51;Periféricos;110;1234.40
4858;SKU-14851;Item 14851 Monitores - Modelo 52;Monitores;117;1237.87
4859;SKU-14852;Item 14852 Áudio - Modelo 53;Áudio;4;1241.34
4860;SKU-14853;Item 14853 Vídeo - Modelo 54;Vídeo;11;1244.81
4861;SKU-14854;Item 14854 Computadores - Modelo 55;Computadores;18;1248.28
4862;SKU-14855;Item 14855 Redes - Modelo 56;Redes;25;1251.75
4863;SKU-14856;Item 14856 Impressão - Modelo 57;Impressão;32;1255.22
4864;SKU-14857;Item 14857 Acessórios - Modelo 58;Acessórios;39;1258.69
4865;SKU-14858;Item 14858 Armazenamento - Modelo 59;Armazenamento;46;1262.16
4866;SKU-14859;Item 14859 Energia - Modelo 60;Energia;53;1265.63
4867;SKU-14860;Item 14860 Periféricos - Modelo 61;Periféricos;60;1269.10
4868;SKU-14861;Item 14861 Monitores - Modelo 62;Monitores;67;1272.57
4869;SKU-14862;Item 14862 Áudio - Modelo 63;Áudio;74;1276.04
4870;SKU-14863;Item 14863 Vídeo - Modelo 64;Vídeo;81;1279.51
4871;SKU-14864;Item 14864 Computadores - Modelo 65;Computadores;88;1282.98
4872;SKU-14865;Item 14865 Redes - Modelo 66;Redes;95;1286.45
4873;SKU-14866;Item 14866 Impressão - Modelo 67;Impressão;102;1289.92
4874;SKU-14867;Item 14867 Acessórios - Modelo 68;Acessórios;109;1293.39
4875;SKU-14868;Item 14868 Armazenamento - Modelo 69;Armazenamento;116;1296.86
4876;SKU-14869;Item 14869 Energia - Modelo 70;Energia;3;1300.33
4877;SKU-14870;Item 14870 Periféricos - Modelo 71;Periféricos;10;1303.80
4878;SKU-14871;Item 14871 Monitores - Modelo 72;Monitores;17;1307.27
4879;SKU-14872;Item 14872 Áudio - Modelo 73;Áudio;24;1310.74
4880;SKU-14873;Item 14873 Vídeo - Modelo 74;Vídeo;31;1314.21
4881;SKU-14874;Item 14874 Computadores - Modelo 75;Computadores;38;1317.68
4882;SKU-14875;Item 14875 Redes - Modelo 76;Redes;45;1321.15
4883;SKU-14876;Item 14876 Impressão - Modelo 77;Impressão;52;1324.62
4884;SKU-14877;Item 14877 Acessórios - Modelo 78;Acessórios;59;1328.09
4885;SKU-14878;Item 14878 Armazenamento - Modelo 79;Armazenamento;66;1331.56
4886;SKU-14879;Item 14879 Energia - Modelo 80;Energia;73;1335.03
4887;SKU-14880;Item 14880 Periféricos - Modelo 81;Periféricos;80;1338.50
4888;SKU-14881;Item 14881 Monitores - Modelo 82;Monitores;87;1341.97
4889;SKU-14882;Item 14882 Áudio - Modelo 83;Áudio;94;1345.44
4890;SKU-14883;Item 14883 Vídeo - Modelo 84;Vídeo;101;1348.91
4891;SKU-14884;Item 14884 Computadores - Modelo 85;Computadores;108;1352.38
4892;SKU-14885;Item 14885 Redes - Modelo 86;Redes;115;1355.85
4893;SKU-14886;Item 14886 Impressão - Modelo 87;Impressão;2;1359.32
4894;SKU-14887;Item 14887 Acessórios - Modelo 88;Acessórios;9;1362.79
4895;SKU-14888;Item 14888 Armazenamento - Modelo 89;Armazenamento;16;1366.26
4896;SKU-14889;Item 14889 Energia - Modelo 90;Energia;23;1369.73
4897;SKU-14890;Item 14890 Periféricos - Modelo 91;Periféricos;30;1373.20
4898;SKU-14891;Item 14891 Monitores - Modelo 92;Monitores;37;1376.67
4899;SKU-14892;Item 14892 Áudio - Modelo 93;Áudio;44;1380.14
4900;SKU-14893;Item 14893 Vídeo - Modelo 94;Vídeo;51;1383.61
4901;SKU-14894;Item 14894 Computadores - Modelo 95;Computadores;58;1387.08
4902;SKU-14895;Item 14895 Redes - Modelo 96;Redes;65;1390.55
4903;SKU-14896;Item 14896 Impressão - Modelo 97;Impressão;72;1394.02
4904;SKU-14897;Item 14897 Acessórios - Modelo 98;Acessórios;79;1397.49
4905;SKU-14898;Item 14898 Armazenamento - Modelo 99;Armazenamento;86;1400.96
4906;SKU-14899;Item 14899 Energia - Modelo 100;Energia;93;1404.43
4907;SKU-14900;Item 14900 Periféricos - Modelo 1;Periféricos;100;1407.90
4908;SKU-14901;Item 14901 Monitores - Modelo 2;Monitores;107;1411.37
4909;SKU-14902;Item 14902 Áudio - Modelo 3;Áudio;114;1414.84
4910;SKU-14903;Item 14903 Vídeo - Modelo 4;Vídeo;1;1418.31
4911;SKU-14904;Item 14904 Computadores - Modelo 5;Computadores;8;1421.78
4912;SKU-14905;Item 14905 Redes - Modelo 6;Redes;15;1425.25
4913;SKU-14906;Item 14906 Impressão - Modelo 7;Impressão;22;1428.72
4914;SKU-14907;Item 14907 Acessórios - Modelo 8;Acessórios;29;1432.19
4915;SKU-14908;Item 14908 Armazenamento - Modelo 9;Armazenamento;36;1435.66
4916;SKU-14909;Item 14909 Energia - Modelo 10;Energia;43;1439.13
4917;SKU-14910;Item 14910 Periféricos - Modelo 11;Periféricos;50;1442.60
4918;SKU-14911;Item 14911 Monitores - Modelo 12;Monitores;57;1446.07
4919;SKU-14912;Item 14912 Áudio - Modelo 13;Áudio;64;1449.54
4920;SKU-14913;Item 14913 Vídeo - Modelo 14;Vídeo;71;1453.01
4921;SKU-14914;Item 14914 Computadores - Modelo 15;Computadores;78;1456.48
4922;SKU-14915;Item 14915 Redes - Modelo 16;Redes;85;1459.95
4923;SKU-14916;Item 14916 Impressão - Modelo 17;Impressão;92;1463.42
4924;SKU-14917;Item 14917 Acessórios - Modelo 18;Acessórios;99;1466.89
4925;SKU-14918;Item 14918 Armazenamento - Modelo 19;Armazenamento;106;1470.36
4926;SKU-14919;Item 14919 Energia - Modelo 20;Energia;113;1473.83
4927;SKU-14920;Item 14920 Periféricos - Modelo 21;Periféricos;0;1477.30
4928;SKU-14921;Item 14921 Monitores - Modelo 22;Monitores;7;1480.77
4929;SKU-14922;Item 14922 Áudio - Modelo 23;Áudio;14;1484.24
4930;SKU-14923;Item 14923 Vídeo - Modelo 24;Vídeo;21;1487.71
4931;SKU-14924;Item 14924 Computadores - Modelo 25;Computadores;28;1491.18
4932;SKU-14925;Item 14925 Redes - Modelo 26;Redes;35;1494.65
4933;SKU-14926;Item 14926 Impressão - Modelo 27;Impressão;42;1498.12
4934;SKU-14927;Item 14927 Acessórios - Modelo 28;Acessórios;49;1501.59
4935;SKU-14928;Item 14928 Armazenamento - Modelo 29;Armazenamento;56;1505.06
4936;SKU-14929;Item 14929 Energia - Modelo 30;Energia;63;1508.53
4937;SKU-14930;Item 14930 Periféricos - Modelo 31;Periféricos;70;1512.00
4938;SKU-14931;Item 14931 Monitores - Modelo 32;Monitores;77;1515.47
4939;SKU-14932;Item 14932 Áudio - Modelo 33;Áudio;84;1518.94
4940;SKU-14933;Item 14933 Vídeo - Modelo 34;Vídeo;91;1522.41
4941;SKU-14934;Item 14934 Computadores - Modelo 35;Computadores;98;1525.88
4942;SKU-14935;Item 14935 Redes - Modelo 36;Redes;105;1529.35
4943;SKU-14936;Item 14936 Impressão - Modelo 37;Impressão;112;1532.82
4944;SKU-14937;Item 14937 Acessórios - Modelo 38;Acessórios;119;1536.29
4945;SKU-14938;Item 14938 Armazenamento - Modelo 39;Armazenamento;6;1539.76
4946;SKU-14939;Item 14939 Energia - Modelo 40;Energia;13;1543.23
4947;SKU-14940;Item 14940 Periféricos - Modelo 41;Periféricos;20;1546.70
4948;SKU-14941;Item 14941 Monitores - Modelo 42;Monitores;27;1550.17
4949;SKU-14942;Item 14942 Áudio - Modelo 43;Áudio;34;1553.64
4950;SKU-14943;Item 14943 Vídeo - Modelo 44;Vídeo;41;1557.11
4951;SKU-14944;Item 14944 Computadores - Modelo 45;Computadores;48;1560.58
4952;SKU-14945;Item 14945 Redes - Modelo 46;Redes;55;1564.05
4953;SKU-14946;Item 14946 Impressão - Modelo 47;Impressão;62;1567.52
4954;SKU-14947;Item 14947 Acessórios - Modelo 48;Acessórios;69;1570.99
4955;SKU-14948;Item 14948 Armazenamento - Modelo 49;Armazenamento;76;1574.46
4956;SKU-14949;Item 14949 Energia - Modelo 50;Energia;83;1577.93
4957;SKU-14950;Item 14950 Periféricos - Modelo 51;Periféricos;90;1581.40
4958;SKU-14951;Item 14951 Monitores - Modelo 52;Monitores;97;1584.87
4959;SKU-14952;Item 14952 Áudio - Modelo 53;Áudio;104;1588.34
4960;SKU-14953;Item 14953 Vídeo - Modelo 54;Vídeo;111;1591.81
4961;SKU-14954;Item 14954 Computadores - Modelo 55;Computadores;118;1595.28
4962;SKU-14955;Item 14955 Redes - Modelo 56;Redes;5;1598.75
4963;SKU-14956;Item 14956 Impressão - Modelo 57;Impressão;12;1602.22
4964;SKU-14957;Item 14957 Acessórios - Modelo 58;Acessórios;19;1605.69
4965;SKU-14958;Item 14958 Armazenamento - Modelo 59;Armazenamento;26;1609.16
4966;SKU-14959;Item 14959 Energia - Modelo 60;Energia;33;1612.63
4967;SKU-14960;Item 14960 Periféricos - Modelo 61;Periféricos;40;1616.10
4968;SKU-14961;Item 14961 Monitores - Modelo 62;Monitores;47;1619.57
4969;SKU-14962;Item 14962 Áudio - Modelo 63;Áudio;54;1623.04
4970;SKU-14963;Item 14963 Vídeo - Modelo 64;Vídeo;61;1626.51
4971;SKU-14964;Item 14964 Computadores - Modelo 65;Computadores;68;1629.98
4972;SKU-14965;Item 14965 Redes - Modelo 66;Redes;75;1633.45
4973;SKU-14966;Item 14966 Impressão - Modelo 67;Impressão;82;1636.92
4974;SKU-14967;Item 14967 Acessórios - Modelo 68;Acessórios;89;1640.39
4975;SKU-14968;Item 14968 Armazenamento - Modelo 69;Armazenamento;96;1643.86
4976;SKU-14969;Item 14969 Energia - Modelo 70;Energia;103;1647.33
4977;SKU-14970;Item 14970 Periféricos - Modelo 71;Periféricos;110;1650.80
4978;SKU-14971;Item 14971 Monitores - Modelo 72;Monitores;117;1654.27
4979;SKU-14972;Item 14972 Áudio - Modelo 73;Áudio;4;1657.74
4980;SKU-14973;Item 14973 Vídeo - Modelo 74;Vídeo;11;1661.21
4981;SKU-14974;Item 14974 Computadores - Modelo 75;Computadores;18;1664.68
4982;SKU-14975;Item 14975 Redes - Modelo 76;Redes;25;1668.15
4983;SKU-14976;Item 14976 Impressão - Modelo 77;Impressão;32;1671.62
4984;SKU-14977;Item 14977 Acessórios - Modelo 78;Acessórios;39;1675.09
4985;SKU-14978;Item 14978 Armazenamento - Modelo 79;Armazenamento;46;1678.56
4986;SKU-14979;Item 14979 Energia - Modelo 80;Energia;53;1682.03
4987;SKU-14980;Item 14980 Periféricos - Modelo 81;Periféricos;60;1685.50
4988;SKU-14981;Item 14981 Monitores - Modelo 82;Monitores;67;1688.97
4989;SKU-14982;Item 14982 Áudio - Modelo 83;Áudio;74;1692.44
4990;SKU-14983;Item 14983 Vídeo - Modelo 84;Vídeo;81;1695.91
4991;SKU-14984;Item 14984 Computadores - Modelo 85;Computadores;88;1699.38
4992;SKU-14985;Item 14985 Redes - Modelo 86;Redes;95;1702.85
4993;SKU-14986;Item 14986 Impressão - Modelo 87;Impressão;102;1706.32
4994;SKU-14987;Item 14987 Acessórios - Modelo 88;Acessórios;109;1709.79
4995;SKU-14988;Item 14988 Armazenamento - Modelo 89;Armazenamento;116;1713.26
4996;SKU-14989;Item 14989 Energia - Modelo 90;Energia;3;1716.73
4997;SKU-14990;Item 14990 Periféricos - Modelo 91;Periféricos;10;1720.20
4998;SKU-14991;Item 14991 Monitores - Modelo 92;Monitores;17;1723.67
4999;SKU-14992;Item 14992 Áudio - Modelo 93;Áudio;24;1727.14
5000;SKU-14993;Item 14993 Vídeo - Modelo 94;Vídeo;31;1730.61
5001;SKU-14994;Item 14994 Computadores - Modelo 95;Computadores;38;1734.08
5002;SKU-14995;Item 14995 Redes - Modelo 96;Redes;45;1737.55
5003;SKU-14996;Item 14996 Impressão - Modelo 97;Impressão;52;1741.02
5004;SKU-14997;Item 14997 Acessórios - Modelo 98;Acessórios;59;1744.49
5005;SKU-14998;Item 14998 Armazenamento - Modelo 99;Armazenamento;66;1747.96
5006;SKU-14999;Item 14999 Energia - Modelo 100;Energia;73;1751.43
5007;SKU-15000;Item 15000 Periféricos - Modelo 1;Periféricos;80;19.90
5008;SKU-15001;Item 15001 Monitores - Modelo 2;Monitores;87;23.37
5009;SKU-15002;Item 15002 Áudio - Modelo 3;Áudio;94;26.84
5010;SKU-15003;Item 15003 Vídeo - Modelo 4;Vídeo;101;30.31
5011;SKU-15004;Item 15004 Computadores - Modelo 5;Computadores;108;33.78
5012;SKU-15005;Item 15005 Redes - Modelo 6;Redes;115;37.25
5013;SKU-15006;Item 15006 Impressão - Modelo 7;Impressão;2;40.72
5014;SKU-15007;Item 15007 Acessórios - Modelo 8;Acessórios;9;44.19
5015;SKU-15008;Item 15008 Armazenamento - Modelo 9;Armazenamento;16;47.66
5016;SKU-15009;Item 15009 Energia - Modelo 10;Energia;23;51.13
5017;SKU-15010;Item 15010 Periféricos - Modelo 11;Periféricos;30;54.60
5018;SKU-15011;Item 15011 Monitores - Modelo 12;Monitores;37;58.07
5019;SKU-15012;Item 15012 Áudio - Modelo 13;Áudio;44;61.54
5020;SKU-15013;Item 15013 Vídeo - Modelo 14;Vídeo;51;65.01
5021;SKU-15014;Item 15014 Computadores - Modelo 15;Computadores;58;68.48
5022;SKU-15015;Item 15015 Redes - Modelo 16;Redes;65;71.95
5023;SKU-15016;Item 15016 Impressão - Modelo 17;Impressão;72;75.42
5024;SKU-15017;Item 15017 Acessórios - Modelo 18;Acessórios;79;78.89
5025;SKU-15018;Item 15018 Armazenamento - Modelo 19;Armazenamento;86;82.36
5026;SKU-15019;Item 15019 Energia - Modelo 20;Energia;93;85.83
5027;SKU-15020;Item 15020 Periféricos - Modelo 21;Periféricos;100;89.30
5028;SKU-15021;Item 15021 Monitores - Modelo 22;Monitores;107;92.77
5029;SKU-15022;Item 15022 Áudio - Modelo 23;Áudio;114;96.24
5030;SKU-15023;Item 15023 Vídeo - Modelo 24;Vídeo;1;99.71
5031;SKU-15024;Item 15024 Computadores - Modelo 25;Computadores;8;103.18
5032;SKU-15025;Item 15025 Redes - Modelo 26;Redes;15;106.65
5033;SKU-15026;Item 15026 Impressão - Modelo 27;Impressão;22;110.12
5034;SKU-15027;Item 15027 Acessórios - Modelo 28;Acessórios;29;113.59
5035;SKU-15028;Item 15028 Armazenamento - Modelo 29;Armazenamento;36;117.06
5036;SKU-15029;Item 15029 Energia - Modelo 30;Energia;43;120.53
5037;SKU-15030;Item 15030 Periféricos - Modelo 31;Periféricos;50;124.00
5038;SKU-15031;Item 15031 Monitores - Modelo 32;Monitores;57;127.47
5039;SKU-15032;Item 15032 Áudio - Modelo 33;Áudio;64;130.94
5040;SKU-15033;Item 15033 Vídeo - Modelo 34;Vídeo;71;134.41
5041;SKU-15034;Item 15034 Computadores - Modelo 35;Computadores;78;137.88
5042;SKU-15035;Item 15035 Redes - Modelo 36;Redes;85;141.35
5043;SKU-15036;Item 15036 Impressão - Modelo 37;Impressão;92;144.82
5044;SKU-15037;Item 15037 Acessórios - Modelo 38;Acessórios;99;148.29
5045;SKU-15038;Item 15038 Armazenamento - Modelo 39;Armazenamento;106;151.76
5046;SKU-15039;Item 15039 Energia - Modelo 40;Energia;113;155.23
5047;SKU-15040;Item 15040 Periféricos - Modelo 41;Periféricos;0;158.70
5048;SKU-15041;Item 15041 Monitores - Modelo 42;Monitores;7;162.17
5049;SKU-15042;Item 15042 Áudio - Modelo 43;Áudio;14;165.64
5050;SKU-15043;Item 15043 Vídeo - Modelo 44;Vídeo;21;169.11
5051;SKU-15044;Item 15044 Computadores - Modelo 45;Computadores;28;172.58
5052;SKU-15045;Item 15045 Redes - Modelo 46;Redes;35;176.05
5053;SKU-15046;Item 15046 Impressão - Modelo 47;Impressão;42;179.52
5054;SKU-15047;Item 15047 Acessórios - Modelo 48;Acessórios;49;182.99
5055;SKU-15048;Item 15048 Armazenamento - Modelo 49;Armazenamento;56;186.46
5056;SKU-15049;Item 15049 Energia - Modelo 50;Energia;63;189.93
5057;SKU-15050;Item 15050 Periféricos - Modelo 51;Periféricos;70;193.40
5058;SKU-15051;Item 15051 Monitores - Modelo 52;Monitores;77;196.87
5059;SKU-15052;Item 15052 Áudio - Modelo 53;Áudio;84;200.34
5060;SKU-15053;Item 15053 Vídeo - Modelo 54;Vídeo;91;203.81
5061;SKU-15054;Item 15054 Computadores - Modelo 55;Computadores;98;207.28
5062;SKU-15055;Item 15055 Redes - Modelo 56;Redes;105;210.75
5063;SKU-15056;Item 15056 Impressão - Modelo 57;Impressão;112;214.22
5064;SKU-15057;Item 15057 Acessórios - Modelo 58;Acessórios;119;217.69
5065;SKU-15058;Item 15058 Armazenamento - Modelo 59;Armazenamento;6;221.16
5066;SKU-15059;Item 15059 Energia - Modelo 60;Energia;13;224.63
5067;SKU-15060;Item 15060 Periféricos - Modelo 61;Periféricos;20;228.10
5068;SKU-15061;Item 15061 Monitores - Modelo 62;Monitores;27;231.57
5069;SKU-15062;Item 15062 Áudio - Modelo 63;Áudio;34;235.04
5070;SKU-15063;Item 15063 Vídeo - Modelo 64;Vídeo;41;238.51
5071;SKU-15064;Item 15064 Computadores - Modelo 65;Computadores;48;241.98
5072;SKU-15065;Item 15065 Redes - Modelo 66;Redes;55;245.45
5073;SKU-15066;Item 15066 Impressão - Modelo 67;Impressão;62;248.92
5074;SKU-15067;Item 15067 Acessórios - Modelo 68;Acessórios;69;252.39
5075;SKU-15068;Item 15068 Armazenamento - Modelo 69;Armazenamento;76;255.86
5076;SKU-15069;Item 15069 Energia - Modelo 70;Energia;83;259.33
5077;SKU-15070;Item 15070 Periféricos - Modelo 71;Periféricos;90;262.80
5078;SKU-15071;Item 15071 Monitores - Modelo 72;Monitores;97;266.27
5079;SKU-15072;Item 15072 Áudio - Modelo 73;Áudio;104;269.74
5080;SKU-15073;Item 15073 Vídeo - Modelo 74;Vídeo;111;273.21
5081;SKU-15074;Item 15074 Computadores - Modelo 75;Computadores;118;276.68
5082;SKU-15075;Item 15075 Redes - Modelo 76;Redes;5;280.15
5083;SKU-15076;Item 15076 Impressão - Modelo 77;Impressão;12;283.62
5084;SKU-15077;Item 15077 Acessórios - Modelo 78;Acessórios;19;287.09
5085;SKU-15078;Item 15078 Armazenamento - Modelo 79;Armazenamento;26;290.56
5086;SKU-15079;Item 15079 Energia - Modelo 80;Energia;33;294.03
5087;SKU-15080;Item 15080 Periféricos - Modelo 81;Periféricos;40;297.50
5088;SKU-15081;Item 15081 Monitores - Modelo 82;Monitores;47;300.97
5089;SKU-15082;Item 15082 Áudio - Modelo 83;Áudio;54;304.44
5090;SKU-15083;Item 15083 Vídeo - Modelo 84;Vídeo;61;307.91
5091;SKU-15084;Item 15084 Computadores - Modelo 85;Computadores;68;311.38
5092;SKU-15085;Item 15085 Redes - Modelo 86;Redes;75;314.85
5093;SKU-15086;Item 15086 Impressão - Modelo 87;Impressão;82;318.32
5094;SKU-15087;Item 15087 Acessórios - Modelo 88;Acessórios;89;321.79
5095;SKU-15088;Item 15088 Armazenamento - Modelo 89;Armazenamento;96;325.26
5096;SKU-15089;Item 15089 Energia - Modelo 90;Energia;103;328.73
5097;SKU-15090;Item 15090 Periféricos - Modelo 91;Periféricos;110;332.20
5098;SKU-15091;Item 15091 Monitores - Modelo 92;Monitores;117;335.67
5099;SKU-15092;Item 15092 Áudio - Modelo 93;Áudio;4;339.14
5100;SKU-15093;Item 15093 Vídeo - Modelo 94;Vídeo;11;342.61
5101;SKU-15094;Item 15094 Computadores - Modelo 95;Computadores;18;346.08
5102;SKU-15095;Item 15095 Redes - Modelo 96;Redes;25;349.55
5103;SKU-15096;Item 15096 Impressão - Modelo 97;Impressão;32;353.02
5104;SKU-15097;Item 15097 Acessórios - Modelo 98;Acessórios;39;356.49
5105;SKU-15098;Item 15098 Armazenamento - Modelo 99;Armazenamento;46;359.96
5106;SKU-15099;Item 15099 Energia - Modelo 100;Energia;53;363.43
5107;SKU-15100;Item 15100 Periféricos - Modelo 1;Periféricos;60;366.90
5108;SKU-15101;Item 15101 Monitores - Modelo 2;Monitores;67;370.37
5109;SKU-15102;Item 15102 Áudio - Modelo 3;Áudio;74;373.84
5110;SKU-15103;Item 15103 Vídeo - Modelo 4;Vídeo;81;377.31
5111;SKU-15104;Item 15104 Computadores - Modelo 5;Computadores;88;380.78
5112;SKU-15105;Item 15105 Redes - Modelo 6;Redes;95;384.25
5113;SKU-15106;Item 15106 Impressão - Modelo 7;Impressão;102;387.72
5114;SKU-15107;Item 15107 Acessórios - Modelo 8;Acessórios;109;391.19
5115;SKU-15108;Item 15108 Armazenamento - Modelo 9;Armazenamento;116;394.66
5116;SKU-15109;Item 15109 Energia - Modelo 10;Energia;3;398.13
5117;SKU-15110;Item 15110 Periféricos - Modelo 11;Periféricos;10;401.60
5118;SKU-15111;Item 15111 Monitores - Modelo 12;Monitores;17;405.07
5119;SKU-15112;Item 15112 Áudio - Modelo 13;Áudio;24;408.54
5120;SKU-15113;Item 15113 Vídeo - Modelo 14;Vídeo;31;412.01
5121;SKU-15114;Item 15114 Computadores - Modelo 15;Computadores;38;415.48
5122;SKU-15115;Item 15115 Redes - Modelo 16;Redes;45;418.95
5123;SKU-15116;Item 15116 Impressão - Modelo 17;Impressão;52;422.42
5124;SKU-15117;Item 15117 Acessórios - Modelo 18;Acessórios;59;425.89
5125;SKU-15118;Item 15118 Armazenamento - Modelo 19;Armazenamento;66;429.36
5126;SKU-15119;Item 15119 Energia - Modelo 20;Energia;73;432.83
5127;SKU-15120;Item 15120 Periféricos - Modelo 21;Periféricos;80;436.30
5128;SKU-15121;Item 15121 Monitores - Modelo 22;Monitores;87;439.77
5129;SKU-15122;Item 15122 Áudio - Modelo 23;Áudio;94;443.24
5130;SKU-15123;Item 15123 Vídeo - Modelo 24;Vídeo;101;446.71
5131;SKU-15124;Item 15124 Computadores - Modelo 25;Computadores;108;450.18
5132;SKU-15125;Item 15125 Redes - Modelo 26;Redes;115;453.65
5133;SKU-15126;Item 15126 Impressão - Modelo 27;Impressão;2;457.12
5134;SKU-15127;Item 15127 Acessórios - Modelo 28;Acessórios;9;460.59
5135;SKU-15128;Item 15128 Armazenamento - Modelo 29;Armazenamento;16;464.06
5136;SKU-15129;Item 15129 Energia - Modelo 30;Energia;23;467.53
5137;SKU-15130;Item 15130 Periféricos - Modelo 31;Periféricos;30;471.00
5138;SKU-15131;Item 15131 Monitores - Modelo 32;Monitores;37;474.47
5139;SKU-15132;Item 15132 Áudio - Modelo 33;Áudio;44;477.94
5140;SKU-15133;Item 15133 Vídeo - Modelo 34;Vídeo;51;481.41
5141;SKU-15134;Item 15134 Computadores - Modelo 35;Computadores;58;484.88
5142;SKU-15135;Item 15135 Redes - Modelo 36;Redes;65;488.35
5143;SKU-15136;Item 15136 Impressão - Modelo 37;Impressão;72;491.82
5144;SKU-15137;Item 15137 Acessórios - Modelo 38;Acessórios;79;495.29
5145;SKU-15138;Item 15138 Armazenamento - Modelo 39;Armazenamento;86;498.76
5146;SKU-15139;Item 15139 Energia - Modelo 40;Energia;93;502.23
5147;SKU-15140;Item 15140 Periféricos - Modelo 41;Periféricos;100;505.70
5148;SKU-15141;Item 15141 Monitores - Modelo 42;Monitores;107;509.17
5149;SKU-15142;Item 15142 Áudio - Modelo 43;Áudio;114;512.64
5150;SKU-15143;Item 15143 Vídeo - Modelo 44;Vídeo;1;516.11
5151;SKU-15144;Item 15144 Computadores - Modelo 45;Computadores;8;519.58
5152;SKU-15145;Item 15145 Redes - Modelo 46;Redes;15;523.05
5153;SKU-15146;Item 15146 Impressão - Modelo 47;Impressão;22;526.52
5154;SKU-15147;Item 15147 Acessórios - Modelo 48;Acessórios;29;529.99
5155;SKU-15148;Item 15148 Armazenamento - Modelo 49;Armazenamento;36;533.46
5156;SKU-15149;Item 15149 Energia - Modelo 50;Energia;43;536.93
5157;SKU-15150;Item 15150 Periféricos - Modelo 51;Periféricos;50;540.40
5158;SKU-15151;Item 15151 Monitores - Modelo 52;Monitores;57;543.87
5159;SKU-15152;Item 15152 Áudio - Modelo 53;Áudio;64;547.34
5160;SKU-15153;Item 15153 Vídeo - Modelo 54;Vídeo;71;550.81
5161;SKU-15154;Item 15154 Computadores - Modelo 55;Computadores;78;554.28
5162;SKU-15155;Item 15155 Redes - Modelo 56;Redes;85;557.75
5163;SKU-15156;Item 15156 Impressão - Modelo 57;Impressão;92;561.22
5164;SKU-15157;Item 15157 Acessórios - Modelo 58;Acessórios;99;564.69
5165;SKU-15158;Item 15158 Armazenamento - Modelo 59;Armazenamento;106;568.16
5166;SKU-15159;Item 15159 Energia - Modelo 60;Energia;113;571.63
5167;SKU-15160;Item 15160 Periféricos - Modelo 61;Periféricos;0;575.10
5168;SKU-15161;Item 15161 Monitores - Modelo 62;Monitores;7;578.57
5169;SKU-15162;Item 15162 Áudio - Modelo 63;Áudio;14;582.04
5170;SKU-15163;Item 15163 Vídeo - Modelo 64;Vídeo;21;585.51
5171;SKU-15164;Item 15164 Computadores - Modelo 65;Computadores;28;588.98
5172;SKU-15165;Item 15165 Redes - Modelo 66;Redes;35;592.45
5173;SKU-15166;Item 15166 Impressão - Modelo 67;Impressão;42;595.92
5174;SKU-15167;Item 15167 Acessórios - Modelo 68;Acessórios;49;599.39
5175;SKU-15168;Item 15168 Armazenamento - Modelo 69;Armazenamento;56;602.86
5176;SKU-15169;Item 15169 Energia - Modelo 70;Energia;63;606.33
5177;SKU-15170;Item 15170 Periféricos - Modelo 71;Periféricos;70;609.80
5178;SKU-15171;Item 15171 Monitores - Modelo 72;Monitores;77;613.27
5179;SKU-15172;Item 15172 Áudio - Modelo 73;Áudio;84;616.74
5180;SKU-15173;Item 15173 Vídeo - Modelo 74;Vídeo;91;620.21
5181;SKU-15174;Item 15174 Computadores - Modelo 75;Computadores;98;623.68
5182;SKU-15175;Item 15175 Redes - Modelo 76;Redes;105;627.15
5183;SKU-15176;Item 15176 Impressão - Modelo 77;Impressão;112;630.62
5184;SKU-15177;Item 15177 Acessórios - Modelo 78;Acessórios;119;634.09
5185;SKU-15178;Item 15178 Armazenamento - Modelo 79;Armazenamento;6;637.56
5186;SKU-15179;Item 15179 Energia - Modelo 80;Energia;13;641.03
5187;SKU-15180;Item 15180 Periféricos - Modelo 81;Periféricos;20;644.50
5188;SKU-15181;Item 15181 Monitores - Modelo 82;Monitores;27;647.97
5189;SKU-15182;Item 15182 Áudio - Modelo 83;Áudio;34;651.44
5190;SKU-15183;Item 15183 Vídeo - Modelo 84;Vídeo;41;654.91
5191;SKU-15184;Item 15184 Computadores - Modelo 85;Computadores;48;658.38
5192;SKU-15185;Item 15185 Redes - Modelo 86;Redes;55;661.85
5193;SKU-15186;Item 15186 Impressão - Modelo 87;Impressão;62;665.32
5194;SKU-15187;Item 15187 Acessórios - Modelo 88;Acessórios;69;668.79
5195;SKU-15188;Item 15188 Armazenamento - Modelo 89;Armazenamento;76;672.26
5196;SKU-15189;Item 15189 Energia - Modelo 90;Energia;83;675.73
5197;SKU-15190;Item 15190 Periféricos - Modelo 91;Periféricos;90;679.20
5198;SKU-15191;Item 15191 Monitores - Modelo 92;Monitores;97;682.67
5199;SKU-15192;Item 15192 Áudio - Modelo 93;Áudio;104;686.14
5200;SKU-15193;Item 15193 Vídeo - Modelo 94;Vídeo;111;689.61
5201;SKU-15194;Item 15194 Computadores - Modelo 95;Computadores;118;693.08
5202;SKU-15195;Item 15195 Redes - Modelo 96;Redes;5;696.55
5203;SKU-15196;Item 15196 Impressão - Modelo 97;Impressão;12;700.02
5204;SKU-15197;Item 15197 Acessórios - Modelo 98;Acessórios;19;703.49
5205;SKU-15198;Item 15198 Armazenamento - Modelo 99;Armazenamento;26;706.96
5206;SKU-15199;Item 15199 Energia - Modelo 100;Energia;33;710.43
5207;SKU-15200;Item 15200 Periféricos - Modelo 1;Periféricos;40;713.90
5208;SKU-15201;Item 15201 Monitores - Modelo 2;Monitores;47;717.37
5209;SKU-15202;Item 15202 Áudio - Modelo 3;Áudio;54;720.84
5210;SKU-15203;Item 15203 Vídeo - Modelo 4;Vídeo;61;724.31
5211;SKU-15204;Item 15204 Computadores - Modelo 5;Computadores;68;727.78
5212;SKU-15205;Item 15205 Redes - Modelo 6;Redes;75;731.25
5213;SKU-15206;Item 15206 Impressão - Modelo 7;Impressão;82;734.72
5214;SKU-15207;Item 15207 Acessórios - Modelo 8;Acessórios;89;738.19
5215;SKU-15208;Item 15208 Armazenamento - Modelo 9;Armazenamento;96;741.66
5216;SKU-15209;Item 15209 Energia - Modelo 10;Energia;103;745.13
5217;SKU-15210;Item 15210 Periféricos - Modelo 11;Periféricos;110;748.60
5218;SKU-15211;Item 15211 Monitores - Modelo 12;Monitores;117;752.07
5219;SKU-15212;Item 15212 Áudio - Modelo 13;Áudio;4;755.54
5220;SKU-15213;Item 15213 Vídeo - Modelo 14;Vídeo;11;759.01
5221;SKU-15214;Item 15214 Computadores - Modelo 15;Computadores;18;762.48
5222;SKU-15215;Item 15215 Redes - Modelo 16;Redes;25;765.95
5223;SKU-15216;Item 15216 Impressão - Modelo 17;Impressão;32;769.42
5224;SKU-15217;Item 15217 Acessórios - Modelo 18;Acessórios;39;772.89
5225;SKU-15218;Item 15218 Armazenamento - Modelo 19;Armazenamento;46;776.36
5226;SKU-15219;Item 15219 Energia - Modelo 20;Energia;53;779.83
5227;SKU-15220;Item 15220 Periféricos - Modelo 21;Periféricos;60;783.30
5228;SKU-15221;Item 15221 Monitores - Modelo 22;Monitores;67;786.77
5229;SKU-15222;Item 15222 Áudio - Modelo 23;Áudio;74;790.24
5230;SKU-15223;Item 15223 Vídeo - Modelo 24;Vídeo;81;793.71
5231;SKU-15224;Item 15224 Computadores - Modelo 25;Computadores;88;797.18
5232;SKU-15225;Item 15225 Redes - Modelo 26;Redes;95;800.65
5233;SKU-15226;Item 15226 Impressão - Modelo 27;Impressão;102;804.12
5234;SKU-15227;Item 15227 Acessórios - Modelo 28;Acessórios;109;807.59
5235;SKU-15228;Item 15228 Armazenamento - Modelo 29;Armazenamento;116;811.06
5236;SKU-15229;Item 15229 Energia - Modelo 30;Energia;3;814.53
5237;SKU-15230;Item 15230 Periféricos - Modelo 31;Periféricos;10;818.00
5238;SKU-15231;Item 15231 Monitores - Modelo 32;Monitores;17;821.47
5239;SKU-15232;Item 15232 Áudio - Modelo 33;Áudio;24;824.94
5240;SKU-15233;Item 15233 Vídeo - Modelo 34;Vídeo;31;828.41
5241;SKU-15234;Item 15234 Computadores - Modelo 35;Computadores;38;831.88
5242;SKU-15235;Item 15235 Redes - Modelo 36;Redes;45;835.35
5243;SKU-15236;Item 15236 Impressão - Modelo 37;Impressão;52;838.82
5244;SKU-15237;Item 15237 Acessórios - Modelo 38;Acessórios;59;842.29
5245;SKU-15238;Item 15238 Armazenamento - Modelo 39;Armazenamento;66;845.76
5246;SKU-15239;Item 15239 Energia - Modelo 40;Energia;73;849.23
5247;SKU-15240;Item 15240 Periféricos - Modelo 41;Periféricos;80;852.70
5248;SKU-15241;Item 15241 Monitores - Modelo 42;Monitores;87;856.17
5249;SKU-15242;Item 15242 Áudio - Modelo 43;Áudio;94;859.64
5250;SKU-15243;Item 15243 Vídeo - Modelo 44;Vídeo;101;863.11
5251;SKU-15244;Item 15244 Computadores - Modelo 45;Computadores;108;866.58
5252;SKU-15245;Item 15245 Redes - Modelo 46;Redes;115;870.05
5253;SKU-15246;Item 15246 Impressão - Modelo 47;Impressão;2;873.52
5254;SKU-15247;Item 15247 Acessórios - Modelo 48;Acessórios;9;876.99
5255;SKU-15248;Item 15248 Armazenamento - Modelo 49;Armazenamento;16;880.46
5256;SKU-15249;Item 15249 Energia - Modelo 50;Energia;23;883.93
5257;SKU-15250;Item 15250 Periféricos - Modelo 51;Periféricos;30;887.40
5258;SKU-15251;Item 15251 Monitores - Modelo 52;Monitores;37;890.87
5259;SKU-15252;Item 15252 Áudio - Modelo 53;Áudio;44;894.34
5260;SKU-15253;Item 15253 Vídeo - Modelo 54;Vídeo;51;897.81
5261;SKU-15254;Item 15254 Computadores - Modelo 55;Computadores;58;901.28
5262;SKU-15255;Item 15255 Redes - Modelo 56;Redes;65;904.75
5263;SKU-15256;Item 15256 Impressão - Modelo 57;Impressão;72;908.22
5264;SKU-15257;Item 15257 Acessórios - Modelo 58;Acessórios;79;911.69
5265;SKU-15258;Item 15258 Armazenamento - Modelo 59;Armazenamento;86;915.16
5266;SKU-15259;Item 15259 Energia - Modelo 60;Energia;93;918.63
5267;SKU-15260;Item 15260 Periféricos - Modelo 61;Periféricos;100;922.10
5268;SKU-15261;Item 15261 Monitores - Modelo 62;Monitores;107;925.57
5269;SKU-15262;Item 15262 Áudio - Modelo 63;Áudio;114;929.04
5270;SKU-15263;Item 15263 Vídeo - Modelo 64;Vídeo;1;932.51
5271;SKU-15264;Item 15264 Computadores - Modelo 65;Computadores;8;935.98
5272;SKU-15265;Item 15265 Redes - Modelo 66;Redes;15;939.45
5273;SKU-15266;Item 15266 Impressão - Modelo 67;Impressão;22;942.92
5274;SKU-15267;Item 15267 Acessórios - Modelo 68;Acessórios;29;946.39
5275;SKU-15268;Item 15268 Armazenamento - Modelo 69;Armazenamento;36;949.86
5276;SKU-15269;Item 15269 Energia - Modelo 70;Energia;43;953.33
5277;SKU-15270;Item 15270 Periféricos - Modelo 71;Periféricos;50;956.80
5278;SKU-15271;Item 15271 Monitores - Modelo 72;Monitores;57;960.27
5279;SKU-15272;Item 15272 Áudio - Modelo 73;Áudio;64;963.74
5280;SKU-15273;Item 15273 Vídeo - Modelo 74;Vídeo;71;967.21
5281;SKU-15274;Item 15274 Computadores - Modelo 75;Computadores;78;970.68
5282;SKU-15275;Item 15275 Redes - Modelo 76;Redes;85;974.15
5283;SKU-15276;Item 15276 Impressão - Modelo 77;Impressão;92;977.62
5284;SKU-15277;Item 15277 Acessórios - Modelo 78;Acessórios;99;981.09
5285;SKU-15278;Item 15278 Armazenamento - Modelo 79;Armazenamento;106;984.56
5286;SKU-15279;Item 15279 Energia - Modelo 80;Energia;113;988.03
5287;SKU-15280;Item 15280 Periféricos - Modelo 81;Periféricos;0;991.50
5288;SKU-15281;Item 15281 Monitores - Modelo 82;Monitores;7;994.97
5289;SKU-15282;Item 15282 Áudio - Modelo 83;Áudio;14;998.44
5290;SKU-15283;Item 15283 Vídeo - Modelo 84;Vídeo;21;1001.91
5291;SKU-15284;Item 15284 Computadores - Modelo 85;Computadores;28;1005.38
5292;SKU-15285;Item 15285 Redes - Modelo 86;Redes;35;1008.85
5293;SKU-15286;Item 15286 Impressão - Modelo 87;Impressão;42;1012.32
5294;SKU-15287;Item 15287 Acessórios - Modelo 88;Acessórios;49;1015.79
5295;SKU-15288;Item 15288 Armazenamento - Modelo 89;Armazenamento;56;1019.26
5296;SKU-15289;Item 15289 Energia - Modelo 90;Energia;63;1022.73
5297;SKU-15290;Item 15290 Periféricos - Modelo 91;Periféricos;70;1026.20
5298;SKU-15291;Item 15291 Monitores - Modelo 92;Monitores;77;1029.67
5299;SKU-15292;Item 15292 Áudio - Modelo 93;Áudio;84;1033.14
5300;SKU-15293;Item 15293 Vídeo - Modelo 94;Vídeo;91;1036.61
5301;SKU-15294;Item 15294 Computadores - Modelo 95;Computadores;98;1040.08
5302;SKU-15295;Item 15295 Redes - Modelo 96;Redes;105;1043.55
5303;SKU-15296;Item 15296 Impressão - Modelo 97;Impressão;112;1047.02
5304;SKU-15297;Item 15297 Acessórios - Modelo 98;Acessórios;119;1050.49
5305;SKU-15298;Item 15298 Armazenamento - Modelo 99;Armazenamento;6;1053.96
5306;SKU-15299;Item 15299 Energia - Modelo 100;Energia;13;1057.43
5307;SKU-15300;Item 15300 Periféricos - Modelo 1;Periféricos;20;1060.90
5308;SKU-15301;Item 15301 Monitores - Modelo 2;Monitores;27;1064.37
5309;SKU-15302;Item 15302 Áudio - Modelo 3;Áudio;34;1067.84
5310;SKU-15303;Item 15303 Vídeo - Modelo 4;Vídeo;41;1071.31
5311;SKU-15304;Item 15304 Computadores - Modelo 5;Computadores;48;1074.78
5312;SKU-15305;Item 15305 Redes - Modelo 6;Redes;55;1078.25
5313;SKU-15306;Item 15306 Impressão - Modelo 7;Impressão;62;1081.72
5314;SKU-15307;Item 15307 Acessórios - Modelo 8;Acessórios;69;1085.19
5315;SKU-15308;Item 15308 Armazenamento - Modelo 9;Armazenamento;76;1088.66
5316;SKU-15309;Item 15309 Energia - Modelo 10;Energia;83;1092.13
5317;SKU-15310;Item 15310 Periféricos - Modelo 11;Periféricos;90;1095.60
5318;SKU-15311;Item 15311 Monitores - Modelo 12;Monitores;97;1099.07
5319;SKU-15312;Item 15312 Áudio - Modelo 13;Áudio;104;1102.54
5320;SKU-15313;Item 15313 Vídeo - Modelo 14;Vídeo;111;1106.01
5321;SKU-15314;Item 15314 Computadores - Modelo 15;Computadores;118;1109.48
5322;SKU-15315;Item 15315 Redes - Modelo 16;Redes;5;1112.95
5323;SKU-15316;Item 15316 Impressão - Modelo 17;Impressão;12;1116.42
5324;SKU-15317;Item 15317 Acessórios - Modelo 18;Acessórios;19;1119.89
5325;SKU-15318;Item 15318 Armazenamento - Modelo 19;Armazenamento;26;1123.36
5326;SKU-15319;Item 15319 Energia - Modelo 20;Energia;33;1126.83
5327;SKU-15320;Item 15320 Periféricos - Modelo 21;Periféricos;40;1130.30
5328;SKU-15321;Item 15321 Monitores - Modelo 22;Monitores;47;1133.77
5329;SKU-15322;Item 15322 Áudio - Modelo 23;Áudio;54;1137.24
5330;SKU-15323;Item 15323 Vídeo - Modelo 24;Vídeo;61;1140.71
5331;SKU-15324;Item 15324 Computadores - Modelo 25;Computadores;68;1144.18
5332;SKU-15325;Item 15325 Redes - Modelo 26;Redes;75;1147.65
5333;SKU-15326;Item 15326 Impressão - Modelo 27;Impressão;82;1151.12
5334;SKU-15327;Item 15327 Acessórios - Modelo 28;Acessórios;89;1154.59
5335;SKU-15328;Item 15328 Armazenamento - Modelo 29;Armazenamento;96;1158.06
5336;SKU-15329;Item 15329 Energia - Modelo 30;Energia;103;1161.53
5337;SKU-15330;Item 15330 Periféricos - Modelo 31;Periféricos;110;1165.00
5338;SKU-15331;Item 15331 Monitores - Modelo 32;Monitores;117;1168.47
5339;SKU-15332;Item 15332 Áudio - Modelo 33;Áudio;4;1171.94
5340;SKU-15333;Item 15333 Vídeo - Modelo 34;Vídeo;11;1175.41
5341;SKU-15334;Item 15334 Computadores - Modelo 35;Computadores;18;1178.88
5342;SKU-15335;Item 15335 Redes - Modelo 36;Redes;25;1182.35
5343;SKU-15336;Item 15336 Impressão - Modelo 37;Impressão;32;1185.82
5344;SKU-15337;Item 15337 Acessórios - Modelo 38;Acessórios;39;1189.29
5345;SKU-15338;Item 15338 Armazenamento - Modelo 39;Armazenamento;46;1192.76
5346;SKU-15339;Item 15339 Energia - Modelo 40;Energia;53;1196.23
5347;SKU-15340;Item 15340 Periféricos - Modelo 41;Periféricos;60;1199.70
5348;SKU-15341;Item 15341 Monitores - Modelo 42;Monitores;67;1203.17
5349;SKU-15342;Item 15342 Áudio - Modelo 43;Áudio;74;1206.64
5350;SKU-15343;Item 15343 Vídeo - Modelo 44;Vídeo;81;1210.11
5351;SKU-15344;Item 15344 Computadores - Modelo 45;Computadores;88;1213.58
5352;SKU-15345;Item 15345 Redes - Modelo 46;Redes;95;1217.05
5353;SKU-15346;Item 15346 Impressão - Modelo 47;Impressão;102;1220.52
5354;SKU-15347;Item 15347 Acessórios - Modelo 48;Acessórios;109;1223.99
5355;SKU-15348;Item 15348 Armazenamento - Modelo 49;Armazenamento;116;1227.46
5356;SKU-15349;Item 15349 Energia - Modelo 50;Energia;3;1230.93
5357;SKU-15350;Item 15350 Periféricos - Modelo 51;Periféricos;10;1234.40
5358;SKU-15351;Item 15351 Monitores - Modelo 52;Monitores;17;1237.87
5359;SKU-15352;Item 15352 Áudio - Modelo 53;Áudio;24;1241.34
5360;SKU-15353;Item 15353 Vídeo - Modelo 54;Vídeo;31;1244.81
5361;SKU-15354;Item 15354 Computadores - Modelo 55;Computadores;38;1248.28
5362;SKU-15355;Item 15355 Redes - Modelo 56;Redes;45;1251.75
5363;SKU-15356;Item 15356 Impressão - Modelo 57;Impressão;52;1255.22
5364;SKU-15357;Item 15357 Acessórios - Modelo 58;Acessórios;59;1258.69
5365;SKU-15358;Item 15358 Armazenamento - Modelo 59;Armazenamento;66;1262.16
5366;SKU-15359;Item 15359 Energia - Modelo 60;Energia;73;1265.63
5367;SKU-15360;Item 15360 Periféricos - Modelo 61;Periféricos;80;1269.10
5368;SKU-15361;Item 15361 Monitores - Modelo 62;Monitores;87;1272.57
5369;SKU-15362;Item 15362 Áudio - Modelo 63;Áudio;94;1276.04
5370;SKU-15363;Item 15363 Vídeo - Modelo 64;Vídeo;101;1279.51
5371;SKU-15364;Item 15364 Computadores - Modelo 65;Computadores;108;1282.98
5372;SKU-15365;Item 15365 Redes - Modelo 66;Redes;115;1286.45
5373;SKU-15366;Item 15366 Impressão - Modelo 67;Impressão;2;1289.92
5374;SKU-15367;Item 15367 Acessórios - Modelo 68;Acessórios;9;1293.39
5375;SKU-15368;Item 15368 Armazenamento - Modelo 69;Armazenamento;16;1296.86
5376;SKU-15369;Item 15369 Energia - Modelo 70;Energia;23;1300.33
5377;SKU-15370;Item 15370 Periféricos - Modelo 71;Periféricos;30;1303.80
5378;SKU-15371;Item 15371 Monitores - Modelo 72;Monitores;37;1307.27
5379;SKU-15372;Item 15372 Áudio - Modelo 73;Áudio;44;1310.74
5380;SKU-15373;Item 15373 Vídeo - Modelo 74;Vídeo;51;1314.21
5381;SKU-15374;Item 15374 Computadores - Modelo 75;Computadores;58;1317.68
5382;SKU-15375;Item 15375 Redes - Modelo 76;Redes;65;1321.15
5383;SKU-15376;Item 15376 Impressão - Modelo 77;Impressão;72;1324.62
5384;SKU-15377;Item 15377 Acessórios - Modelo 78;Acessórios;79;1328.09
5385;SKU-15378;Item 15378 Armazenamento - Modelo 79;Armazenamento;86;1331.56
5386;SKU-15379;Item 15379 Energia - Modelo 80;Energia;93;1335.03
5387;SKU-15380;Item 15380 Periféricos - Modelo 81;Periféricos;100;1338.50
5388;SKU-15381;Item 15381 Monitores - Modelo 82;Monitores;107;1341.97
5389;SKU-15382;Item 15382 Áudio - Modelo 83;Áudio;114;1345.44
5390;SKU-15383;Item 15383 Vídeo - Modelo 84;Vídeo;1;1348.91
5391;SKU-15384;Item 15384 Computadores - Modelo 85;Computadores;8;1352.38
5392;SKU-15385;Item 15385 Redes - Modelo 86;Redes;15;1355.85
5393;SKU-15386;Item 15386 Impressão - Modelo 87;Impressão;22;1359.32
5394;SKU-15387;Item 15387 Acessórios - Modelo 88;Acessórios;29;1362.79
5395;SKU-15388;Item 15388 Armazenamento - Modelo 89;Armazenamento;36;1366.26
5396;SKU-15389;Item 15389 Energia - Modelo 90;Energia;43;1369.73
5397;SKU-15390;Item 15390 Periféricos - Modelo 91;Periféricos;50;1373.20
5398;SKU-15391;Item 15391 Monitores - Modelo 92;Monitores;57;1376.67
5399;SKU-15392;Item 15392 Áudio - Modelo 93;Áudio;64;1380.14
5400;SKU-15393;Item 15393 Vídeo - Modelo 94;Vídeo;71;1383.61
5401;SKU-15394;Item 15394 Computadores - Modelo 95;Computadores;78;1387.08
5402;SKU-15395;Item 15395 Redes - Modelo 96;Redes;85;1390.55
5403;SKU-15396;Item 15396 Impressão - Modelo 97;Impressão;92;1394.02
5404;SKU-15397;Item 15397 Acessórios - Modelo 98;Acessórios;99;1397.49
5405;SKU-15398;Item 15398 Armazenamento - Modelo 99;Armazenamento;106;1400.96
5406;SKU-15399;Item 15399 Energia - Modelo 100;Energia;113;1404.43
5407;SKU-15400;Item 15400 Periféricos - Modelo 1;Periféricos;0;1407.90
5408;SKU-15401;Item 15401 Monitores - Modelo 2;Monitores;7;1411.37
5409;SKU-15402;Item 15402 Áudio - Modelo 3;Áudio;14;1414.84
5410;SKU-15403;Item 15403 Vídeo - Modelo 4;Vídeo;21;1418.31
5411;SKU-15404;Item 15404 Computadores - Modelo 5;Computadores;28;1421.78
5412;SKU-15405;Item 15405 Redes - Modelo 6;Redes;35;1425.25
5413;SKU-15406;Item 15406 Impressão - Modelo 7;Impressão;42;1428.72
5414;SKU-15407;Item 15407 Acessórios - Modelo 8;Acessórios;49;1432.19
5415;SKU-15408;Item 15408 Armazenamento - Modelo 9;Armazenamento;56;1435.66
5416;SKU-15409;Item 15409 Energia - Modelo 10;Energia;63;1439.13
5417;SKU-15410;Item 15410 Periféricos - Modelo 11;Periféricos;70;1442.60
5418;SKU-15411;Item 15411 Monitores - Modelo 12;Monitores;77;1446.07
5419;SKU-15412;Item 15412 Áudio - Modelo 13;Áudio;84;1449.54
5420;SKU-15413;Item 15413 Vídeo - Modelo 14;Vídeo;91;1453.01
5421;SKU-15414;Item 15414 Computadores - Modelo 15;Computadores;98;1456.48
5422;SKU-15415;Item 15415 Redes - Modelo 16;Redes;105;1459.95
5423;SKU-15416;Item 15416 Impressão - Modelo 17;Impressão;112;1463.42
5424;SKU-15417;Item 15417 Acessórios - Modelo 18;Acessórios;119;1466.89
5425;SKU-15418;Item 15418 Armazenamento - Modelo 19;Armazenamento;6;1470.36
5426;SKU-15419;Item 15419 Energia - Modelo 20;Energia;13;1473.83
5427;SKU-15420;Item 15420 Periféricos - Modelo 21;Periféricos;20;1477.30
5428;SKU-15421;Item 15421 Monitores - Modelo 22;Monitores;27;1480.77
5429;SKU-15422;Item 15422 Áudio - Modelo 23;Áudio;34;1484.24
5430;SKU-15423;Item 15423 Vídeo - Modelo 24;Vídeo;41;1487.71
5431;SKU-15424;Item 15424 Computadores - Modelo 25;Computadores;48;1491.18
5432;SKU-15425;Item 15425 Redes - Modelo 26;Redes;55;1494.65
5433;SKU-15426;Item 15426 Impressão - Modelo 27;Impressão;62;1498.12
5434;SKU-15427;Item 15427 Acessórios - Modelo 28;Acessórios;69;1501.59
5435;SKU-15428;Item 15428 Armazenamento - Modelo 29;Armazenamento;76;1505.06
5436;SKU-15429;Item 15429 Energia - Modelo 30;Energia;83;1508.53
5437;SKU-15430;Item 15430 Periféricos - Modelo 31;Periféricos;90;1512.00
5438;SKU-15431;Item 15431 Monitores - Modelo 32;Monitores;97;1515.47
5439;SKU-15432;Item 15432 Áudio - Modelo 33;Áudio;104;1518.94
5440;SKU-15433;Item 15433 Vídeo - Modelo 34;Vídeo;111;1522.41
5441;SKU-15434;Item 15434 Computadores - Modelo 35;Computadores;118;1525.88
5442;SKU-15435;Item 15435 Redes - Modelo 36;Redes;5;1529.35
5443;SKU-15436;Item 15436 Impressão - Modelo 37;Impressão;12;1532.82
5444;SKU-15437;Item 15437 Acessórios - Modelo 38;Acessórios;19;1536.29
5445;SKU-15438;Item 15438 Armazenamento - Modelo 39;Armazenamento;26;1539.76
5446;SKU-15439;Item 15439 Energia - Modelo 40;Energia;33;1543.23
5447;SKU-15440;Item 15440 Periféricos - Modelo 41;Periféricos;40;1546.70
5448;SKU-15441;Item 15441 Monitores - Modelo 42;Monitores;47;1550.17
5449;SKU-15442;Item 15442 Áudio - Modelo 43;Áudio;54;1553.64
5450;SKU-15443;Item 15443 Vídeo - Modelo 44;Vídeo;61;1557.11
5451;SKU-15444;Item 15444 Computadores - Modelo 45;Computadores;68;1560.58
5452;SKU-15445;Item 15445 Redes - Modelo 46;Redes;75;1564.05
5453;SKU-15446;Item 15446 Impressão - Modelo 47;Impressão;82;1567.52
5454;SKU-15447;Item 15447 Acessórios - Modelo 48;Acessórios;89;1570.99
5455;SKU-15448;Item 15448 Armazenamento - Modelo 49;Armazenamento;96;1574.46
5456;SKU-15449;Item 15449 Energia - Modelo 50;Energia;103;1577.93
5457;SKU-15450;Item 15450 Periféricos - Modelo 51;Periféricos;110;1581.40
5458;SKU-15451;Item 15451 Monitores - Modelo 52;Monitores;117;1584.87
5459;SKU-15452;Item 15452 Áudio - Modelo 53;Áudio;4;1588.34
5460;SKU-15453;Item 15453 Vídeo - Modelo 54;Vídeo;11;1591.81
5461;SKU-15454;Item 15454 Computadores - Modelo 55;Computadores;18;1595.28
5462;SKU-15455;Item 15455 Redes - Modelo 56;Redes;25;1598.75
5463;SKU-15456;Item 15456 Impressão - Modelo 57;Impressão;32;1602.22
5464;SKU-15457;Item 15457 Acessórios - Modelo 58;Acessórios;39;1605.69
5465;SKU-15458;Item 15458 Armazenamento - Modelo 59;Armazenamento;46;1609.16
5466;SKU-15459;Item 15459 Energia - Modelo 60;Energia;53;1612.63
5467;SKU-15460;Item 15460 Periféricos - Modelo 61;Periféricos;60;1616.10
5468;SKU-15461;Item 15461 Monitores - Modelo 62;Monitores;67;1619.57
5469;SKU-15462;Item 15462 Áudio - Modelo 63;Áudio;74;1623.04
5470;SKU-15463;Item 15463 Vídeo - Modelo 64;Vídeo;81;1626.51
5471;SKU-15464;Item 15464 Computadores - Modelo 65;Computadores;88;1629.98
5472;SKU-15465;Item 15465 Redes - Modelo 66;Redes;95;1633.45
5473;SKU-15466;Item 15466 Impressão - Modelo 67;Impressão;102;1636.92
5474;SKU-15467;Item 15467 Acessórios - Modelo 68;Acessórios;109;1640.39
5475;SKU-15468;Item 15468 Armazenamento - Modelo 69;Armazenamento;116;1643.86
5476;SKU-15469;Item 15469 Energia - Modelo 70;Energia;3;1647.33
5477;SKU-15470;Item 15470 Periféricos - Modelo 71;Periféricos;10;1650.80
5478;SKU-15471;Item 15471 Monitores - Modelo 72;Monitores;17;1654.27
5479;SKU-15472;Item 15472 Áudio - Modelo 73;Áudio;24;1657.74
5480;SKU-15473;Item 15473 Vídeo - Modelo 74;Vídeo;31;1661.21
5481;SKU-15474;Item 15474 Computadores - Modelo 75;Computadores;38;1664.68
5482;SKU-15475;Item 15475 Redes - Modelo 76;Redes;45;1668.15
5483;SKU-15476;Item 15476 Impressão - Modelo 77;Impressão;52;1671.62
5484;SKU-15477;Item 15477 Acessórios - Modelo 78;Acessórios;59;1675.09
5485;SKU-15478;Item 15478 Armazenamento - Modelo 79;Armazenamento;66;1678.56
5486;SKU-15479;Item 15479 Energia - Modelo 80;Energia;73;1682.03
5487;SKU-15480;Item 15480 Periféricos - Modelo 81;Periféricos;80;1685.50
5488;SKU-15481;Item 15481 Monitores - Modelo 82;Monitores;87;1688.97
5489;SKU-15482;Item 15482 Áudio - Modelo 83;Áudio;94;1692.44
5490;SKU-15483;Item 15483 Vídeo - Modelo 84;Vídeo;101;1695.91
5491;SKU-15484;Item 15484 Computadores - Modelo 85;Computadores;108;1699.38
5492;SKU-15485;Item 15485 Redes - Modelo 86;Redes;115;1702.85
5493;SKU-15486;Item 15486 Impressão - Modelo 87;Impressão;2;1706.32
5494;SKU-15487;Item 15487 Acessórios - Modelo 88;Acessórios;9;1709.79
5495;SKU-15488;Item 15488 Armazenamento - Modelo 89;Armazenamento;16;1713.26
5496;SKU-15489;Item 15489 Energia - Modelo 90;Energia;23;1716.73
5497;SKU-15490;Item 15490 Periféricos - Modelo 91;Periféricos;30;1720.20
5498;SKU-15491;Item 15491 Monitores - Modelo 92;Monitores;37;1723.67
5499;SKU-15492;Item 15492 Áudio - Modelo 93;Áudio;44;1727.14
5500;SKU-15493;Item 15493 Vídeo - Modelo 94;Vídeo;51;1730.61
5501;SKU-15494;Item 15494 Computadores - Modelo 95;Computadores;58;1734.08
5502;SKU-15495;Item 15495 Redes - Modelo 96;Redes;65;1737.55
5503;SKU-15496;Item 15496 Impressão - Modelo 97;Impressão;72;1741.02
5504;SKU-15497;Item 15497 Acessórios - Modelo 98;Acessórios;79;1744.49
5505;SKU-15498;Item 15498 Armazenamento - Modelo 99;Armazenamento;86;1747.96
5506;SKU-15499;Item 15499 Energia - Modelo 100;Energia;93;1751.43
5507;SKU-15500;Item 15500 Periféricos - Modelo 1;Periféricos;100;19.90
5508;SKU-15501;Item 15501 Monitores - Modelo 2;Monitores;107;23.37
5509;SKU-15502;Item 15502 Áudio - Modelo 3;Áudio;114;26.84
5510;SKU-15503;Item 15503 Vídeo - Modelo 4;Vídeo;1;30.31
5511;SKU-15504;Item 15504 Computadores - Modelo 5;Computadores;8;33.78
5512;SKU-15505;Item 15505 Redes - Modelo 6;Redes;15;37.25
5513;SKU-15506;Item 15506 Impressão - Modelo 7;Impressão;22;40.72
5514;SKU-15507;Item 15507 Acessórios - Modelo 8;Acessórios;29;44.19
5515;SKU-15508;Item 15508 Armazenamento - Modelo 9;Armazenamento;36;47.66
5516;SKU-15509;Item 15509 Energia - Modelo 10;Energia;43;51.13
5517;SKU-15510;Item 15510 Periféricos - Modelo 11;Periféricos;50;54.60
5518;SKU-15511;Item 15511 Monitores - Modelo 12;Monitores;57;58.07
5519;SKU-15512;Item 15512 Áudio - Modelo 13;Áudio;64;61.54
5520;SKU-15513;Item 15513 Vídeo - Modelo 14;Vídeo;71;65.01
5521;SKU-15514;Item 15514 Computadores - Modelo 15;Computadores;78;68.48
5522;SKU-15515;Item 15515 Redes - Modelo 16;Redes;85;71.95
5523;SKU-15516;Item 15516 Impressão - Modelo 17;Impressão;92;75.42
5524;SKU-15517;Item 15517 Acessórios - Modelo 18;Acessórios;99;78.89
5525;SKU-15518;Item 15518 Armazenamento - Modelo 19;Armazenamento;106;82.36
5526;SKU-15519;Item 15519 Energia - Modelo 20;Energia;113;85.83
5527;SKU-15520;Item 15520 Periféricos - Modelo 21;Periféricos;0;89.30
5528;SKU-15521;Item 15521 Monitores - Modelo 22;Monitores;7;92.77
5529;SKU-15522;Item 15522 Áudio - Modelo 23;Áudio;14;96.24
5530;SKU-15523;Item 15523 Vídeo - Modelo 24;Vídeo;21;99.71
5531;SKU-15524;Item 15524 Computadores - Modelo 25;Computadores;28;103.18
5532;SKU-15525;Item 15525 Redes - Modelo 26;Redes;35;106.65
5533;SKU-15526;Item 15526 Impressão - Modelo 27;Impressão;42;110.12
5534;SKU-15527;Item 15527 Acessórios - Modelo 28;Acessórios;49;113.59
5535;SKU-15528;Item 15528 Armazenamento - Modelo 29;Armazenamento;56;117.06
5536;SKU-15529;Item 15529 Energia - Modelo 30;Energia;63;120.53
5537;SKU-15530;Item 15530 Periféricos - Modelo 31;Periféricos;70;124.00
5538;SKU-15531;Item 15531 Monitores - Modelo 32;Monitores;77;127.47
5539;SKU-15532;Item 15532 Áudio - Modelo 33;Áudio;84;130.94
5540;SKU-15533;Item 15533 Vídeo - Modelo 34;Vídeo;91;134.41
5541;SKU-15534;Item 15534 Computadores - Modelo 35;Computadores;98;137.88
5542;SKU-15535;Item 15535 Redes - Modelo 36;Redes;105;141.35
5543;SKU-15536;Item 15536 Impressão - Modelo 37;Impressão;112;144.82
5544;SKU-15537;Item 15537 Acessórios - Modelo 38;Acessórios;119;148.29
5545;SKU-15538;Item 15538 Armazenamento - Modelo 39;Armazenamento;6;151.76
5546;SKU-15539;Item 15539 Energia - Modelo 40;Energia;13;155.23
5547;SKU-15540;Item 15540 Periféricos - Modelo 41;Periféricos;20;158.70
5548;SKU-15541;Item 15541 Monitores - Modelo 42;Monitores;27;162.17
5549;SKU-15542;Item 15542 Áudio - Modelo 43;Áudio;34;165.64
5550;SKU-15543;Item 15543 Vídeo - Modelo 44;Vídeo;41;169.11
5551;SKU-15544;Item 15544 Computadores - Modelo 45;Computadores;48;172.58
5552;SKU-15545;Item 15545 Redes - Modelo 46;Redes;55;176.05
5553;SKU-15546;Item 15546 Impressão - Modelo 47;Impressão;62;179.52
5554;SKU-15547;Item 15547 Acessórios - Modelo 48;Acessórios;69;182.99
5555;SKU-15548;Item 15548 Armazenamento - Modelo 49;Armazenamento;76;186.46
5556;SKU-15549;Item 15549 Energia - Modelo 50;Energia;83;189.93
5557;SKU-15550;Item 15550 Periféricos - Modelo 51;Periféricos;90;193.40
5558;SKU-15551;Item 15551 Monitores - Modelo 52;Monitores;97;196.87
5559;SKU-15552;Item 15552 Áudio - Modelo 53;Áudio;104;200.34
5560;SKU-15553;Item 15553 Vídeo - Modelo 54;Vídeo;111;203.81
5561;SKU-15554;Item 15554 Computadores - Modelo 55;Computadores;118;207.28
5562;SKU-15555;Item 15555 Redes - Modelo 56;Redes;5;210.75
5563;SKU-15556;Item 15556 Impressão - Modelo 57;Impressão;12;214.22
5564;SKU-15557;Item 15557 Acessórios - Modelo 58;Acessórios;19;217.69
5565;SKU-15558;Item 15558 Armazenamento - Modelo 59;Armazenamento;26;221.16
5566;SKU-15559;Item 15559 Energia - Modelo 60;Energia;33;224.63
5567;SKU-15560;Item 15560 Periféricos - Modelo 61;Periféricos;40;228.10
5568;SKU-15561;Item 15561 Monitores - Modelo 62;Monitores;47;231.57
5569;SKU-15562;Item 15562 Áudio - Modelo 63;Áudio;54;235.04
5570;SKU-15563;Item 15563 Vídeo - Modelo 64;Vídeo;61;238.51
5571;SKU-15564;Item 15564 Computadores - Modelo 65;Computadores;68;241.98
5572;SKU-15565;Item 15565 Redes - Modelo 66;Redes;75;245.45
5573;SKU-15566;Item 15566 Impressão - Modelo 67;Impressão;82;248.92
5574;SKU-15567;Item 15567 Acessórios - Modelo 68;Acessórios;89;252.39
5575;SKU-15568;Item 15568 Armazenamento - Modelo 69;Armazenamento;96;255.86
5576;SKU-15569;Item 15569 Energia - Modelo 70;Energia;103;259.33
5577;SKU-15570;Item 15570 Periféricos - Modelo 71;Periféricos;110;262.80
5578;SKU-15571;Item 15571 Monitores - Modelo 72;Monitores;117;266.27
5579;SKU-15572;Item 15572 Áudio - Modelo 73;Áudio;4;269.74
5580;SKU-15573;Item 15573 Vídeo - Modelo 74;Vídeo;11;273.21
5581;SKU-15574;Item 15574 Computadores - Modelo 75;Computadores;18;276.68
5582;SKU-15575;Item 15575 Redes - Modelo 76;Redes;25;280.15
5583;SKU-15576;Item 15576 Impressão - Modelo 77;Impressão;32;283.62
5584;SKU-15577;Item 15577 Acessórios - Modelo 78;Acessórios;39;287.09
5585;SKU-15578;Item 15578 Armazenamento - Modelo 79;Armazenamento;46;290.56
5586;SKU-15579;Item 15579 Energia - Modelo 80;Energia;53;294.03
5587;SKU-15580;Item 15580 Periféricos - Modelo 81;Periféricos;60;297.50
5588;SKU-15581;Item 15581 Monitores - Modelo 82;Monitores;67;300.97
5589;SKU-15582;Item 15582 Áudio - Modelo 83;Áudio;74;304.44
5590;SKU-15583;Item 15583 Vídeo - Modelo 84;Vídeo;81;307.91
5591;SKU-15584;Item 15584 Computadores - Modelo 85;Computadores;88;311.38
5592;SKU-15585;Item 15585 Redes - Modelo 86;Redes;95;314.85
5593;SKU-15586;Item 15586 Impressão - Modelo 87;Impressão;102;318.32
5594;SKU-15587;Item 15587 Acessórios - Modelo 88;Acessórios;109;321.79
5595;SKU-15588;Item 15588 Armazenamento - Modelo 89;Armazenamento;116;325.26
5596;SKU-15589;Item 15589 Energia - Modelo 90;Energia;3;328.73
5597;SKU-15590;Item 15590 Periféricos - Modelo 91;Periféricos;10;332.20
5598;SKU-15591;Item 15591 Monitores - Modelo 92;Monitores;17;335.67
5599;SKU-15592;Item 15592 Áudio - Modelo 93;Áudio;24;339.14
5600;SKU-15593;Item 15593 Vídeo - Modelo 94;Vídeo;31;342.61
5601;SKU-15594;Item 15594 Computadores - Modelo 95;Computadores;38;346.08
5602;SKU-15595;Item 15595 Redes - Modelo 96;Redes;45;349.55
5603;SKU-15596;Item 15596 Impressão - Modelo 97;Impressão;52;353.02
5604;SKU-15597;Item 15597 Acessórios - Modelo 98;Acessórios;59;356.49
5605;SKU-15598;Item 15598 Armazenamento - Modelo 99;Armazenamento;66;359.96
5606;SKU-15599;Item 15599 Energia - Modelo 100;Energia;73;363.43
5607;SKU-15600;Item 15600 Periféricos - Modelo 1;Periféricos;80;366.90
5608;SKU-15601;Item 15601 Monitores - Modelo 2;Monitores;87;370.37
5609;SKU-15602;Item 15602 Áudio - Modelo 3;Áudio;94;373.84
5610;SKU-15603;Item 15603 Vídeo - Modelo 4;Vídeo;101;377.31
5611;SKU-15604;Item 15604 Computadores - Modelo 5;Computadores;108;380.78
5612;SKU-15605;Item 15605 Redes - Modelo 6;Redes;115;384.25
5613;SKU-15606;Item 15606 Impressão - Modelo 7;Impressão;2;387.72
5614;SKU-15607;Item 15607 Acessórios - Modelo 8;Acessórios;9;391.19
5615;SKU-15608;Item 15608 Armazenamento - Modelo 9;Armazenamento;16;394.66
5616;SKU-15609;Item 15609 Energia - Modelo 10;Energia;23;398.13
5617;SKU-15610;Item 15610 Periféricos - Modelo 11;Periféricos;30;401.60
5618;SKU-15611;Item 15611 Monitores - Modelo 12;Monitores;37;405.07
5619;SKU-15612;Item 15612 Áudio - Modelo 13;Áudio;44;408.54
5620;SKU-15613;Item 15613 Vídeo - Modelo 14;Vídeo;51;412.01
5621;SKU-15614;Item 15614 Computadores - Modelo 15;Computadores;58;415.48
5622;SKU-15615;Item 15615 Redes - Modelo 16;Redes;65;418.95
5623;SKU-15616;Item 15616 Impressão - Modelo 17;Impressão;72;422.42
5624;SKU-15617;Item 15617 Acessórios - Modelo 18;Acessórios;79;425.89
5625;SKU-15618;Item 15618 Armazenamento - Modelo 19;Armazenamento;86;429.36
5626;SKU-15619;Item 15619 Energia - Modelo 20;Energia;93;432.83
5627;SKU-15620;Item 15620 Periféricos - Modelo 21;Periféricos;100;436.30
5628;SKU-15621;Item 15621 Monitores - Modelo 22;Monitores;107;439.77
5629;SKU-15622;Item 15622 Áudio - Modelo 23;Áudio;114;443.24
5630;SKU-15623;Item 15623 Vídeo - Modelo 24;Vídeo;1;446.71
5631;SKU-15624;Item 15624 Computadores - Modelo 25;Computadores;8;450.18
5632;SKU-15625;Item 15625 Redes - Modelo 26;Redes;15;453.65
5633;SKU-15626;Item 15626 Impressão - Modelo 27;Impressão;22;457.12
5634;SKU-15627;Item 15627 Acessórios - Modelo 28;Acessórios;29;460.59
5635;SKU-15628;Item 15628 Armazenamento - Modelo 29;Armazenamento;36;464.06
5636;SKU-15629;Item 15629 Energia - Modelo 30;Energia;43;467.53
5637;SKU-15630;Item 15630 Periféricos - Modelo 31;Periféricos;50;471.00
5638;SKU-15631;Item 15631 Monitores - Modelo 32;Monitores;57;474.47
5639;SKU-15632;Item 15632 Áudio - Modelo 33;Áudio;64;477.94
5640;SKU-15633;Item 15633 Vídeo - Modelo 34;Vídeo;71;481.41
5641;SKU-15634;Item 15634 Computadores - Modelo 35;Computadores;78;484.88
5642;SKU-15635;Item 15635 Redes - Modelo 36;Redes;85;488.35
5643;SKU-15636;Item 15636 Impressão - Modelo 37;Impressão;92;491.82
5644;SKU-15637;Item 15637 Acessórios - Modelo 38;Acessórios;99;495.29
5645;SKU-15638;Item 15638 Armazenamento - Modelo 39;Armazenamento;106;498.76
5646;SKU-15639;Item 15639 Energia - Modelo 40;Energia;113;502.23
5647;SKU-15640;Item 15640 Periféricos - Modelo 41;Periféricos;0;505.70
5648;SKU-15641;Item 15641 Monitores - Modelo 42;Monitores;7;509.17
5649;SKU-15642;Item 15642 Áudio - Modelo 43;Áudio;14;512.64
5650;SKU-15643;Item 15643 Vídeo - Modelo 44;Vídeo;21;516.11
5651;SKU-15644;Item 15644 Computadores - Modelo 45;Computadores;28;519.58
5652;SKU-15645;Item 15645 Redes - Modelo 46;Redes;35;523.05
5653;SKU-15646;Item 15646 Impressão - Modelo 47;Impressão;42;526.52
5654;SKU-15647;Item 15647 Acessórios - Modelo 48;Acessórios;49;529.99
5655;SKU-15648;Item 15648 Armazenamento - Modelo 49;Armazenamento;56;533.46
5656;SKU-15649;Item 15649 Energia - Modelo 50;Energia;63;536.93
5657;SKU-15650;Item 15650 Periféricos - Modelo 51;Periféricos;70;540.40
5658;SKU-15651;Item 15651 Monitores - Modelo 52;Monitores;77;543.87
5659;SKU-15652;Item 15652 Áudio - Modelo 53;Áudio;84;547.34
5660;SKU-15653;Item 15653 Vídeo - Modelo 54;Vídeo;91;550.81
5661;SKU-15654;Item 15654 Computadores - Modelo 55;Computadores;98;554.28
5662;SKU-15655;Item 15655 Redes - Modelo 56;Redes;105;557.75
5663;SKU-15656;Item 15656 Impressão - Modelo 57;Impressão;112;561.22
5664;SKU-15657;Item 15657 Acessórios - Modelo 58;Acessórios;119;564.69
5665;SKU-15658;Item 15658 Armazenamento - Modelo 59;Armazenamento;6;568.16
5666;SKU-15659;Item 15659 Energia - Modelo 60;Energia;13;571.63
5667;SKU-15660;Item 15660 Periféricos - Modelo 61;Periféricos;20;575.10
5668;SKU-15661;Item 15661 Monitores - Modelo 62;Monitores;27;578.57
5669;SKU-15662;Item 15662 Áudio - Modelo 63;Áudio;34;582.04
5670;SKU-15663;Item 15663 Vídeo - Modelo 64;Vídeo;41;585.51
5671;SKU-15664;Item 15664 Computadores - Modelo 65;Computadores;48;588.98
5672;SKU-15665;Item 15665 Redes - Modelo 66;Redes;55;592.45
5673;SKU-15666;Item 15666 Impressão - Modelo 67;Impressão;62;595.92
5674;SKU-15667;Item 15667 Acessórios - Modelo 68;Acessórios;69;599.39
5675;SKU-15668;Item 15668 Armazenamento - Modelo 69;Armazenamento;76;602.86
5676;SKU-15669;Item 15669 Energia - Modelo 70;Energia;83;606.33
5677;SKU-15670;Item 15670 Periféricos - Modelo 71;Periféricos;90;609.80
5678;SKU-15671;Item 15671 Monitores - Modelo 72;Monitores;97;613.27
5679;SKU-15672;Item 15672 Áudio - Modelo 73;Áudio;104;616.74
5680;SKU-15673;Item 15673 Vídeo - Modelo 74;Vídeo;111;620.21
5681;SKU-15674;Item 15674 Computadores - Modelo 75;Computadores;118;623.68
5682;SKU-15675;Item 15675 Redes - Modelo 76;Redes;5;627.15
5683;SKU-15676;Item 15676 Impressão - Modelo 77;Impressão;12;630.62
5684;SKU-15677;Item 15677 Acessórios - Modelo 78;Acessórios;19;634.09
5685;SKU-15678;Item 15678 Armazenamento - Modelo 79;Armazenamento;26;637.56
5686;SKU-15679;Item 15679 Energia - Modelo 80;Energia;33;641.03
5687;SKU-15680;Item 15680 Periféricos - Modelo 81;Periféricos;40;644.50
5688;SKU-15681;Item 15681 Monitores - Modelo 82;Monitores;47;647.97
5689;SKU-15682;Item 15682 Áudio - Modelo 83;Áudio;54;651.44
5690;SKU-15683;Item 15683 Vídeo - Modelo 84;Vídeo;61;654.91
5691;SKU-15684;Item 15684 Computadores - Modelo 85;Computadores;68;658.38
5692;SKU-15685;Item 15685 Redes - Modelo 86;Redes;75;661.85
5693;SKU-15686;Item 15686 Impressão - Modelo 87;Impressão;82;665.32
5694;SKU-15687;Item 15687 Acessórios - Modelo 88;Acessórios;89;668.79
5695;SKU-15688;Item 15688 Armazenamento - Modelo 89;Armazenamento;96;672.26
5696;SKU-15689;Item 15689 Energia - Modelo 90;Energia;103;675.73
5697;SKU-15690;Item 15690 Periféricos - Modelo 91;Periféricos;110;679.20
5698;SKU-15691;Item 15691 Monitores - Modelo 92;Monitores;117;682.67
5699;SKU-15692;Item 15692 Áudio - Modelo 93;Áudio;4;686.14
5700;SKU-15693;Item 15693 Vídeo - Modelo 94;Vídeo;11;689.61
5701;SKU-15694;Item 15694 Computadores - Modelo 95;Computadores;18;693.08
5702;SKU-15695;Item 15695 Redes - Modelo 96;Redes;25;696.55
5703;SKU-15696;Item 15696 Impressão - Modelo 97;Impressão;32;700.02
5704;SKU-15697;Item 15697 Acessórios - Modelo 98;Acessórios;39;703.49
5705;SKU-15698;Item 15698 Armazenamento - Modelo 99;Armazenamento;46;706.96
5706;SKU-15699;Item 15699 Energia - Modelo 100;Energia;53;710.43
5707;SKU-15700;Item 15700 Periféricos - Modelo 1;Periféricos;60;713.90
5708;SKU-15701;Item 15701 Monitores - Modelo 2;Monitores;67;717.37
5709;SKU-15702;Item 15702 Áudio - Modelo 3;Áudio;74;720.84
5710;SKU-15703;Item 15703 Vídeo - Modelo 4;Vídeo;81;724.31
5711;SKU-15704;Item 15704 Computadores - Modelo 5;Computadores;88;727.78
5712;SKU-15705;Item 15705 Redes - Modelo 6;Redes;95;731.25
5713;SKU-15706;Item 15706 Impressão - Modelo 7;Impressão;102;734.72
5714;SKU-15707;Item 15707 Acessórios - Modelo 8;Acessórios;109;738.19
5715;SKU-15708;Item 15708 Armazenamento - Modelo 9;Armazenamento;116;741.66
5716;SKU-15709;Item 15709 Energia - Modelo 10;Energia;3;745.13
5717;SKU-15710;Item 15710 Periféricos - Modelo 11;Periféricos;10;748.60
5718;SKU-15711;Item 15711 Monitores - Modelo 12;Monitores;17;752.07
5719;SKU-15712;Item 15712 Áudio - Modelo 13;Áudio;24;755.54
5720;SKU-15713;Item 15713 Vídeo - Modelo 14;Vídeo;31;759.01
5721;SKU-15714;Item 15714 Computadores - Modelo 15;Computadores;38;762.48
5722;SKU-15715;Item 15715 Redes - Modelo 16;Redes;45;765.95
5723;SKU-15716;Item 15716 Impressão - Modelo 17;Impressão;52;769.42
5724;SKU-15717;Item 15717 Acessórios - Modelo 18;Acessórios;59;772.89
5725;SKU-15718;Item 15718 Armazenamento - Modelo 19;Armazenamento;66;776.36
5726;SKU-15719;Item 15719 Energia - Modelo 20;Energia;73;779.83
5727;SKU-15720;Item 15720 Periféricos - Modelo 21;Periféricos;80;783.30
5728;SKU-15721;Item 15721 Monitores - Modelo 22;Monitores;87;786.77
5729;SKU-15722;Item 15722 Áudio - Modelo 23;Áudio;94;790.24
5730;SKU-15723;Item 15723 Vídeo - Modelo 24;Vídeo;101;793.71
5731;SKU-15724;Item 15724 Computadores - Modelo 25;Computadores;108;797.18
5732;SKU-15725;Item 15725 Redes - Modelo 26;Redes;115;800.65
5733;SKU-15726;Item 15726 Impressão - Modelo 27;Impressão;2;804.12
5734;SKU-15727;Item 15727 Acessórios - Modelo 28;Acessórios;9;807.59
5735;SKU-15728;Item 15728 Armazenamento - Modelo 29;Armazenamento;16;811.06
5736;SKU-15729;Item 15729 Energia - Modelo 30;Energia;23;814.53
5737;SKU-15730;Item 15730 Periféricos - Modelo 31;Periféricos;30;818.00
5738;SKU-15731;Item 15731 Monitores - Modelo 32;Monitores;37;821.47
5739;SKU-15732;Item 15732 Áudio - Modelo 33;Áudio;44;824.94
5740;SKU-15733;Item 15733 Vídeo - Modelo 34;Vídeo;51;828.41
5741;SKU-15734;Item 15734 Computadores - Modelo 35;Computadores;58;831.88
5742;SKU-15735;Item 15735 Redes - Modelo 36;Redes;65;835.35
5743;SKU-15736;Item 15736 Impressão - Modelo 37;Impressão;72;838.82
5744;SKU-15737;Item 15737 Acessórios - Modelo 38;Acessórios;79;842.29
5745;SKU-15738;Item 15738 Armazenamento - Modelo 39;Armazenamento;86;845.76
5746;SKU-15739;Item 15739 Energia - Modelo 40;Energia;93;849.23
5747;SKU-15740;Item 15740 Periféricos - Modelo 41;Periféricos;100;852.70
5748;SKU-15741;Item 15741 Monitores - Modelo 42;Monitores;107;856.17
5749;SKU-15742;Item 15742 Áudio - Modelo 43;Áudio;114;859.64
5750;SKU-15743;Item 15743 Vídeo - Modelo 44;Vídeo;1;863.11
5751;SKU-15744;Item 15744 Computadores - Modelo 45;Computadores;8;866.58
5752;SKU-15745;Item 15745 Redes - Modelo 46;Redes;15;870.05
5753;SKU-15746;Item 15746 Impressão - Modelo 47;Impressão;22;873.52
5754;SKU-15747;Item 15747 Acessórios - Modelo 48;Acessórios;29;876.99
5755;SKU-15748;Item 15748 Armazenamento - Modelo 49;Armazenamento;36;880.46
5756;SKU-15749;Item 15749 Energia - Modelo 50;Energia;43;883.93
5757;SKU-15750;Item 15750 Periféricos - Modelo 51;Periféricos;50;887.40
5758;SKU-15751;Item 15751 Monitores - Modelo 52;Monitores;57;890.87
5759;SKU-15752;Item 15752 Áudio - Modelo 53;Áudio;64;894.34
5760;SKU-15753;Item 15753 Vídeo - Modelo 54;Vídeo;71;897.81
5761;SKU-15754;Item 15754 Computadores - Modelo 55;Computadores;78;901.28
5762;SKU-15755;Item 15755 Redes - Modelo 56;Redes;85;904.75
5763;SKU-15756;Item 15756 Impressão - Modelo 57;Impressão;92;908.22
5764;SKU-15757;Item 15757 Acessórios - Modelo 58;Acessórios;99;911.69
5765;SKU-15758;Item 15758 Armazenamento - Modelo 59;Armazenamento;106;915.16
5766;SKU-15759;Item 15759 Energia - Modelo 60;Energia;113;918.63
5767;SKU-15760;Item 15760 Periféricos - Modelo 61;Periféricos;0;922.10
5768;SKU-15761;Item 15761 Monitores - Modelo 62;Monitores;7;925.57
5769;SKU-15762;Item 15762 Áudio - Modelo 63;Áudio;14;929.04
5770;SKU-15763;Item 15763 Vídeo - Modelo 64;Vídeo;21;932.51
5771;SKU-15764;Item 15764 Computadores - Modelo 65;Computadores;28;935.98
5772;SKU-15765;Item 15765 Redes - Modelo 66;Redes;35;939.45
5773;SKU-15766;Item 15766 Impressão - Modelo 67;Impressão;42;942.92
5774;SKU-15767;Item 15767 Acessórios - Modelo 68;Acessórios;49;946.39
5775;SKU-15768;Item 15768 Armazenamento - Modelo 69;Armazenamento;56;949.86
5776;SKU-15769;Item 15769 Energia - Modelo 70;Energia;63;953.33
5777;SKU-15770;Item 15770 Periféricos - Modelo 71;Periféricos;70;956.80
5778;SKU-15771;Item 15771 Monitores - Modelo 72;Monitores;77;960.27
5779;SKU-15772;Item 15772 Áudio - Modelo 73;Áudio;84;963.74
5780;SKU-15773;Item 15773 Vídeo - Modelo 74;Vídeo;91;967.21
5781;SKU-15774;Item 15774 Computadores - Modelo 75;Computadores;98;970.68
5782;SKU-15775;Item 15775 Redes - Modelo 76;Redes;105;974.15
5783;SKU-15776;Item 15776 Impressão - Modelo 77;Impressão;112;977.62
5784;SKU-15777;Item 15777 Acessórios - Modelo 78;Acessórios;119;981.09
5785;SKU-15778;Item 15778 Armazenamento - Modelo 79;Armazenamento;6;984.56
5786;SKU-15779;Item 15779 Energia - Modelo 80;Energia;13;988.03
5787;SKU-15780;Item 15780 Periféricos - Modelo 81;Periféricos;20;991.50
5788;SKU-15781;Item 15781 Monitores - Modelo 82;Monitores;27;994.97
5789;SKU-15782;Item 15782 Áudio - Modelo 83;Áudio;34;998.44
5790;SKU-15783;Item 15783 Vídeo - Modelo 84;Vídeo;41;1001.91
5791;SKU-15784;Item 15784 Computadores - Modelo 85;Computadores;48;1005.38
5792;SKU-15785;Item 15785 Redes - Modelo 86;Redes;55;1008.85
5793;SKU-15786;Item 15786 Impressão - Modelo 87;Impressão;62;1012.32
5794;SKU-15787;Item 15787 Acessórios - Modelo 88;Acessórios;69;1015.79
5795;SKU-15788;Item 15788 Armazenamento - Modelo 89;Armazenamento;76;1019.26
5796;SKU-15789;Item 15789 Energia - Modelo 90;Energia;83;1022.73
5797;SKU-15790;Item 15790 Periféricos - Modelo 91;Periféricos;90;1026.20
5798;SKU-15791;Item 15791 Monitores - Modelo 92;Monitores;97;1029.67
5799;SKU-15792;Item 15792 Áudio - Modelo 93;Áudio;104;1033.14
5800;SKU-15793;Item 15793 Vídeo - Modelo 94;Vídeo;111;1036.61
5801;SKU-15794;Item 15794 Computadores - Modelo 95;Computadores;118;1040.08
5802;SKU-15795;Item 15795 Redes - Modelo 96;Redes;5;1043.55
5803;SKU-15796;Item 15796 Impressão - Modelo 97;Impressão;12;1047.02
5804;SKU-15797;Item 15797 Acessórios - Modelo 98;Acessórios;19;1050.49
5805;SKU-15798;Item 15798 Armazenamento - Modelo 99;Armazenamento;26;1053.96
5806;SKU-15799;Item 15799 Energia - Modelo 100;Energia;33;1057.43
5807;SKU-15800;Item 15800 Periféricos - Modelo 1;Periféricos;40;1060.90
5808;SKU-15801;Item 15801 Monitores - Modelo 2;Monitores;47;1064.37
5809;SKU-15802;Item 15802 Áudio - Modelo 3;Áudio;54;1067.84
5810;SKU-15803;Item 15803 Vídeo - Modelo 4;Vídeo;61;1071.31
5811;SKU-15804;Item 15804 Computadores - Modelo 5;Computadores;68;1074.78
5812;SKU-15805;Item 15805 Redes - Modelo 6;Redes;75;1078.25
5813;SKU-15806;Item 15806 Impressão - Modelo 7;Impressão;82;1081.72
5814;SKU-15807;Item 15807 Acessórios - Modelo 8;Acessórios;89;1085.19
5815;SKU-15808;Item 15808 Armazenamento - Modelo 9;Armazenamento;96;1088.66
5816;SKU-15809;Item 15809 Energia - Modelo 10;Energia;103;1092.13
5817;SKU-15810;Item 15810 Periféricos - Modelo 11;Periféricos;110;1095.60
5818;SKU-15811;Item 15811 Monitores - Modelo 12;Monitores;117;1099.07
5819;SKU-15812;Item 15812 Áudio - Modelo 13;Áudio;4;1102.54
5820;SKU-15813;Item 15813 Vídeo - Modelo 14;Vídeo;11;1106.01
5821;SKU-15814;Item 15814 Computadores - Modelo 15;Computadores;18;1109.48
5822;SKU-15815;Item 15815 Redes - Modelo 16;Redes;25;1112.95
5823;SKU-15816;Item 15816 Impressão - Modelo 17;Impressão;32;1116.42
5824;SKU-15817;Item 15817 Acessórios - Modelo 18;Acessórios;39;1119.89
5825;SKU-15818;Item 15818 Armazenamento - Modelo 19;Armazenamento;46;1123.36
5826;SKU-15819;Item 15819 Energia - Modelo 20;Energia;53;1126.83
5827;SKU-15820;Item 15820 Periféricos - Modelo 21;Periféricos;60;1130.30
5828;SKU-15821;Item 15821 Monitores - Modelo 22;Monitores;67;1133.77
5829;SKU-15822;Item 15822 Áudio - Modelo 23;Áudio;74;1137.24
5830;SKU-15823;Item 15823 Vídeo - Modelo 24;Vídeo;81;1140.71
5831;SKU-15824;Item 15824 Computadores - Modelo 25;Computadores;88;1144.18
5832;SKU-15825;Item 15825 Redes - Modelo 26;Redes;95;1147.65
5833;SKU-15826;Item 15826 Impressão - Modelo 27;Impressão;102;1151.12
5834;SKU-15827;Item 15827 Acessórios - Modelo 28;Acessórios;109;1154.59
5835;SKU-15828;Item 15828 Armazenamento - Modelo 29;Armazenamento;116;1158.06
5836;SKU-15829;Item 15829 Energia - Modelo 30;Energia;3;1161.53
5837;SKU-15830;Item 15830 Periféricos - Modelo 31;Periféricos;10;1165.00
5838;SKU-15831;Item 15831 Monitores - Modelo 32;Monitores;17;1168.47
5839;SKU-15832;Item 15832 Áudio - Modelo 33;Áudio;24;1171.94
5840;SKU-15833;Item 15833 Vídeo - Modelo 34;Vídeo;31;1175.41
5841;SKU-15834;Item 15834 Computadores - Modelo 35;Computadores;38;1178.88
5842;SKU-15835;Item 15835 Redes - Modelo 36;Redes;45;1182.35
5843;SKU-15836;Item 15836 Impressão - Modelo 37;Impressão;52;1185.82
5844;SKU-15837;Item 15837 Acessórios - Modelo 38;Acessórios;59;1189.29
5845;SKU-15838;Item 15838 Armazenamento - Modelo 39;Armazenamento;66;1192.76
5846;SKU-15839;Item 15839 Energia - Modelo 40;Energia;73;1196.23
5847;SKU-15840;Item 15840 Periféricos - Modelo 41;Periféricos;80;1199.70
5848;SKU-15841;Item 15841 Monitores - Modelo 42;Monitores;87;1203.17
5849;SKU-15842;Item 15842 Áudio - Modelo 43;Áudio;94;1206.64
5850;SKU-15843;Item 15843 Vídeo - Modelo 44;Vídeo;101;1210.11
5851;SKU-15844;Item 15844 Computadores - Modelo 45;Computadores;108;1213.58
5852;SKU-15845;Item 15845 Redes - Modelo 46;Redes;115;1217.05
5853;SKU-15846;Item 15846 Impressão - Modelo 47;Impressão;2;1220.52
5854;SKU-15847;Item 15847 Acessórios - Modelo 48;Acessórios;9;1223.99
5855;SKU-15848;Item 15848 Armazenamento - Modelo 49;Armazenamento;16;1227.46
5856;SKU-15849;Item 15849 Energia - Modelo 50;Energia;23;1230.93
5857;SKU-15850;Item 15850 Periféricos - Modelo 51;Periféricos;30;1234.40
5858;SKU-15851;Item 15851 Monitores - Modelo 52;Monitores;37;1237.87
5859;SKU-15852;Item 15852 Áudio - Modelo 53;Áudio;44;1241.34
5860;SKU-15853;Item 15853 Vídeo - Modelo 54;Vídeo;51;1244.81
5861;SKU-15854;Item 15854 Computadores - Modelo 55;Computadores;58;1248.28
5862;SKU-15855;Item 15855 Redes - Modelo 56;Redes;65;1251.75
5863;SKU-15856;Item 15856 Impressão - Modelo 57;Impressão;72;1255.22
5864;SKU-15857;Item 15857 Acessórios - Modelo 58;Acessórios;79;1258.69
5865;SKU-15858;Item 15858 Armazenamento - Modelo 59;Armazenamento;86;1262.16
5866;SKU-15859;Item 15859 Energia - Modelo 60;Energia;93;1265.63
5867;SKU-15860;Item 15860 Periféricos - Modelo 61;Periféricos;100;1269.10
5868;SKU-15861;Item 15861 Monitores - Modelo 62;Monitores;107;1272.57
5869;SKU-15862;Item 15862 Áudio - Modelo 63;Áudio;114;1276.04
5870;SKU-15863;Item 15863 Vídeo - Modelo 64;Vídeo;1;1279.51
5871;SKU-15864;Item 15864 Computadores - Modelo 65;Computadores;8;1282.98
5872;SKU-15865;Item 15865 Redes - Modelo 66;Redes;15;1286.45
5873;SKU-15866;Item 15866 Impressão - Modelo 67;Impressão;22;1289.92
5874;SKU-15867;Item 15867 Acessórios - Modelo 68;Acessórios;29;1293.39
5875;SKU-15868;Item 15868 Armazenamento - Modelo 69;Armazenamento;36;1296.86
5876;SKU-15869;Item 15869 Energia - Modelo 70;Energia;43;1300.33
5877;SKU-15870;Item 15870 Periféricos - Modelo 71;Periféricos;50;1303.80
5878;SKU-15871;Item 15871 Monitores - Modelo 72;Monitores;57;1307.27
5879;SKU-15872;Item 15872 Áudio - Modelo 73;Áudio;64;1310.74
5880;SKU-15873;Item 15873 Vídeo - Modelo 74;Vídeo;71;1314.21
5881;SKU-15874;Item 15874 Computadores - Modelo 75;Computadores;78;1317.68
5882;SKU-15875;Item 15875 Redes - Modelo 76;Redes;85;1321.15
5883;SKU-15876;Item 15876 Impressão - Modelo 77;Impressão;92;1324.62
5884;SKU-15877;Item 15877 Acessórios - Modelo 78;Acessórios;99;1328.09
5885;SKU-15878;Item 15878 Armazenamento - Modelo 79;Armazenamento;106;1331.56
5886;SKU-15879;Item 15879 Energia - Modelo 80;Energia;113;1335.03
5887;SKU-15880;Item 15880 Periféricos - Modelo 81;Periféricos;0;1338.50
5888;SKU-15881;Item 15881 Monitores - Modelo 82;Monitores;7;1341.97
5889;SKU-15882;Item 15882 Áudio - Modelo 83;Áudio;14;1345.44
5890;SKU-15883;Item 15883 Vídeo - Modelo 84;Vídeo;21;1348.91
5891;SKU-15884;Item 15884 Computadores - Modelo 85;Computadores;28;1352.38
5892;SKU-15885;Item 15885 Redes - Modelo 86;Redes;35;1355.85
5893;SKU-15886;Item 15886 Impressão - Modelo 87;Impressão;42;1359.32
5894;SKU-15887;Item 15887 Acessórios - Modelo 88;Acessórios;49;1362.79
5895;SKU-15888;Item 15888 Armazenamento - Modelo 89;Armazenamento;56;1366.26
5896;SKU-15889;Item 15889 Energia - Modelo 90;Energia;63;1369.73
5897;SKU-15890;Item 15890 Periféricos - Modelo 91;Periféricos;70;1373.20
5898;SKU-15891;Item 15891 Monitores - Modelo 92;Monitores;77;1376.67
5899;SKU-15892;Item 15892 Áudio - Modelo 93;Áudio;84;1380.14
5900;SKU-15893;Item 15893 Vídeo - Modelo 94;Vídeo;91;1383.61
5901;SKU-15894;Item 15894 Computadores - Modelo 95;Computadores;98;1387.08
5902;SKU-15895;Item 15895 Redes - Modelo 96;Redes;105;1390.55
5903;SKU-15896;Item 15896 Impressão - Modelo 97;Impressão;112;1394.02
5904;SKU-15897;Item 15897 Acessórios - Modelo 98;Acessórios;119;1397.49
5905;SKU-15898;Item 15898 Armazenamento - Modelo 99;Armazenamento;6;1400.96
5906;SKU-15899;Item 15899 Energia - Modelo 100;Energia;13;1404.43
5907;SKU-15900;Item 15900 Periféricos - Modelo 1;Periféricos;20;1407.90
5908;SKU-15901;Item 15901 Monitores - Modelo 2;Monitores;27;1411.37
5909;SKU-15902;Item 15902 Áudio - Modelo 3;Áudio;34;1414.84
5910;SKU-15903;Item 15903 Vídeo - Modelo 4;Vídeo;41;1418.31
5911;SKU-15904;Item 15904 Computadores - Modelo 5;Computadores;48;1421.78
5912;SKU-15905;Item 15905 Redes - Modelo 6;Redes;55;1425.25
5913;SKU-15906;Item 15906 Impressão - Modelo 7;Impressão;62;1428.72
5914;SKU-15907;Item 15907 Acessórios - Modelo 8;Acessórios;69;1432.19
5915;SKU-15908;Item 15908 Armazenamento - Modelo 9;Armazenamento;76;1435.66
5916;SKU-15909;Item 15909 Energia - Modelo 10;Energia;83;1439.13
5917;SKU-15910;Item 15910 Periféricos - Modelo 11;Periféricos;90;1442.60
5918;SKU-15911;Item 15911 Monitores - Modelo 12;Monitores;97;1446.07
5919;SKU-15912;Item 15912 Áudio - Modelo 13;Áudio;104;1449.54
5920;SKU-15913;Item 15913 Vídeo - Modelo 14;Vídeo;111;1453.01
5921;SKU-15914;Item 15914 Computadores - Modelo 15;Computadores;118;1456.48
5922;SKU-15915;Item 15915 Redes - Modelo 16;Redes;5;1459.95
5923;SKU-15916;Item 15916 Impressão - Modelo 17;Impressão;12;1463.42
5924;SKU-15917;Item 15917 Acessórios - Modelo 18;Acessórios;19;1466.89
5925;SKU-15918;Item 15918 Armazenamento - Modelo 19;Armazenamento;26;1470.36
5926;SKU-15919;Item 15919 Energia - Modelo 20;Energia;33;1473.83
5927;SKU-15920;Item 15920 Periféricos - Modelo 21;Periféricos;40;1477.30
5928;SKU-15921;Item 15921 Monitores - Modelo 22;Monitores;47;1480.77
5929;SKU-15922;Item 15922 Áudio - Modelo 23;Áudio;54;1484.24
5930;SKU-15923;Item 15923 Vídeo - Modelo 24;Vídeo;61;1487.71
5931;SKU-15924;Item 15924 Computadores - Modelo 25;Computadores;68;1491.18
5932;SKU-15925;Item 15925 Redes - Modelo 26;Redes;75;1494.65
5933;SKU-15926;Item 15926 Impressão - Modelo 27;Impressão;82;1498.12
5934;SKU-15927;Item 15927 Acessórios - Modelo 28;Acessórios;89;1501.59
5935;SKU-15928;Item 15928 Armazenamento - Modelo 29;Armazenamento;96;1505.06
5936;SKU-15929;Item 15929 Energia - Modelo 30;Energia;103;1508.53
5937;SKU-15930;Item 15930 Periféricos - Modelo 31;Periféricos;110;1512.00
5938;SKU-15931;Item 15931 Monitores - Modelo 32;Monitores;117;1515.47
5939;SKU-15932;Item 15932 Áudio - Modelo 33;Áudio;4;1518.94
5940;SKU-15933;Item 15933 Vídeo - Modelo 34;Vídeo;11;1522.41
5941;SKU-15934;Item 15934 Computadores - Modelo 35;Computadores;18;1525.88
5942;SKU-15935;Item 15935 Redes - Modelo 36;Redes;25;1529.35
5943;SKU-15936;Item 15936 Impressão - Modelo 37;Impressão;32;1532.82
5944;SKU-15937;Item 15937 Acessórios - Modelo 38;Acessórios;39;1536.29
5945;SKU-15938;Item 15938 Armazenamento - Modelo 39;Armazenamento;46;1539.76
5946;SKU-15939;Item 15939 Energia - Modelo 40;Energia;53;1543.23
5947;SKU-15940;Item 15940 Periféricos - Modelo 41;Periféricos;60;1546.70
5948;SKU-15941;Item 15941 Monitores - Modelo 42;Monitores;67;1550.17
5949;SKU-15942;Item 15942 Áudio - Modelo 43;Áudio;74;1553.64
5950;SKU-15943;Item 15943 Vídeo - Modelo 44;Vídeo;81;1557.11
5951;SKU-15944;Item 15944 Computadores - Modelo 45;Computadores;88;1560.58
5952;SKU-15945;Item 15945 Redes - Modelo 46;Redes;95;1564.05
5953;SKU-15946;Item 15946 Impressão - Modelo 47;Impressão;102;1567.52
5954;SKU-15947;Item 15947 Acessórios - Modelo 48;Acessórios;109;1570.99
5955;SKU-15948;Item 15948 Armazenamento - Modelo 49;Armazenamento;116;1574.46
5956;SKU-15949;Item 15949 Energia - Modelo 50;Energia;3;1577.93
5957;SKU-15950;Item 15950 Periféricos - Modelo 51;Periféricos;10;1581.40
5958;SKU-15951;Item 15951 Monitores - Modelo 52;Monitores;17;1584.87
5959;SKU-15952;Item 15952 Áudio - Modelo 53;Áudio;24;1588.34
5960;SKU-15953;Item 15953 Vídeo - Modelo 54;Vídeo;31;1591.81
5961;SKU-15954;Item 15954 Computadores - Modelo 55;Computadores;38;1595.28
5962;SKU-15955;Item 15955 Redes - Modelo 56;Redes;45;1598.75
5963;SKU-15956;Item 15956 Impressão - Modelo 57;Impressão;52;1602.22
5964;SKU-15957;Item 15957 Acessórios - Modelo 58;Acessórios;59;1605.69
5965;SKU-15958;Item 15958 Armazenamento - Modelo 59;Armazenamento;66;1609.16
5966;SKU-15959;Item 15959 Energia - Modelo 60;Energia;73;1612.63
5967;SKU-15960;Item 15960 Periféricos - Modelo 61;Periféricos;80;1616.10
5968;SKU-15961;Item 15961 Monitores - Modelo 62;Monitores;87;1619.57
5969;SKU-15962;Item 15962 Áudio - Modelo 63;Áudio;94;1623.04
5970;SKU-15963;Item 15963 Vídeo - Modelo 64;Vídeo;101;1626.51
5971;SKU-15964;Item 15964 Computadores - Modelo 65;Computadores;108;1629.98
5972;SKU-15965;Item 15965 Redes - Modelo 66;Redes;115;1633.45
5973;SKU-15966;Item 15966 Impressão - Modelo 67;Impressão;2;1636.92
5974;SKU-15967;Item 15967 Acessórios - Modelo 68;Acessórios;9;1640.39
5975;SKU-15968;Item 15968 Armazenamento - Modelo 69;Armazenamento;16;1643.86
5976;SKU-15969;Item 15969 Energia - Modelo 70;Energia;23;1647.33
5977;SKU-15970;Item 15970 Periféricos - Modelo 71;Periféricos;30;1650.80
5978;SKU-15971;Item 15971 Monitores - Modelo 72;Monitores;37;1654.27
5979;SKU-15972;Item 15972 Áudio - Modelo 73;Áudio;44;1657.74
5980;SKU-15973;Item 15973 Vídeo - Modelo 74;Vídeo;51;1661.21
5981;SKU-15974;Item 15974 Computadores - Modelo 75;Computadores;58;1664.68
5982;SKU-15975;Item 15975 Redes - Modelo 76;Redes;65;1668.15
5983;SKU-15976;Item 15976 Impressão - Modelo 77;Impressão;72;1671.62
5984;SKU-15977;Item 15977 Acessórios - Modelo 78;Acessórios;79;1675.09
5985;SKU-15978;Item 15978 Armazenamento - Modelo 79;Armazenamento;86;1678.56
5986;SKU-15979;Item 15979 Energia - Modelo 80;Energia;93;1682.03
5987;SKU-15980;Item 15980 Periféricos - Modelo 81;Periféricos;100;1685.50
5988;SKU-15981;Item 15981 Monitores - Modelo 82;Monitores;107;1688.97
5989;SKU-15982;Item 15982 Áudio - Modelo 83;Áudio;114;1692.44
5990;SKU-15983;Item 15983 Vídeo - Modelo 84;Vídeo;1;1695.91
5991;SKU-15984;Item 15984 Computadores - Modelo 85;Computadores;8;1699.38
5992;SKU-15985;Item 15985 Redes - Modelo 86;Redes;15;1702.85
5993;SKU-15986;Item 15986 Impressão - Modelo 87;Impressão;22;1706.32
5994;SKU-15987;Item 15987 Acessórios - Modelo 88;Acessórios;29;1709.79
5995;SKU-15988;Item 15988 Armazenamento - Modelo 89;Armazenamento;36;1713.26
5996;SKU-15989;Item 15989 Energia - Modelo 90;Energia;43;1716.73
5997;SKU-15990;Item 15990 Periféricos - Modelo 91;Periféricos;50;1720.20
5998;SKU-15991;Item 15991 Monitores - Modelo 92;Monitores;57;1723.67
5999;SKU-15992;Item 15992 Áudio - Modelo 93;Áudio;64;1727.14
6000;SKU-15993;Item 15993 Vídeo - Modelo 94;Vídeo;71;1730.61
6001;SKU-15994;Item 15994 Computadores - Modelo 95;Computadores;78;1734.08
6002;SKU-15995;Item 15995 Redes - Modelo 96;Redes;85;1737.55
6003;SKU-15996;Item 15996 Impressão - Modelo 97;Impressão;92;1741.02
6004;SKU-15997;Item 15997 Acessórios - Modelo 98;Acessórios;99;1744.49
6005;SKU-15998;Item 15998 Armazenamento - Modelo 99;Armazenamento;106;1747.96
6006;SKU-15999;Item 15999 Energia - Modelo 100;Energia;113;1751.43
6007;SKU-16000;Item 16000 Periféricos - Modelo 1;Periféricos;0;19.90
6008;SKU-16001;Item 16001 Monitores - Modelo 2;Monitores;7;23.37
6009;SKU-16002;Item 16002 Áudio - Modelo 3;Áudio;14;26.84
6010;SKU-16003;Item 16003 Vídeo - Modelo 4;Vídeo;21;30.31
6011;SKU-16004;Item 16004 Computadores - Modelo 5;Computadores;28;33.78
6012;SKU-16005;Item 16005 Redes - Modelo 6;Redes;35;37.25
6013;SKU-16006;Item 16006 Impressão - Modelo 7;Impressão;42;40.72
6014;SKU-16007;Item 16007 Acessórios - Modelo 8;Acessórios;49;44.19
6015;SKU-16008;Item 16008 Armazenamento - Modelo 9;Armazenamento;56;47.66
6016;SKU-16009;Item 16009 Energia - Modelo 10;Energia;63;51.13
6017;SKU-16010;Item 16010 Periféricos - Modelo 11;Periféricos;70;54.60
6018;SKU-16011;Item 16011 Monitores - Modelo 12;Monitores;77;58.07
6019;SKU-16012;Item 16012 Áudio - Modelo 13;Áudio;84;61.54
6020;SKU-16013;Item 16013 Vídeo - Modelo 14;Vídeo;91;65.01
6021;SKU-16014;Item 16014 Computadores - Modelo 15;Computadores;98;68.48
6022;SKU-16015;Item 16015 Redes - Modelo 16;Redes;105;71.95
6023;SKU-16016;Item 16016 Impressão - Modelo 17;Impressão;112;75.42
6024;SKU-16017;Item 16017 Acessórios - Modelo 18;Acessórios;119;78.89
6025;SKU-16018;Item 16018 Armazenamento - Modelo 19;Armazenamento;6;82.36
6026;SKU-16019;Item 16019 Energia - Modelo 20;Energia;13;85.83
6027;SKU-16020;Item 16020 Periféricos - Modelo 21;Periféricos;20;89.30
6028;SKU-16021;Item 16021 Monitores - Modelo 22;Monitores;27;92.77
6029;SKU-16022;Item 16022 Áudio - Modelo 23;Áudio;34;96.24
6030;SKU-16023;Item 16023 Vídeo - Modelo 24;Vídeo;41;99.71
6031;SKU-16024;Item 16024 Computadores - Modelo 25;Computadores;48;103.18
6032;SKU-16025;Item 16025 Redes - Modelo 26;Redes;55;106.65
6033;SKU-16026;Item 16026 Impressão - Modelo 27;Impressão;62;110.12
6034;SKU-16027;Item 16027 Acessórios - Modelo 28;Acessórios;69;113.59
6035;SKU-16028;Item 16028 Armazenamento - Modelo 29;Armazenamento;76;117.06
6036;SKU-16029;Item 16029 Energia - Modelo 30;Energia;83;120.53
6037;SKU-16030;Item 16030 Periféricos - Modelo 31;Periféricos;90;124.00
6038;SKU-16031;Item 16031 Monitores - Modelo 32;Monitores;97;127.47
6039;SKU-16032;Item 16032 Áudio - Modelo 33;Áudio;104;130.94
6040;SKU-16033;Item 16033 Vídeo - Modelo 34;Vídeo;111;134.41
6041;SKU-16034;Item 16034 Computadores - Modelo 35;Computadores;118;137.88
6042;SKU-16035;Item 16035 Redes - Modelo 36;Redes;5;141.35
6043;SKU-16036;Item 16036 Impressão - Modelo 37;Impressão;12;144.82
6044;SKU-16037;Item 16037 Acessórios - Modelo 38;Acessórios;19;148.29
6045;SKU-16038;Item 16038 Armazenamento - Modelo 39;Armazenamento;26;151.76
6046;SKU-16039;Item 16039 Energia - Modelo 40;Energia;33;155.23
6047;SKU-16040;Item 16040 Periféricos - Modelo 41;Periféricos;40;158.70
6048;SKU-16041;Item 16041 Monitores - Modelo 42;Monitores;47;162.17
6049;SKU-16042;Item 16042 Áudio - Modelo 43;Áudio;54;165.64
6050;SKU-16043;Item 16043 Vídeo - Modelo 44;Vídeo;61;169.11
6051;SKU-16044;Item 16044 Computadores - Modelo 45;Computadores;68;172.58
6052;SKU-16045;Item 16045 Redes - Modelo 46;Redes;75;176.05
6053;SKU-16046;Item 16046 Impressão - Modelo 47;Impressão;82;179.52
6054;SKU-16047;Item 16047 Acessórios - Modelo 48;Acessórios;89;182.99
6055;SKU-16048;Item 16048 Armazenamento - Modelo 49;Armazenamento;96;186.46
6056;SKU-16049;Item 16049 Energia - Modelo 50;Energia;103;189.93
6057;SKU-16050;Item 16050 Periféricos - Modelo 51;Periféricos;110;193.40
6058;SKU-16051;Item 16051 Monitores - Modelo 52;Monitores;117;196.87
6059;SKU-16052;Item 16052 Áudio - Modelo 53;Áudio;4;200.34
6060;SKU-16053;Item 16053 Vídeo - Modelo 54;Vídeo;11;203.81
6061;SKU-16054;Item 16054 Computadores - Modelo 55;Computadores;18;207.28
6062;SKU-16055;Item 16055 Redes - Modelo 56;Redes;25;210.75
6063;SKU-16056;Item 16056 Impressão - Modelo 57;Impressão;32;214.22
6064;SKU-16057;Item 16057 Acessórios - Modelo 58;Acessórios;39;217.69
6065;SKU-16058;Item 16058 Armazenamento - Modelo 59;Armazenamento;46;221.16
6066;SKU-16059;Item 16059 Energia - Modelo 60;Energia;53;224.63
6067;SKU-16060;Item 16060 Periféricos - Modelo 61;Periféricos;60;228.10
6068;SKU-16061;Item 16061 Monitores - Modelo 62;Monitores;67;231.57
6069;SKU-16062;Item 16062 Áudio - Modelo 63;Áudio;74;235.04
6070;SKU-16063;Item 16063 Vídeo - Modelo 64;Vídeo;81;238.51
6071;SKU-16064;Item 16064 Computadores - Modelo 65;Computadores;88;241.98
6072;SKU-16065;Item 16065 Redes - Modelo 66;Redes;95;245.45
6073;SKU-16066;Item 16066 Impressão - Modelo 67;Impressão;102;248.92
6074;SKU-16067;Item 16067 Acessórios - Modelo 68;Acessórios;109;252.39
6075;SKU-16068;Item 16068 Armazenamento - Modelo 69;Armazenamento;116;255.86
6076;SKU-16069;Item 16069 Energia - Modelo 70;Energia;3;259.33
6077;SKU-16070;Item 16070 Periféricos - Modelo 71;Periféricos;10;262.80
6078;SKU-16071;Item 16071 Monitores - Modelo 72;Monitores;17;266.27
6079;SKU-16072;Item 16072 Áudio - Modelo 73;Áudio;24;269.74
6080;SKU-16073;Item 16073 Vídeo - Modelo 74;Vídeo;31;273.21
6081;SKU-16074;Item 16074 Computadores - Modelo 75;Computadores;38;276.68
6082;SKU-16075;Item 16075 Redes - Modelo 76;Redes;45;280.15
6083;SKU-16076;Item 16076 Impressão - Modelo 77;Impressão;52;283.62
6084;SKU-16077;Item 16077 Acessórios - Modelo 78;Acessórios;59;287.09
6085;SKU-16078;Item 16078 Armazenamento - Modelo 79;Armazenamento;66;290.56
6086;SKU-16079;Item 16079 Energia - Modelo 80;Energia;73;294.03
6087;SKU-16080;Item 16080 Periféricos - Modelo 81;Periféricos;80;297.50
6088;SKU-16081;Item 16081 Monitores - Modelo 82;Monitores;87;300.97
6089;SKU-16082;Item 16082 Áudio - Modelo 83;Áudio;94;304.44
6090;SKU-16083;Item 16083 Vídeo - Modelo 84;Vídeo;101;307.91
6091;SKU-16084;Item 16084 Computadores - Modelo 85;Computadores;108;311.38
6092;SKU-16085;Item 16085 Redes - Modelo 86;Redes;115;314.85
6093;SKU-16086;Item 16086 Impressão - Modelo 87;Impressão;2;318.32
6094;SKU-16087;Item 16087 Acessórios - Modelo 88;Acessórios;9;321.79
6095;SKU-16088;Item 16088 Armazenamento - Modelo 89;Armazenamento;16;325.26
6096;SKU-16089;Item 16089 Energia - Modelo 90;Energia;23;328.73
6097;SKU-16090;Item 16090 Periféricos - Modelo 91;Periféricos;30;332.20
6098;SKU-16091;Item 16091 Monitores - Modelo 92;Monitores;37;335.67
6099;SKU-16092;Item 16092 Áudio - Modelo 93;Áudio;44;339.14
6100;SKU-16093;Item 16093 Vídeo - Modelo 94;Vídeo;51;342.61
6101;SKU-16094;Item 16094 Computadores - Modelo 95;Computadores;58;346.08
6102;SKU-16095;Item 16095 Redes - Modelo 96;Redes;65;349.55
6103;SKU-16096;Item 16096 Impressão - Modelo 97;Impressão;72;353.02
6104;SKU-16097;Item 16097 Acessórios - Modelo 98;Acessórios;79;356.49
6105;SKU-16098;Item 16098 Armazenamento - Modelo 99;Armazenamento;86;359.96
6106;SKU-16099;Item 16099 Energia - Modelo 100;Energia;93;363.43
6107;SKU-16100;Item 16100 Periféricos - Modelo 1;Periféricos;100;366.90
6108;SKU-16101;Item 16101 Monitores - Modelo 2;Monitores;107;370.37
6109;SKU-16102;Item 16102 Áudio - Modelo 3;Áudio;114;373.84
6110;SKU-16103;Item 16103 Vídeo - Modelo 4;Vídeo;1;377.31
6111;SKU-16104;Item 16104 Computadores - Modelo 5;Computadores;8;380.78
6112;SKU-16105;Item 16105 Redes - Modelo 6;Redes;15;384.25
6113;SKU-16106;Item 16106 Impressão - Modelo 7;Impressão;22;387.72
6114;SKU-16107;Item 16107 Acessórios - Modelo 8;Acessórios;29;391.19
6115;SKU-16108;Item 16108 Armazenamento - Modelo 9;Armazenamento;36;394.66
6116;SKU-16109;Item 16109 Energia - Modelo 10;Energia;43;398.13
6117;SKU-16110;Item 16110 Periféricos - Modelo 11;Periféricos;50;401.60
6118;SKU-16111;Item 16111 Monitores - Modelo 12;Monitores;57;405.07
6119;SKU-16112;Item 16112 Áudio - Modelo 13;Áudio;64;408.54
6120;SKU-16113;Item 16113 Vídeo - Modelo 14;Vídeo;71;412.01
6121;SKU-16114;Item 16114 Computadores - Modelo 15;Computadores;78;415.48
6122;SKU-16115;Item 16115 Redes - Modelo 16;Redes;85;418.95
6123;SKU-16116;Item 16116 Impressão - Modelo 17;Impressão;92;422.42
6124;SKU-16117;Item 16117 Acessórios - Modelo 18;Acessórios;99;425.89
6125;SKU-16118;Item 16118 Armazenamento - Modelo 19;Armazenamento;106;429.36
6126;SKU-16119;Item 16119 Energia - Modelo 20;Energia;113;432.83
6127;SKU-16120;Item 16120 Periféricos - Modelo 21;Periféricos;0;436.30
6128;SKU-16121;Item 16121 Monitores - Modelo 22;Monitores;7;439.77
6129;SKU-16122;Item 16122 Áudio - Modelo 23;Áudio;14;443.24
6130;SKU-16123;Item 16123 Vídeo - Modelo 24;Vídeo;21;446.71
6131;SKU-16124;Item 16124 Computadores - Modelo 25;Computadores;28;450.18
6132;SKU-16125;Item 16125 Redes - Modelo 26;Redes;35;453.65
6133;SKU-16126;Item 16126 Impressão - Modelo 27;Impressão;42;457.12
6134;SKU-16127;Item 16127 Acessórios - Modelo 28;Acessórios;49;460.59
6135;SKU-16128;Item 16128 Armazenamento - Modelo 29;Armazenamento;56;464.06
6136;SKU-16129;Item 16129 Energia - Modelo 30;Energia;63;467.53
6137;SKU-16130;Item 16130 Periféricos - Modelo 31;Periféricos;70;471.00
6138;SKU-16131;Item 16131 Monitores - Modelo 32;Monitores;77;474.47
6139;SKU-16132;Item 16132 Áudio - Modelo 33;Áudio;84;477.94
6140;SKU-16133;Item 16133 Vídeo - Modelo 34;Vídeo;91;481.41
6141;SKU-16134;Item 16134 Computadores - Modelo 35;Computadores;98;484.88
6142;SKU-16135;Item 16135 Redes - Modelo 36;Redes;105;488.35
6143;SKU-16136;Item 16136 Impressão - Modelo 37;Impressão;112;491.82
6144;SKU-16137;Item 16137 Acessórios - Modelo 38;Acessórios;119;495.29
6145;SKU-16138;Item 16138 Armazenamento - Modelo 39;Armazenamento;6;498.76
6146;SKU-16139;Item 16139 Energia - Modelo 40;Energia;13;502.23
6147;SKU-16140;Item 16140 Periféricos - Modelo 41;Periféricos;20;505.70
6148;SKU-16141;Item 16141 Monitores - Modelo 42;Monitores;27;509.17
6149;SKU-16142;Item 16142 Áudio - Modelo 43;Áudio;34;512.64
6150;SKU-16143;Item 16143 Vídeo - Modelo 44;Vídeo;41;516.11
6151;SKU-16144;Item 16144 Computadores - Modelo 45;Computadores;48;519.58
6152;SKU-16145;Item 16145 Redes - Modelo 46;Redes;55;523.05
6153;SKU-16146;Item 16146 Impressão - Modelo 47;Impressão;62;526.52
6154;SKU-16147;Item 16147 Acessórios - Modelo 48;Acessórios;69;529.99
6155;SKU-16148;Item 16148 Armazenamento - Modelo 49;Armazenamento;76;533.46
6156;SKU-16149;Item 16149 Energia - Modelo 50;Energia;83;536.93
6157;SKU-16150;Item 16150 Periféricos - Modelo 51;Periféricos;90;540.40
6158;SKU-16151;Item 16151 Monitores - Modelo 52;Monitores;97;543.87
6159;SKU-16152;Item 16152 Áudio - Modelo 53;Áudio;104;547.34
6160;SKU-16153;Item 16153 Vídeo - Modelo 54;Vídeo;111;550.81
6161;SKU-16154;Item 16154 Computadores - Modelo 55;Computadores;118;554.28
6162;SKU-16155;Item 16155 Redes - Modelo 56;Redes;5;557.75
6163;SKU-16156;Item 16156 Impressão - Modelo 57;Impressão;12;561.22
6164;SKU-16157;Item 16157 Acessórios - Modelo 58;Acessórios;19;564.69
6165;SKU-16158;Item 16158 Armazenamento - Modelo 59;Armazenamento;26;568.16
6166;SKU-16159;Item 16159 Energia - Modelo 60;Energia;33;571.63
6167;SKU-16160;Item 16160 Periféricos - Modelo 61;Periféricos;40;575.10
6168;SKU-16161;Item 16161 Monitores - Modelo 62;Monitores;47;578.57
6169;SKU-16162;Item 16162 Áudio - Modelo 63;Áudio;54;582.04
6170;SKU-16163;Item 16163 Vídeo - Modelo 64;Vídeo;61;585.51
6171;SKU-16164;Item 16164 Computadores - Modelo 65;Computadores;68;588.98
6172;SKU-16165;Item 16165 Redes - Modelo 66;Redes;75;592.45
6173;SKU-16166;Item 16166 Impressão - Modelo 67;Impressão;82;595.92
6174;SKU-16167;Item 16167 Acessórios - Modelo 68;Acessórios;89;599.39
6175;SKU-16168;Item 16168 Armazenamento - Modelo 69;Armazenamento;96;602.86
6176;SKU-16169;Item 16169 Energia - Modelo 70;Energia;103;606.33
6177;SKU-16170;Item 16170 Periféricos - Modelo 71;Periféricos;110;609.80
6178;SKU-16171;Item 16171 Monitores - Modelo 72;Monitores;117;613.27
6179;SKU-16172;Item 16172 Áudio - Modelo 73;Áudio;4;616.74
6180;SKU-16173;Item 16173 Vídeo - Modelo 74;Vídeo;11;620.21
6181;SKU-16174;Item 16174 Computadores - Modelo 75;Computadores;18;623.68
6182;SKU-16175;Item 16175 Redes - Modelo 76;Redes;25;627.15
6183;SKU-16176;Item 16176 Impressão - Modelo 77;Impressão;32;630.62
6184;SKU-16177;Item 16177 Acessórios - Modelo 78;Acessórios;39;634.09
6185;SKU-16178;Item 16178 Armazenamento - Modelo 79;Armazenamento;46;637.56
6186;SKU-16179;Item 16179 Energia - Modelo 80;Energia;53;641.03
6187;SKU-16180;Item 16180 Periféricos - Modelo 81;Periféricos;60;644.50
6188;SKU-16181;Item 16181 Monitores - Modelo 82;Monitores;67;647.97
6189;SKU-16182;Item 16182 Áudio - Modelo 83;Áudio;74;651.44
6190;SKU-16183;Item 16183 Vídeo - Modelo 84;Vídeo;81;654.91
6191;SKU-16184;Item 16184 Computadores - Modelo 85;Computadores;88;658.38
6192;SKU-16185;Item 16185 Redes - Modelo 86;Redes;95;661.85
6193;SKU-16186;Item 16186 Impressão - Modelo 87;Impressão;102;665.32
6194;SKU-16187;Item 16187 Acessórios - Modelo 88;Acessórios;109;668.79
6195;SKU-16188;Item 16188 Armazenamento - Modelo 89;Armazenamento;116;672.26
6196;SKU-16189;Item 16189 Energia - Modelo 90;Energia;3;675.73
6197;SKU-16190;Item 16190 Periféricos - Modelo 91;Periféricos;10;679.20
6198;SKU-16191;Item 16191 Monitores - Modelo 92;Monitores;17;682.67
6199;SKU-16192;Item 16192 Áudio - Modelo 93;Áudio;24;686.14
6200;SKU-16193;Item 16193 Vídeo - Modelo 94;Vídeo;31;689.61
6201;SKU-16194;Item 16194 Computadores - Modelo 95;Computadores;38;693.08
6202;SKU-16195;Item 16195 Redes - Modelo 96;Redes;45;696.55
6203;SKU-16196;Item 16196 Impressão - Modelo 97;Impressão;52;700.02
6204;SKU-16197;Item 16197 Acessórios - Modelo 98;Acessórios;59;703.49
6205;SKU-16198;Item 16198 Armazenamento - Modelo 99;Armazenamento;66;706.96
6206;SKU-16199;Item 16199 Energia - Modelo 100;Energia;73;710.43
6207;SKU-16200;Item 16200 Periféricos - Modelo 1;Periféricos;80;713.90
6208;SKU-16201;Item 16201 Monitores - Modelo 2;Monitores;87;717.37
6209;SKU-16202;Item 16202 Áudio - Modelo 3;Áudio;94;720.84
6210;SKU-16203;Item 16203 Vídeo - Modelo 4;Vídeo;101;724.31
6211;SKU-16204;Item 16204 Computadores - Modelo 5;Computadores;108;727.78
6212;SKU-16205;Item 16205 Redes - Modelo 6;Redes;115;731.25
6213;SKU-16206;Item 16206 Impressão - Modelo 7;Impressão;2;734.72
6214;SKU-16207;Item 16207 Acessórios - Modelo 8;Acessórios;9;738.19
6215;SKU-16208;Item 16208 Armazenamento - Modelo 9;Armazenamento;16;741.66
6216;SKU-16209;Item 16209 Energia - Modelo 10;Energia;23;745.13
6217;SKU-16210;Item 16210 Periféricos - Modelo 11;Periféricos;30;748.60
6218;SKU-16211;Item 16211 Monitores - Modelo 12;Monitores;37;752.07
6219;SKU-16212;Item 16212 Áudio - Modelo 13;Áudio;44;755.54
6220;SKU-16213;Item 16213 Vídeo - Modelo 14;Vídeo;51;759.01
6221;SKU-16214;Item 16214 Computadores - Modelo 15;Computadores;58;762.48
6222;SKU-16215;Item 16215 Redes - Modelo 16;Redes;65;765.95
6223;SKU-16216;Item 16216 Impressão - Modelo 17;Impressão;72;769.42
6224;SKU-16217;Item 16217 Acessórios - Modelo 18;Acessórios;79;772.89
6225;SKU-16218;Item 16218 Armazenamento - Modelo 19;Armazenamento;86;776.36
6226;SKU-16219;Item 16219 Energia - Modelo 20;Energia;93;779.83
6227;SKU-16220;Item 16220 Periféricos - Modelo 21;Periféricos;100;783.30
6228;SKU-16221;Item 16221 Monitores - Modelo 22;Monitores;107;786.77
6229;SKU-16222;Item 16222 Áudio - Modelo 23;Áudio;114;790.24
6230;SKU-16223;Item 16223 Vídeo - Modelo 24;Vídeo;1;793.71
6231;SKU-16224;Item 16224 Computadores - Modelo 25;Computadores;8;797.18
6232;SKU-16225;Item 16225 Redes - Modelo 26;Redes;15;800.65
6233;SKU-16226;Item 16226 Impressão - Modelo 27;Impressão;22;804.12
6234;SKU-16227;Item 16227 Acessórios - Modelo 28;Acessórios;29;807.59
6235;SKU-16228;Item 16228 Armazenamento - Modelo 29;Armazenamento;36;811.06
6236;SKU-16229;Item 16229 Energia - Modelo 30;Energia;43;814.53
6237;SKU-16230;Item 16230 Periféricos - Modelo 31;Periféricos;50;818.00
6238;SKU-16231;Item 16231 Monitores - Modelo 32;Monitores;57;821.47
6239;SKU-16232;Item 16232 Áudio - Modelo 33;Áudio;64;824.94
6240;SKU-16233;Item 16233 Vídeo - Modelo 34;Vídeo;71;828.41
6241;SKU-16234;Item 16234 Computadores - Modelo 35;Computadores;78;831.88
6242;SKU-16235;Item 16235 Redes - Modelo 36;Redes;85;835.35
6243;SKU-16236;Item 16236 Impressão - Modelo 37;Impressão;92;838.82
6244;SKU-16237;Item 16237 Acessórios - Modelo 38;Acessórios;99;842.29
6245;SKU-16238;Item 16238 Armazenamento - Modelo 39;Armazenamento;106;845.76
6246;SKU-16239;Item 16239 Energia - Modelo 40;Energia;113;849.23
6247;SKU-16240;Item 16240 Periféricos - Modelo 41;Periféricos;0;852.70
6248;SKU-16241;Item 16241 Monitores - Modelo 42;Monitores;7;856.17
6249;SKU-16242;Item 16242 Áudio - Modelo 43;Áudio;14;859.64
6250;SKU-16243;Item 16243 Vídeo - Modelo 44;Vídeo;21;863.11
6251;SKU-16244;Item 16244 Computadores - Modelo 45;Computadores;28;866.58
6252;SKU-16245;Item 16245 Redes - Modelo 46;Redes;35;870.05
6253;SKU-16246;Item 16246 Impressão - Modelo 47;Impressão;42;873.52
6254;SKU-16247;Item 16247 Acessórios - Modelo 48;Acessórios;49;876.99
6255;SKU-16248;Item 16248 Armazenamento - Modelo 49;Armazenamento;56;880.46
6256;SKU-16249;Item 16249 Energia - Modelo 50;Energia;63;883.93
6257;SKU-16250;Item 16250 Periféricos - Modelo 51;Periféricos;70;887.40
6258;SKU-16251;Item 16251 Monitores - Modelo 52;Monitores;77;890.87
6259;SKU-16252;Item 16252 Áudio - Modelo 53;Áudio;84;894.34
6260;SKU-16253;Item 16253 Vídeo - Modelo 54;Vídeo;91;897.81
6261;SKU-16254;Item 16254 Computadores - Modelo 55;Computadores;98;901.28
6262;SKU-16255;Item 16255 Redes - Modelo 56;Redes;105;904.75
6263;SKU-16256;Item 16256 Impressão - Modelo 57;Impressão;112;908.22
6264;SKU-16257;Item 16257 Acessórios - Modelo 58;Acessórios;119;911.69
6265;SKU-16258;Item 16258 Armazenamento - Modelo 59;Armazenamento;6;915.16
6266;SKU-16259;Item 16259 Energia - Modelo 60;Energia;13;918.63
6267;SKU-16260;Item 16260 Periféricos - Modelo 61;Periféricos;20;922.10
6268;SKU-16261;Item 16261 Monitores - Modelo 62;Monitores;27;925.57
6269;SKU-16262;Item 16262 Áudio - Modelo 63;Áudio;34;929.04
6270;SKU-16263;Item 16263 Vídeo - Modelo 64;Vídeo;41;932.51
6271;SKU-16264;Item 16264 Computadores - Modelo 65;Computadores;48;935.98
6272;SKU-16265;Item 16265 Redes - Modelo 66;Redes;55;939.45
6273;SKU-16266;Item 16266 Impressão - Modelo 67;Impressão;62;942.92
6274;SKU-16267;Item 16267 Acessórios - Modelo 68;Acessórios;69;946.39
6275;SKU-16268;Item 16268 Armazenamento - Modelo 69;Armazenamento;76;949.86
6276;SKU-16269;Item 16269 Energia - Modelo 70;Energia;83;953.33
6277;SKU-16270;Item 16270 Periféricos - Modelo 71;Periféricos;90;956.80
6278;SKU-16271;Item 16271 Monitores - Modelo 72;Monitores;97;960.27
6279;SKU-16272;Item 16272 Áudio - Modelo 73;Áudio;104;963.74
6280;SKU-16273;Item 16273 Vídeo - Modelo 74;Vídeo;111;967.21
6281;SKU-16274;Item 16274 Computadores - Modelo 75;Computadores;118;970.68
6282;SKU-16275;Item 16275 Redes - Modelo 76;Redes;5;974.15
6283;SKU-16276;Item 16276 Impressão - Modelo 77;Impressão;12;977.62
6284;SKU-16277;Item 16277 Acessórios - Modelo 78;Acessórios;19;981.09
6285;SKU-16278;Item 16278 Armazenamento - Modelo 79;Armazenamento;26;984.56
6286;SKU-16279;Item 16279 Energia - Modelo 80;Energia;33;988.03
6287;SKU-16280;Item 16280 Periféricos - Modelo 81;Periféricos;40;991.50
6288;SKU-16281;Item 16281 Monitores - Modelo 82;Monitores;47;994.97
6289;SKU-16282;Item 16282 Áudio - Modelo 83;Áudio;54;998.44
6290;SKU-16283;Item 16283 Vídeo - Modelo 84;Vídeo;61;1001.91
6291;SKU-16284;Item 16284 Computadores - Modelo 85;Computadores;68;1005.38
6292;SKU-16285;Item 16285 Redes - Modelo 86;Redes;75;1008.85
6293;SKU-16286;Item 16286 Impressão - Modelo 87;Impressão;82;1012.32
6294;SKU-16287;Item 16287 Acessórios - Modelo 88;Acessórios;89;1015.79
6295;SKU-16288;Item 16288 Armazenamento - Modelo 89;Armazenamento;96;1019.26
6296;SKU-16289;Item 16289 Energia - Modelo 90;Energia;103;1022.73
6297;SKU-16290;Item 16290 Periféricos - Modelo 91;Periféricos;110;1026.20
6298;SKU-16291;Item 16291 Monitores - Modelo 92;Monitores;117;1029.67
6299;SKU-16292;Item 16292 Áudio - Modelo 93;Áudio;4;1033.14
6300;SKU-16293;Item 16293 Vídeo - Modelo 94;Vídeo;11;1036.61
6301;SKU-16294;Item 16294 Computadores - Modelo 95;Computadores;18;1040.08
6302;SKU-16295;Item 16295 Redes - Modelo 96;Redes;25;1043.55
6303;SKU-16296;Item 16296 Impressão - Modelo 97;Impressão;32;1047.02
6304;SKU-16297;Item 16297 Acessórios - Modelo 98;Acessórios;39;1050.49
6305;SKU-16298;Item 16298 Armazenamento - Modelo 99;Armazenamento;46;1053.96
6306;SKU-16299;Item 16299 Energia - Modelo 100;Energia;53;1057.43
6307;SKU-16300;Item 16300 Periféricos - Modelo 1;Periféricos;60;1060.90
6308;SKU-16301;Item 16301 Monitores - Modelo 2;Monitores;67;1064.37
6309;SKU-16302;Item 16302 Áudio - Modelo 3;Áudio;74;1067.84
6310;SKU-16303;Item 16303 Vídeo - Modelo 4;Vídeo;81;1071.31
6311;SKU-16304;Item 16304 Computadores - Modelo 5;Computadores;88;1074.78
6312;SKU-16305;Item 16305 Redes - Modelo 6;Redes;95;1078.25
6313;SKU-16306;Item 16306 Impressão - Modelo 7;Impressão;102;1081.72
6314;SKU-16307;Item 16307 Acessórios - Modelo 8;Acessórios;109;1085.19
6315;SKU-16308;Item 16308 Armazenamento - Modelo 9;Armazenamento;116;1088.66
6316;SKU-16309;Item 16309 Energia - Modelo 10;Energia;3;1092.13
6317;SKU-16310;Item 16310 Periféricos - Modelo 11;Periféricos;10;1095.60
6318;SKU-16311;Item 16311 Monitores - Modelo 12;Monitores;17;1099.07
6319;SKU-16312;Item 16312 Áudio - Modelo 13;Áudio;24;1102.54
6320;SKU-16313;Item 16313 Vídeo - Modelo 14;Vídeo;31;1106.01
6321;SKU-16314;Item 16314 Computadores - Modelo 15;Computadores;38;1109.48
6322;SKU-16315;Item 16315 Redes - Modelo 16;Redes;45;1112.95
6323;SKU-16316;Item 16316 Impressão - Modelo 17;Impressão;52;1116.42
6324;SKU-16317;Item 16317 Acessórios - Modelo 18;Acessórios;59;1119.89
6325;SKU-16318;Item 16318 Armazenamento - Modelo 19;Armazenamento;66;1123.36
6326;SKU-16319;Item 16319 Energia - Modelo 20;Energia;73;1126.83
6327;SKU-16320;Item 16320 Periféricos - Modelo 21;Periféricos;80;1130.30
6328;SKU-16321;Item 16321 Monitores - Modelo 22;Monitores;87;1133.77
6329;SKU-16322;Item 16322 Áudio - Modelo 23;Áudio;94;1137.24
6330;SKU-16323;Item 16323 Vídeo - Modelo 24;Vídeo;101;1140.71
6331;SKU-16324;Item 16324 Computadores - Modelo 25;Computadores;108;1144.18
6332;SKU-16325;Item 16325 Redes - Modelo 26;Redes;115;1147.65
6333;SKU-16326;Item 16326 Impressão - Modelo 27;Impressão;2;1151.12
6334;SKU-16327;Item 16327 Acessórios - Modelo 28;Acessórios;9;1154.59
6335;SKU-16328;Item 16328 Armazenamento - Modelo 29;Armazenamento;16;1158.06
6336;SKU-16329;Item 16329 Energia - Modelo 30;Energia;23;1161.53
6337;SKU-16330;Item 16330 Periféricos - Modelo 31;Periféricos;30;1165.00
6338;SKU-16331;Item 16331 Monitores - Modelo 32;Monitores;37;1168.47
6339;SKU-16332;Item 16332 Áudio - Modelo 33;Áudio;44;1171.94
6340;SKU-16333;Item 16333 Vídeo - Modelo 34;Vídeo;51;1175.41
6341;SKU-16334;Item 16334 Computadores - Modelo 35;Computadores;58;1178.88
6342;SKU-16335;Item 16335 Redes - Modelo 36;Redes;65;1182.35
6343;SKU-16336;Item 16336 Impressão - Modelo 37;Impressão;72;1185.82
6344;SKU-16337;Item 16337 Acessórios - Modelo 38;Acessórios;79;1189.29
6345;SKU-16338;Item 16338 Armazenamento - Modelo 39;Armazenamento;86;1192.76
6346;SKU-16339;Item 16339 Energia - Modelo 40;Energia;93;1196.23
6347;SKU-16340;Item 16340 Periféricos - Modelo 41;Periféricos;100;1199.70
6348;SKU-16341;Item 16341 Monitores - Modelo 42;Monitores;107;1203.17
6349;SKU-16342;Item 16342 Áudio - Modelo 43;Áudio;114;1206.64
6350;SKU-16343;Item 16343 Vídeo - Modelo 44;Vídeo;1;1210.11
6351;SKU-16344;Item 16344 Computadores - Modelo 45;Computadores;8;1213.58
6352;SKU-16345;Item 16345 Redes - Modelo 46;Redes;15;1217.05
6353;SKU-16346;Item 16346 Impressão - Modelo 47;Impressão;22;1220.52
6354;SKU-16347;Item 16347 Acessórios - Modelo 48;Acessórios;29;1223.99
6355;SKU-16348;Item 16348 Armazenamento - Modelo 49;Armazenamento;36;1227.46
6356;SKU-16349;Item 16349 Energia - Modelo 50;Energia;43;1230.93
6357;SKU-16350;Item 16350 Periféricos - Modelo 51;Periféricos;50;1234.40
6358;SKU-16351;Item 16351 Monitores - Modelo 52;Monitores;57;1237.87
6359;SKU-16352;Item 16352 Áudio - Modelo 53;Áudio;64;1241.34
6360;SKU-16353;Item 16353 Vídeo - Modelo 54;Vídeo;71;1244.81
6361;SKU-16354;Item 16354 Computadores - Modelo 55;Computadores;78;1248.28
6362;SKU-16355;Item 16355 Redes - Modelo 56;Redes;85;1251.75
6363;SKU-16356;Item 16356 Impressão - Modelo 57;Impressão;92;1255.22
6364;SKU-16357;Item 16357 Acessórios - Modelo 58;Acessórios;99;1258.69
6365;SKU-16358;Item 16358 Armazenamento - Modelo 59;Armazenamento;106;1262.16
6366;SKU-16359;Item 16359 Energia - Modelo 60;Energia;113;1265.63
6367;SKU-16360;Item 16360 Periféricos - Modelo 61;Periféricos;0;1269.10
6368;SKU-16361;Item 16361 Monitores - Modelo 62;Monitores;7;1272.57
6369;SKU-16362;Item 16362 Áudio - Modelo 63;Áudio;14;1276.04
6370;SKU-16363;Item 16363 Vídeo - Modelo 64;Vídeo;21;1279.51
6371;SKU-16364;Item 16364 Computadores - Modelo 65;Computadores;28;1282.98
6372;SKU-16365;Item 16365 Redes - Modelo 66;Redes;35;1286.45
6373;SKU-16366;Item 16366 Impressão - Modelo 67;Impressão;42;1289.92
6374;SKU-16367;Item 16367 Acessórios - Modelo 68;Acessórios;49;1293.39
6375;SKU-16368;Item 16368 Armazenamento - Modelo 69;Armazenamento;56;1296.86
6376;SKU-16369;Item 16369 Energia - Modelo 70;Energia;63;1300.33
6377;SKU-16370;Item 16370 Periféricos - Modelo 71;Periféricos;70;1303.80
6378;SKU-16371;Item 16371 Monitores - Modelo 72;Monitores;77;1307.27
6379;SKU-16372;Item 16372 Áudio - Modelo 73;Áudio;84;1310.74
6380;SKU-16373;Item 16373 Vídeo - Modelo 74;Vídeo;91;1314.21
6381;SKU-16374;Item 16374 Computadores - Modelo 75;Computadores;98;1317.68
6382;SKU-16375;Item 16375 Redes - Modelo 76;Redes;105;1321.15
6383;SKU-16376;Item 16376 Impressão - Modelo 77;Impressão;112;1324.62
6384;SKU-16377;Item 16377 Acessórios - Modelo 78;Acessórios;119;1328.09
6385;SKU-16378;Item 16378 Armazenamento - Modelo 79;Armazenamento;6;1331.56
6386;SKU-16379;Item 16379 Energia - Modelo 80;Energia;13;1335.03
6387;SKU-16380;Item 16380 Periféricos - Modelo 81;Periféricos;20;1338.50
6388;SKU-16381;Item 16381 Monitores - Modelo 82;Monitores;27;1341.97
6389;SKU-16382;Item 16382 Áudio - Modelo 83;Áudio;34;1345.44
6390;SKU-16383;Item 16383 Vídeo - Modelo 84;Vídeo;41;1348.91
6391;SKU-16384;Item 16384 Computadores - Modelo 85;Computadores;48;1352.38
6392;SKU-16385;Item 16385 Redes - Modelo 86;Redes;55;1355.85
6393;SKU-16386;Item 16386 Impressão - Modelo 87;Impressão;62;1359.32
6394;SKU-16387;Item 16387 Acessórios - Modelo 88;Acessórios;69;1362.79
6395;SKU-16388;Item 16388 Armazenamento - Modelo 89;Armazenamento;76;1366.26
6396;SKU-16389;Item 16389 Energia - Modelo 90;Energia;83;1369.73
6397;SKU-16390;Item 16390 Periféricos - Modelo 91;Periféricos;90;1373.20
6398;SKU-16391;Item 16391 Monitores - Modelo 92;Monitores;97;1376.67
6399;SKU-16392;Item 16392 Áudio - Modelo 93;Áudio;104;1380.14
6400;SKU-16393;Item 16393 Vídeo - Modelo 94;Vídeo;111;1383.61
6401;SKU-16394;Item 16394 Computadores - Modelo 95;Computadores;118;1387.08
6402;SKU-16395;Item 16395 Redes - Modelo 96;Redes;5;1390.55
6403;SKU-16396;Item 16396 Impressão - Modelo 97;Impressão;12;1394.02
6404;SKU-16397;Item 16397 Acessórios - Modelo 98;Acessórios;19;1397.49
6405;SKU-16398;Item 16398 Armazenamento - Modelo 99;Armazenamento;26;1400.96
6406;SKU-16399;Item 16399 Energia - Modelo 100;Energia;33;1404.43
6407;SKU-16400;Item 16400 Periféricos - Modelo 1;Periféricos;40;1407.90
6408;SKU-16401;Item 16401 Monitores - Modelo 2;Monitores;47;1411.37
6409;SKU-16402;Item 16402 Áudio - Modelo 3;Áudio;54;1414.84
6410;SKU-16403;Item 16403 Vídeo - Modelo 4;Vídeo;61;1418.31
6411;SKU-16404;Item 16404 Computadores - Modelo 5;Computadores;68;1421.78
6412;SKU-16405;Item 16405 Redes - Modelo 6;Redes;75;1425.25
6413;SKU-16406;Item 16406 Impressão - Modelo 7;Impressão;82;1428.72
6414;SKU-16407;Item 16407 Acessórios - Modelo 8;Acessórios;89;1432.19
6415;SKU-16408;Item 16408 Armazenamento - Modelo 9;Armazenamento;96;1435.66
6416;SKU-16409;Item 16409 Energia - Modelo 10;Energia;103;1439.13
6417;SKU-16410;Item 16410 Periféricos - Modelo 11;Periféricos;110;1442.60
6418;SKU-16411;Item 16411 Monitores - Modelo 12;Monitores;117;1446.07
6419;SKU-16412;Item 16412 Áudio - Modelo 13;Áudio;4;1449.54
6420;SKU-16413;Item 16413 Vídeo - Modelo 14;Vídeo;11;1453.01
6421;SKU-16414;Item 16414 Computadores - Modelo 15;Computadores;18;1456.48
6422;SKU-16415;Item 16415 Redes - Modelo 16;Redes;25;1459.95
6423;SKU-16416;Item 16416 Impressão - Modelo 17;Impressão;32;1463.42
6424;SKU-16417;Item 16417 Acessórios - Modelo 18;Acessórios;39;1466.89
6425;SKU-16418;Item 16418 Armazenamento - Modelo 19;Armazenamento;46;1470.36
6426;SKU-16419;Item 16419 Energia - Modelo 20;Energia;53;1473.83
6427;SKU-16420;Item 16420 Periféricos - Modelo 21;Periféricos;60;1477.30
6428;SKU-16421;Item 16421 Monitores - Modelo 22;Monitores;67;1480.77
6429;SKU-16422;Item 16422 Áudio - Modelo 23;Áudio;74;1484.24
6430;SKU-16423;Item 16423 Vídeo - Modelo 24;Vídeo;81;1487.71
6431;SKU-16424;Item 16424 Computadores - Modelo 25;Computadores;88;1491.18
6432;SKU-16425;Item 16425 Redes - Modelo 26;Redes;95;1494.65
6433;SKU-16426;Item 16426 Impressão - Modelo 27;Impressão;102;1498.12
6434;SKU-16427;Item 16427 Acessórios - Modelo 28;Acessórios;109;1501.59
6435;SKU-16428;Item 16428 Armazenamento - Modelo 29;Armazenamento;116;1505.06
6436;SKU-16429;Item 16429 Energia - Modelo 30;Energia;3;1508.53
6437;SKU-16430;Item 16430 Periféricos - Modelo 31;Periféricos;10;1512.00
6438;SKU-16431;Item 16431 Monitores - Modelo 32;Monitores;17;1515.47
6439;SKU-16432;Item 16432 Áudio - Modelo 33;Áudio;24;1518.94
6440;SKU-16433;Item 16433 Vídeo - Modelo 34;Vídeo;31;1522.41
6441;SKU-16434;Item 16434 Computadores - Modelo 35;Computadores;38;1525.88
6442;SKU-16435;Item 16435 Redes - Modelo 36;Redes;45;1529.35
6443;SKU-16436;Item 16436 Impressão - Modelo 37;Impressão;52;1532.82
6444;SKU-16437;Item 16437 Acessórios - Modelo 38;Acessórios;59;1536.29
6445;SKU-16438;Item 16438 Armazenamento - Modelo 39;Armazenamento;66;1539.76
6446;SKU-16439;Item 16439 Energia - Modelo 40;Energia;73;1543.23
6447;SKU-16440;Item 16440 Periféricos - Modelo 41;Periféricos;80;1546.70
6448;SKU-16441;Item 16441 Monitores - Modelo 42;Monitores;87;1550.17
6449;SKU-16442;Item 16442 Áudio - Modelo 43;Áudio;94;1553.64
6450;SKU-16443;Item 16443 Vídeo - Modelo 44;Vídeo;101;1557.11
6451;SKU-16444;Item 16444 Computadores - Modelo 45;Computadores;108;1560.58
6452;SKU-16445;Item 16445 Redes - Modelo 46;Redes;115;1564.05
6453;SKU-16446;Item 16446 Impressão - Modelo 47;Impressão;2;1567.52
6454;SKU-16447;Item 16447 Acessórios - Modelo 48;Acessórios;9;1570.99
6455;SKU-16448;Item 16448 Armazenamento - Modelo 49;Armazenamento;16;1574.46
6456;SKU-16449;Item 16449 Energia - Modelo 50;Energia;23;1577.93
6457;SKU-16450;Item 16450 Periféricos - Modelo 51;Periféricos;30;1581.40
6458;SKU-16451;Item 16451 Monitores - Modelo 52;Monitores;37;1584.87
6459;SKU-16452;Item 16452 Áudio - Modelo 53;Áudio;44;1588.34
6460;SKU-16453;Item 16453 Vídeo - Modelo 54;Vídeo;51;1591.81
6461;SKU-16454;Item 16454 Computadores - Modelo 55;Computadores;58;1595.28
6462;SKU-16455;Item 16455 Redes - Modelo 56;Redes;65;1598.75
6463;SKU-16456;Item 16456 Impressão - Modelo 57;Impressão;72;1602.22
6464;SKU-16457;Item 16457 Acessórios - Modelo 58;Acessórios;79;1605.69
6465;SKU-16458;Item 16458 Armazenamento - Modelo 59;Armazenamento;86;1609.16
6466;SKU-16459;Item 16459 Energia - Modelo 60;Energia;93;1612.63
6467;SKU-16460;Item 16460 Periféricos - Modelo 61;Periféricos;100;1616.10
6468;SKU-16461;Item 16461 Monitores - Modelo 62;Monitores;107;1619.57
6469;SKU-16462;Item 16462 Áudio - Modelo 63;Áudio;114;1623.04
6470;SKU-16463;Item 16463 Vídeo - Modelo 64;Vídeo;1;1626.51
6471;SKU-16464;Item 16464 Computadores - Modelo 65;Computadores;8;1629.98
6472;SKU-16465;Item 16465 Redes - Modelo 66;Redes;15;1633.45
6473;SKU-16466;Item 16466 Impressão - Modelo 67;Impressão;22;1636.92
6474;SKU-16467;Item 16467 Acessórios - Modelo 68;Acessórios;29;1640.39
6475;SKU-16468;Item 16468 Armazenamento - Modelo 69;Armazenamento;36;1643.86
6476;SKU-16469;Item 16469 Energia - Modelo 70;Energia;43;1647.33
6477;SKU-16470;Item 16470 Periféricos - Modelo 71;Periféricos;50;1650.80
6478;SKU-16471;Item 16471 Monitores - Modelo 72;Monitores;57;1654.27
6479;SKU-16472;Item 16472 Áudio - Modelo 73;Áudio;64;1657.74
6480;SKU-16473;Item 16473 Vídeo - Modelo 74;Vídeo;71;1661.21
6481;SKU-16474;Item 16474 Computadores - Modelo 75;Computadores;78;1664.68
6482;SKU-16475;Item 16475 Redes - Modelo 76;Redes;85;1668.15
6483;SKU-16476;Item 16476 Impressão - Modelo 77;Impressão;92;1671.62
6484;SKU-16477;Item 16477 Acessórios - Modelo 78;Acessórios;99;1675.09
6485;SKU-16478;Item 16478 Armazenamento - Modelo 79;Armazenamento;106;1678.56
6486;SKU-16479;Item 16479 Energia - Modelo 80;Energia;113;1682.03
6487;SKU-16480;Item 16480 Periféricos - Modelo 81;Periféricos;0;1685.50
6488;SKU-16481;Item 16481 Monitores - Modelo 82;Monitores;7;1688.97
6489;SKU-16482;Item 16482 Áudio - Modelo 83;Áudio;14;1692.44
6490;SKU-16483;Item 16483 Vídeo - Modelo 84;Vídeo;21;1695.91
6491;SKU-16484;Item 16484 Computadores - Modelo 85;Computadores;28;1699.38
6492;SKU-16485;Item 16485 Redes - Modelo 86;Redes;35;1702.85
6493;SKU-16486;Item 16486 Impressão - Modelo 87;Impressão;42;1706.32
6494;SKU-16487;Item 16487 Acessórios - Modelo 88;Acessórios;49;1709.79
6495;SKU-16488;Item 16488 Armazenamento - Modelo 89;Armazenamento;56;1713.26
6496;SKU-16489;Item 16489 Energia - Modelo 90;Energia;63;1716.73
6497;SKU-16490;Item 16490 Periféricos - Modelo 91;Periféricos;70;1720.20
6498;SKU-16491;Item 16491 Monitores - Modelo 92;Monitores;77;1723.67
6499;SKU-16492;Item 16492 Áudio - Modelo 93;Áudio;84;1727.14
6500;SKU-16493;Item 16493 Vídeo - Modelo 94;Vídeo;91;1730.61
6501;SKU-16494;Item 16494 Computadores - Modelo 95;Computadores;98;1734.08
6502;SKU-16495;Item 16495 Redes - Modelo 96;Redes;105;1737.55
6503;SKU-16496;Item 16496 Impressão - Modelo 97;Impressão;112;1741.02
6504;SKU-16497;Item 16497 Acessórios - Modelo 98;Acessórios;119;1744.49
6505;SKU-16498;Item 16498 Armazenamento - Modelo 99;Armazenamento;6;1747.96
6506;SKU-16499;Item 16499 Energia - Modelo 100;Energia;13;1751.43
6507;SKU-16500;Item 16500 Periféricos - Modelo 1;Periféricos;20;19.90
6508;SKU-16501;Item 16501 Monitores - Modelo 2;Monitores;27;23.37
6509;SKU-16502;Item 16502 Áudio - Modelo 3;Áudio;34;26.84
6510;SKU-16503;Item 16503 Vídeo - Modelo 4;Vídeo;41;30.31
6511;SKU-16504;Item 16504 Computadores - Modelo 5;Computadores;48;33.78
6512;SKU-16505;Item 16505 Redes - Modelo 6;Redes;55;37.25
6513;SKU-16506;Item 16506 Impressão - Modelo 7;Impressão;62;40.72
6514;SKU-16507;Item 16507 Acessórios - Modelo 8;Acessórios;69;44.19
6515;SKU-16508;Item 16508 Armazenamento - Modelo 9;Armazenamento;76;47.66
6516;SKU-16509;Item 16509 Energia - Modelo 10;Energia;83;51.13
6517;SKU-16510;Item 16510 Periféricos - Modelo 11;Periféricos;90;54.60
6518;SKU-16511;Item 16511 Monitores - Modelo 12;Monitores;97;58.07
6519;SKU-16512;Item 16512 Áudio - Modelo 13;Áudio;104;61.54
6520;SKU-16513;Item 16513 Vídeo - Modelo 14;Vídeo;111;65.01
6521;SKU-16514;Item 16514 Computadores - Modelo 15;Computadores;118;68.48
6522;SKU-16515;Item 16515 Redes - Modelo 16;Redes;5;71.95
6523;SKU-16516;Item 16516 Impressão - Modelo 17;Impressão;12;75.42
6524;SKU-16517;Item 16517 Acessórios - Modelo 18;Acessórios;19;78.89
6525;SKU-16518;Item 16518 Armazenamento - Modelo 19;Armazenamento;26;82.36
6526;SKU-16519;Item 16519 Energia - Modelo 20;Energia;33;85.83
6527;SKU-16520;Item 16520 Periféricos - Modelo 21;Periféricos;40;89.30
6528;SKU-16521;Item 16521 Monitores - Modelo 22;Monitores;47;92.77
6529;SKU-16522;Item 16522 Áudio - Modelo 23;Áudio;54;96.24
6530;SKU-16523;Item 16523 Vídeo - Modelo 24;Vídeo;61;99.71
6531;SKU-16524;Item 16524 Computadores - Modelo 25;Computadores;68;103.18
6532;SKU-16525;Item 16525 Redes - Modelo 26;Redes;75;106.65
6533;SKU-16526;Item 16526 Impressão - Modelo 27;Impressão;82;110.12
6534;SKU-16527;Item 16527 Acessórios - Modelo 28;Acessórios;89;113.59
6535;SKU-16528;Item 16528 Armazenamento - Modelo 29;Armazenamento;96;117.06
6536;SKU-16529;Item 16529 Energia - Modelo 30;Energia;103;120.53
6537;SKU-16530;Item 16530 Periféricos - Modelo 31;Periféricos;110;124.00
6538;SKU-16531;Item 16531 Monitores - Modelo 32;Monitores;117;127.47
6539;SKU-16532;Item 16532 Áudio - Modelo 33;Áudio;4;130.94
6540;SKU-16533;Item 16533 Vídeo - Modelo 34;Vídeo;11;134.41
6541;SKU-16534;Item 16534 Computadores - Modelo 35;Computadores;18;137.88
6542;SKU-16535;Item 16535 Redes - Modelo 36;Redes;25;141.35
6543;SKU-16536;Item 16536 Impressão - Modelo 37;Impressão;32;144.82
6544;SKU-16537;Item 16537 Acessórios - Modelo 38;Acessórios;39;148.29
6545;SKU-16538;Item 16538 Armazenamento - Modelo 39;Armazenamento;46;151.76
6546;SKU-16539;Item 16539 Energia - Modelo 40;Energia;53;155.23
6547;SKU-16540;Item 16540 Periféricos - Modelo 41;Periféricos;60;158.70
6548;SKU-16541;Item 16541 Monitores - Modelo 42;Monitores;67;162.17
6549;SKU-16542;Item 16542 Áudio - Modelo 43;Áudio;74;165.64
6550;SKU-16543;Item 16543 Vídeo - Modelo 44;Vídeo;81;169.11
6551;SKU-16544;Item 16544 Computadores - Modelo 45;Computadores;88;172.58
6552;SKU-16545;Item 16545 Redes - Modelo 46;Redes;95;176.05
6553;SKU-16546;Item 16546 Impressão - Modelo 47;Impressão;102;179.52
6554;SKU-16547;Item 16547 Acessórios - Modelo 48;Acessórios;109;182.99
6555;SKU-16548;Item 16548 Armazenamento - Modelo 49;Armazenamento;116;186.46
6556;SKU-16549;Item 16549 Energia - Modelo 50;Energia;3;189.93
6557;SKU-16550;Item 16550 Periféricos - Modelo 51;Periféricos;10;193.40
6558;SKU-16551;Item 16551 Monitores - Modelo 52;Monitores;17;196.87
6559;SKU-16552;Item 16552 Áudio - Modelo 53;Áudio;24;200.34
6560;SKU-16553;Item 16553 Vídeo - Modelo 54;Vídeo;31;203.81
6561;SKU-16554;Item 16554 Computadores - Modelo 55;Computadores;38;207.28
6562;SKU-16555;Item 16555 Redes - Modelo 56;Redes;45;210.75
6563;SKU-16556;Item 16556 Impressão - Modelo 57;Impressão;52;214.22
6564;SKU-16557;Item 16557 Acessórios - Modelo 58;Acessórios;59;217.69
6565;SKU-16558;Item 16558 Armazenamento - Modelo 59;Armazenamento;66;221.16
6566;SKU-16559;Item 16559 Energia - Modelo 60;Energia;73;224.63
6567;SKU-16560;Item 16560 Periféricos - Modelo 61;Periféricos;80;228.10
6568;SKU-16561;Item 16561 Monitores - Modelo 62;Monitores;87;231.57
6569;SKU-16562;Item 16562 Áudio - Modelo 63;Áudio;94;235.04
6570;SKU-16563;Item 16563 Vídeo - Modelo 64;Vídeo;101;238.51
6571;SKU-16564;Item 16564 Computadores - Modelo 65;Computadores;108;241.98
6572;SKU-16565;Item 16565 Redes - Modelo 66;Redes;115;245.45
6573;SKU-16566;Item 16566 Impressão - Modelo 67;Impressão;2;248.92
6574;SKU-16567;Item 16567 Acessórios - Modelo 68;Acessórios;9;252.39
6575;SKU-16568;Item 16568 Armazenamento - Modelo 69;Armazenamento;16;255.86
6576;SKU-16569;Item 16569 Energia - Modelo 70;Energia;23;259.33
6577;SKU-16570;Item 16570 Periféricos - Modelo 71;Periféricos;30;262.80
6578;SKU-16571;Item 16571 Monitores - Modelo 72;Monitores;37;266.27
6579;SKU-16572;Item 16572 Áudio - Modelo 73;Áudio;44;269.74
6580;SKU-16573;Item 16573 Vídeo - Modelo 74;Vídeo;51;273.21
6581;SKU-16574;Item 16574 Computadores - Modelo 75;Computadores;58;276.68
6582;SKU-16575;Item 16575 Redes - Modelo 76;Redes;65;280.15
6583;SKU-16576;Item 16576 Impressão - Modelo 77;Impressão;72;283.62
6584;SKU-16577;Item 16577 Acessórios - Modelo 78;Acessórios;79;287.09
6585;SKU-16578;Item 16578 Armazenamento - Modelo 79;Armazenamento;86;290.56
6586;SKU-16579;Item 16579 Energia - Modelo 80;Energia;93;294.03
6587;SKU-16580;Item 16580 Periféricos - Modelo 81;Periféricos;100;297.50
6588;SKU-16581;Item 16581 Monitores - Modelo 82;Monitores;107;300.97
6589;SKU-16582;Item 16582 Áudio - Modelo 83;Áudio;114;304.44
6590;SKU-16583;Item 16583 Vídeo - Modelo 84;Vídeo;1;307.91
6591;SKU-16584;Item 16584 Computadores - Modelo 85;Computadores;8;311.38
6592;SKU-16585;Item 16585 Redes - Modelo 86;Redes;15;314.85
6593;SKU-16586;Item 16586 Impressão - Modelo 87;Impressão;22;318.32
6594;SKU-16587;Item 16587 Acessórios - Modelo 88;Acessórios;29;321.79
6595;SKU-16588;Item 16588 Armazenamento - Modelo 89;Armazenamento;36;325.26
6596;SKU-16589;Item 16589 Energia - Modelo 90;Energia;43;328.73
6597;SKU-16590;Item 16590 Periféricos - Modelo 91;Periféricos;50;332.20
6598;SKU-16591;Item 16591 Monitores - Modelo 92;Monitores;57;335.67
6599;SKU-16592;Item 16592 Áudio - Modelo 93;Áudio;64;339.14
6600;SKU-16593;Item 16593 Vídeo - Modelo 94;Vídeo;71;342.61
6601;SKU-16594;Item 16594 Computadores - Modelo 95;Computadores;78;346.08
6602;SKU-16595;Item 16595 Redes - Modelo 96;Redes;85;349.55
6603;SKU-16596;Item 16596 Impressão - Modelo 97;Impressão;92;353.02
6604;SKU-16597;Item 16597 Acessórios - Modelo 98;Acessórios;99;356.49
6605;SKU-16598;Item 16598 Armazenamento - Modelo 99;Armazenamento;106;359.96
6606;SKU-16599;Item 16599 Energia - Modelo 100;Energia;113;363.43
6607;SKU-16600;Item 16600 Periféricos - Modelo 1;Periféricos;0;366.90
6608;SKU-16601;Item 16601 Monitores - Modelo 2;Monitores;7;370.37
6609;SKU-16602;Item 16602 Áudio - Modelo 3;Áudio;14;373.84
6610;SKU-16603;Item 16603 Vídeo - Modelo 4;Vídeo;21;377.31
6611;SKU-16604;Item 16604 Computadores - Modelo 5;Computadores;28;380.78
6612;SKU-16605;Item 16605 Redes - Modelo 6;Redes;35;384.25
6613;SKU-16606;Item 16606 Impressão - Modelo 7;Impressão;42;387.72
6614;SKU-16607;Item 16607 Acessórios - Modelo 8;Acessórios;49;391.19
6615;SKU-16608;Item 16608 Armazenamento - Modelo 9;Armazenamento;56;394.66
6616;SKU-16609;Item 16609 Energia - Modelo 10;Energia;63;398.13
6617;SKU-16610;Item 16610 Periféricos - Modelo 11;Periféricos;70;401.60
6618;SKU-16611;Item 16611 Monitores - Modelo 12;Monitores;77;405.07
6619;SKU-16612;Item 16612 Áudio - Modelo 13;Áudio;84;408.54
6620;SKU-16613;Item 16613 Vídeo - Modelo 14;Vídeo;91;412.01
6621;SKU-16614;Item 16614 Computadores - Modelo 15;Computadores;98;415.48
6622;SKU-16615;Item 16615 Redes - Modelo 16;Redes;105;418.95
6623;SKU-16616;Item 16616 Impressão - Modelo 17;Impressão;112;422.42
6624;SKU-16617;Item 16617 Acessórios - Modelo 18;Acessórios;119;425.89
6625;SKU-16618;Item 16618 Armazenamento - Modelo 19;Armazenamento;6;429.36
6626;SKU-16619;Item 16619 Energia - Modelo 20;Energia;13;432.83
6627;SKU-16620;Item 16620 Periféricos - Modelo 21;Periféricos;20;436.30
6628;SKU-16621;Item 16621 Monitores - Modelo 22;Monitores;27;439.77
6629;SKU-16622;Item 16622 Áudio - Modelo 23;Áudio;34;443.24
6630;SKU-16623;Item 16623 Vídeo - Modelo 24;Vídeo;41;446.71
6631;SKU-16624;Item 16624 Computadores - Modelo 25;Computadores;48;450.18
6632;SKU-16625;Item 16625 Redes - Modelo 26;Redes;55;453.65
6633;SKU-16626;Item 16626 Impressão - Modelo 27;Impressão;62;457.12
6634;SKU-16627;Item 16627 Acessórios - Modelo 28;Acessórios;69;460.59
6635;SKU-16628;Item 16628 Armazenamento - Modelo 29;Armazenamento;76;464.06
6636;SKU-16629;Item 16629 Energia - Modelo 30;Energia;83;467.53
6637;SKU-16630;Item 16630 Periféricos - Modelo 31;Periféricos;90;471.00
6638;SKU-16631;Item 16631 Monitores - Modelo 32;Monitores;97;474.47
6639;SKU-16632;Item 16632 Áudio - Modelo 33;Áudio;104;477.94
6640;SKU-16633;Item 16633 Vídeo - Modelo 34;Vídeo;111;481.41
6641;SKU-16634;Item 16634 Computadores - Modelo 35;Computadores;118;484.88
6642;SKU-16635;Item 16635 Redes - Modelo 36;Redes;5;488.35
6643;SKU-16636;Item 16636 Impressão - Modelo 37;Impressão;12;491.82
6644;SKU-16637;Item 16637 Acessórios - Modelo 38;Acessórios;19;495.29
6645;SKU-16638;Item 16638 Armazenamento - Modelo 39;Armazenamento;26;498.76
6646;SKU-16639;Item 16639 Energia - Modelo 40;Energia;33;502.23
6647;SKU-16640;Item 16640 Periféricos - Modelo 41;Periféricos;40;505.70
6648;SKU-16641;Item 16641 Monitores - Modelo 42;Monitores;47;509.17
6649;SKU-16642;Item 16642 Áudio - Modelo 43;Áudio;54;512.64
6650;SKU-16643;Item 16643 Vídeo - Modelo 44;Vídeo;61;516.11
6651;SKU-16644;Item 16644 Computadores - Modelo 45;Computadores;68;519.58
6652;SKU-16645;Item 16645 Redes - Modelo 46;Redes;75;523.05
6653;SKU-16646;Item 16646 Impressão - Modelo 47;Impressão;82;526.52
6654;SKU-16647;Item 16647 Acessórios - Modelo 48;Acessórios;89;529.99
6655;SKU-16648;Item 16648 Armazenamento - Modelo 49;Armazenamento;96;533.46
6656;SKU-16649;Item 16649 Energia - Modelo 50;Energia;103;536.93
6657;SKU-16650;Item 16650 Periféricos - Modelo 51;Periféricos;110;540.40
6658;SKU-16651;Item 16651 Monitores - Modelo 52;Monitores;117;543.87
6659;SKU-16652;Item 16652 Áudio - Modelo 53;Áudio;4;547.34
6660;SKU-16653;Item 16653 Vídeo - Modelo 54;Vídeo;11;550.81
6661;SKU-16654;Item 16654 Computadores - Modelo 55;Computadores;18;554.28
6662;SKU-16655;Item 16655 Redes - Modelo 56;Redes;25;557.75
6663;SKU-16656;Item 16656 Impressão - Modelo 57;Impressão;32;561.22
6664;SKU-16657;Item 16657 Acessórios - Modelo 58;Acessórios;39;564.69
6665;SKU-16658;Item 16658 Armazenamento - Modelo 59;Armazenamento;46;568.16
6666;SKU-16659;Item 16659 Energia - Modelo 60;Energia;53;571.63
6667;SKU-16660;Item 16660 Periféricos - Modelo 61;Periféricos;60;575.10
6668;SKU-16661;Item 16661 Monitores - Modelo 62;Monitores;67;578.57
6669;SKU-16662;Item 16662 Áudio - Modelo 63;Áudio;74;582.04
6670;SKU-16663;Item 16663 Vídeo - Modelo 64;Vídeo;81;585.51
6671;SKU-16664;Item 16664 Computadores - Modelo 65;Computadores;88;588.98
6672;SKU-16665;Item 16665 Redes - Modelo 66;Redes;95;592.45
6673;SKU-16666;Item 16666 Impressão - Modelo 67;Impressão;102;595.92
6674;SKU-16667;Item 16667 Acessórios - Modelo 68;Acessórios;109;599.39
6675;SKU-16668;Item 16668 Armazenamento - Modelo 69;Armazenamento;116;602.86
6676;SKU-16669;Item 16669 Energia - Modelo 70;Energia;3;606.33
6677;SKU-16670;Item 16670 Periféricos - Modelo 71;Periféricos;10;609.80
6678;SKU-16671;Item 16671 Monitores - Modelo 72;Monitores;17;613.27
6679;SKU-16672;Item 16672 Áudio - Modelo 73;Áudio;24;616.74
6680;SKU-16673;Item 16673 Vídeo - Modelo 74;Vídeo;31;620.21
6681;SKU-16674;Item 16674 Computadores - Modelo 75;Computadores;38;623.68
6682;SKU-16675;Item 16675 Redes - Modelo 76;Redes;45;627.15
6683;SKU-16676;Item 16676 Impressão - Modelo 77;Impressão;52;630.62
6684;SKU-16677;Item 16677 Acessórios - Modelo 78;Acessórios;59;634.09
6685;SKU-16678;Item 16678 Armazenamento - Modelo 79;Armazenamento;66;637.56
6686;SKU-16679;Item 16679 Energia - Modelo 80;Energia;73;641.03
6687;SKU-16680;Item 16680 Periféricos - Modelo 81;Periféricos;80;644.50
6688;SKU-16681;Item 16681 Monitores - Modelo 82;Monitores;87;647.97
6689;SKU-16682;Item 16682 Áudio - Modelo 83;Áudio;94;651.44
6690;SKU-16683;Item 16683 Vídeo - Modelo 84;Vídeo;101;654.91
6691;SKU-16684;Item 16684 Computadores - Modelo 85;Computadores;108;658.38
6692;SKU-16685;Item 16685 Redes - Modelo 86;Redes;115;661.85
6693;SKU-16686;Item 16686 Impressão - Modelo 87;Impressão;2;665.32
6694;SKU-16687;Item 16687 Acessórios - Modelo 88;Acessórios;9;668.79
6695;SKU-16688;Item 16688 Armazenamento - Modelo 89;Armazenamento;16;672.26
6696;SKU-16689;Item 16689 Energia - Modelo 90;Energia;23;675.73
6697;SKU-16690;Item 16690 Periféricos - Modelo 91;Periféricos;30;679.20
6698;SKU-16691;Item 16691 Monitores - Modelo 92;Monitores;37;682.67
6699;SKU-16692;Item 16692 Áudio - Modelo 93;Áudio;44;686.14
6700;SKU-16693;Item 16693 Vídeo - Modelo 94;Vídeo;51;689.61
6701;SKU-16694;Item 16694 Computadores - Modelo 95;Computadores;58;693.08
6702;SKU-16695;Item 16695 Redes - Modelo 96;Redes;65;696.55
6703;SKU-16696;Item 16696 Impressão - Modelo 97;Impressão;72;700.02
6704;SKU-16697;Item 16697 Acessórios - Modelo 98;Acessórios;79;703.49
6705;SKU-16698;Item 16698 Armazenamento - Modelo 99;Armazenamento;86;706.96
6706;SKU-16699;Item 16699 Energia - Modelo 100;Energia;93;710.43
6707;SKU-16700;Item 16700 Periféricos - Modelo 1;Periféricos;100;713.90
6708;SKU-16701;Item 16701 Monitores - Modelo 2;Monitores;107;717.37
6709;SKU-16702;Item 16702 Áudio - Modelo 3;Áudio;114;720.84
6710;SKU-16703;Item 16703 Vídeo - Modelo 4;Vídeo;1;724.31
6711;SKU-16704;Item 16704 Computadores - Modelo 5;Computadores;8;727.78
6712;SKU-16705;Item 16705 Redes - Modelo 6;Redes;15;731.25
6713;SKU-16706;Item 16706 Impressão - Modelo 7;Impressão;22;734.72
6714;SKU-16707;Item 16707 Acessórios - Modelo 8;Acessórios;29;738.19
6715;SKU-16708;Item 16708 Armazenamento - Modelo 9;Armazenamento;36;741.66
6716;SKU-16709;Item 16709 Energia - Modelo 10;Energia;43;745.13
6717;SKU-16710;Item 16710 Periféricos - Modelo 11;Periféricos;50;748.60
6718;SKU-16711;Item 16711 Monitores - Modelo 12;Monitores;57;752.07
6719;SKU-16712;Item 16712 Áudio - Modelo 13;Áudio;64;755.54
6720;SKU-16713;Item 16713 Vídeo - Modelo 14;Vídeo;71;759.01
6721;SKU-16714;Item 16714 Computadores - Modelo 15;Computadores;78;762.48
6722;SKU-16715;Item 16715 Redes - Modelo 16;Redes;85;765.95
6723;SKU-16716;Item 16716 Impressão - Modelo 17;Impressão;92;769.42
6724;SKU-16717;Item 16717 Acessórios - Modelo 18;Acessórios;99;772.89
6725;SKU-16718;Item 16718 Armazenamento - Modelo 19;Armazenamento;106;776.36
6726;SKU-16719;Item 16719 Energia - Modelo 20;Energia;113;779.83
6727;SKU-16720;Item 16720 Periféricos - Modelo 21;Periféricos;0;783.30
6728;SKU-16721;Item 16721 Monitores - Modelo 22;Monitores;7;786.77
6729;SKU-16722;Item 16722 Áudio - Modelo 23;Áudio;14;790.24
6730;SKU-16723;Item 16723 Vídeo - Modelo 24;Vídeo;21;793.71
6731;SKU-16724;Item 16724 Computadores - Modelo 25;Computadores;28;797.18
6732;SKU-16725;Item 16725 Redes - Modelo 26;Redes;35;800.65
6733;SKU-16726;Item 16726 Impressão - Modelo 27;Impressão;42;804.12
6734;SKU-16727;Item 16727 Acessórios - Modelo 28;Acessórios;49;807.59
6735;SKU-16728;Item 16728 Armazenamento - Modelo 29;Armazenamento;56;811.06
6736;SKU-16729;Item 16729 Energia - Modelo 30;Energia;63;814.53
6737;SKU-16730;Item 16730 Periféricos - Modelo 31;Periféricos;70;818.00
6738;SKU-16731;Item 16731 Monitores - Modelo 32;Monitores;77;821.47
6739;SKU-16732;Item 16732 Áudio - Modelo 33;Áudio;84;824.94
6740;SKU-16733;Item 16733 Vídeo - Modelo 34;Vídeo;91;828.41
6741;SKU-16734;Item 16734 Computadores - Modelo 35;Computadores;98;831.88
6742;SKU-16735;Item 16735 Redes - Modelo 36;Redes;105;835.35
6743;SKU-16736;Item 16736 Impressão - Modelo 37;Impressão;112;838.82
6744;SKU-16737;Item 16737 Acessórios - Modelo 38;Acessórios;119;842.29
6745;SKU-16738;Item 16738 Armazenamento - Modelo 39;Armazenamento;6;845.76
6746;SKU-16739;Item 16739 Energia - Modelo 40;Energia;13;849.23
6747;SKU-16740;Item 16740 Periféricos - Modelo 41;Periféricos;20;852.70
6748;SKU-16741;Item 16741 Monitores - Modelo 42;Monitores;27;856.17
6749;SKU-16742;Item 16742 Áudio - Modelo 43;Áudio;34;859.64
6750;SKU-16743;Item 16743 Vídeo - Modelo 44;Vídeo;41;863.11
6751;SKU-16744;Item 16744 Computadores - Modelo 45;Computadores;48;866.58
6752;SKU-16745;Item 16745 Redes - Modelo 46;Redes;55;870.05
6753;SKU-16746;Item 16746 Impressão - Modelo 47;Impressão;62;873.52
6754;SKU-16747;Item 16747 Acessórios - Modelo 48;Acessórios;69;876.99
6755;SKU-16748;Item 16748 Armazenamento - Modelo 49;Armazenamento;76;880.46
6756;SKU-16749;Item 16749 Energia - Modelo 50;Energia;83;883.93
6757;SKU-16750;Item 16750 Periféricos - Modelo 51;Periféricos;90;887.40
6758;SKU-16751;Item 16751 Monitores - Modelo 52;Monitores;97;890.87
6759;SKU-16752;Item 16752 Áudio - Modelo 53;Áudio;104;894.34
6760;SKU-16753;Item 16753 Vídeo - Modelo 54;Vídeo;111;897.81
6761;SKU-16754;Item 16754 Computadores - Modelo 55;Computadores;118;901.28
6762;SKU-16755;Item 16755 Redes - Modelo 56;Redes;5;904.75
6763;SKU-16756;Item 16756 Impressão - Modelo 57;Impressão;12;908.22
6764;SKU-16757;Item 16757 Acessórios - Modelo 58;Acessórios;19;911.69
6765;SKU-16758;Item 16758 Armazenamento - Modelo 59;Armazenamento;26;915.16
6766;SKU-16759;Item 16759 Energia - Modelo 60;Energia;33;918.63
6767;SKU-16760;Item 16760 Periféricos - Modelo 61;Periféricos;40;922.10
6768;SKU-16761;Item 16761 Monitores - Modelo 62;Monitores;47;925.57
6769;SKU-16762;Item 16762 Áudio - Modelo 63;Áudio;54;929.04
6770;SKU-16763;Item 16763 Vídeo - Modelo 64;Vídeo;61;932.51
6771;SKU-16764;Item 16764 Computadores - Modelo 65;Computadores;68;935.98
6772;SKU-16765;Item 16765 Redes - Modelo 66;Redes;75;939.45
6773;SKU-16766;Item 16766 Impressão - Modelo 67;Impressão;82;942.92
6774;SKU-16767;Item 16767 Acessórios - Modelo 68;Acessórios;89;946.39
6775;SKU-16768;Item 16768 Armazenamento - Modelo 69;Armazenamento;96;949.86
6776;SKU-16769;Item 16769 Energia - Modelo 70;Energia;103;953.33
6777;SKU-16770;Item 16770 Periféricos - Modelo 71;Periféricos;110;956.80
6778;SKU-16771;Item 16771 Monitores - Modelo 72;Monitores;117;960.27
6779;SKU-16772;Item 16772 Áudio - Modelo 73;Áudio;4;963.74
6780;SKU-16773;Item 16773 Vídeo - Modelo 74;Vídeo;11;967.21
6781;SKU-16774;Item 16774 Computadores - Modelo 75;Computadores;18;970.68
6782;SKU-16775;Item 16775 Redes - Modelo 76;Redes;25;974.15
6783;SKU-16776;Item 16776 Impressão - Modelo 77;Impressão;32;977.62
6784;SKU-16777;Item 16777 Acessórios - Modelo 78;Acessórios;39;981.09
6785;SKU-16778;Item 16778 Armazenamento - Modelo 79;Armazenamento;46;984.56
6786;SKU-16779;Item 16779 Energia - Modelo 80;Energia;53;988.03
6787;SKU-16780;Item 16780 Periféricos - Modelo 81;Periféricos;60;991.50
6788;SKU-16781;Item 16781 Monitores - Modelo 82;Monitores;67;994.97
6789;SKU-16782;Item 16782 Áudio - Modelo 83;Áudio;74;998.44
6790;SKU-16783;Item 16783 Vídeo - Modelo 84;Vídeo;81;1001.91
6791;SKU-16784;Item 16784 Computadores - Modelo 85;Computadores;88;1005.38
6792;SKU-16785;Item 16785 Redes - Modelo 86;Redes;95;1008.85
6793;SKU-16786;Item 16786 Impressão - Modelo 87;Impressão;102;1012.32
6794;SKU-16787;Item 16787 Acessórios - Modelo 88;Acessórios;109;1015.79
6795;SKU-16788;Item 16788 Armazenamento - Modelo 89;Armazenamento;116;1019.26
6796;SKU-16789;Item 16789 Energia - Modelo 90;Energia;3;1022.73
6797;SKU-16790;Item 16790 Periféricos - Modelo 91;Periféricos;10;1026.20
6798;SKU-16791;Item 16791 Monitores - Modelo 92;Monitores;17;1029.67
6799;SKU-16792;Item 16792 Áudio - Modelo 93;Áudio;24;1033.14
6800;SKU-16793;Item 16793 Vídeo - Modelo 94;Vídeo;31;1036.61
6801;SKU-16794;Item 16794 Computadores - Modelo 95;Computadores;38;1040.08
6802;SKU-16795;Item 16795 Redes - Modelo 96;Redes;45;1043.55
6803;SKU-16796;Item 16796 Impressão - Modelo 97;Impressão;52;1047.02
6804;SKU-16797;Item 16797 Acessórios - Modelo 98;Acessórios;59;1050.49
6805;SKU-16798;Item 16798 Armazenamento - Modelo 99;Armazenamento;66;1053.96
6806;SKU-16799;Item 16799 Energia - Modelo 100;Energia;73;1057.43
6807;SKU-16800;Item 16800 Periféricos - Modelo 1;Periféricos;80;1060.90
6808;SKU-16801;Item 16801 Monitores - Modelo 2;Monitores;87;1064.37
6809;SKU-16802;Item 16802 Áudio - Modelo 3;Áudio;94;1067.84
6810;SKU-16803;Item 16803 Vídeo - Modelo 4;Vídeo;101;1071.31
6811;SKU-16804;Item 16804 Computadores - Modelo 5;Computadores;108;1074.78
6812;SKU-16805;Item 16805 Redes - Modelo 6;Redes;115;1078.25
6813;SKU-16806;Item 16806 Impressão - Modelo 7;Impressão;2;1081.72
6814;SKU-16807;Item 16807 Acessórios - Modelo 8;Acessórios;9;1085.19
6815;SKU-16808;Item 16808 Armazenamento - Modelo 9;Armazenamento;16;1088.66
6816;SKU-16809;Item 16809 Energia - Modelo 10;Energia;23;1092.13
6817;SKU-16810;Item 16810 Periféricos - Modelo 11;Periféricos;30;1095.60
6818;SKU-16811;Item 16811 Monitores - Modelo 12;Monitores;37;1099.07
6819;SKU-16812;Item 16812 Áudio - Modelo 13;Áudio;44;1102.54
6820;SKU-16813;Item 16813 Vídeo - Modelo 14;Vídeo;51;1106.01
6821;SKU-16814;Item 16814 Computadores - Modelo 15;Computadores;58;1109.48
6822;SKU-16815;Item 16815 Redes - Modelo 16;Redes;65;1112.95
6823;SKU-16816;Item 16816 Impressão - Modelo 17;Impressão;72;1116.42
6824;SKU-16817;Item 16817 Acessórios - Modelo 18;Acessórios;79;1119.89
6825;SKU-16818;Item 16818 Armazenamento - Modelo 19;Armazenamento;86;1123.36
6826;SKU-16819;Item 16819 Energia - Modelo 20;Energia;93;1126.83
6827;SKU-16820;Item 16820 Periféricos - Modelo 21;Periféricos;100;1130.30
6828;SKU-16821;Item 16821 Monitores - Modelo 22;Monitores;107;1133.77
6829;SKU-16822;Item 16822 Áudio - Modelo 23;Áudio;114;1137.24
6830;SKU-16823;Item 16823 Vídeo - Modelo 24;Vídeo;1;1140.71
6831;SKU-16824;Item 16824 Computadores - Modelo 25;Computadores;8;1144.18
6832;SKU-16825;Item 16825 Redes - Modelo 26;Redes;15;1147.65
6833;SKU-16826;Item 16826 Impressão - Modelo 27;Impressão;22;1151.12
6834;SKU-16827;Item 16827 Acessórios - Modelo 28;Acessórios;29;1154.59
6835;SKU-16828;Item 16828 Armazenamento - Modelo 29;Armazenamento;36;1158.06
6836;SKU-16829;Item 16829 Energia - Modelo 30;Energia;43;1161.53
6837;SKU-16830;Item 16830 Periféricos - Modelo 31;Periféricos;50;1165.00
6838;SKU-16831;Item 16831 Monitores - Modelo 32;Monitores;57;1168.47
6839;SKU-16832;Item 16832 Áudio - Modelo 33;Áudio;64;1171.94
6840;SKU-16833;Item 16833 Vídeo - Modelo 34;Vídeo;71;1175.41
6841;SKU-16834;Item 16834 Computadores - Modelo 35;Computadores;78;1178.88
6842;SKU-16835;Item 16835 Redes - Modelo 36;Redes;85;1182.35
6843;SKU-16836;Item 16836 Impressão - Modelo 37;Impressão;92;1185.82
6844;SKU-16837;Item 16837 Acessórios - Modelo 38;Acessórios;99;1189.29
6845;SKU-16838;Item 16838 Armazenamento - Modelo 39;Armazenamento;106;1192.76
6846;SKU-16839;Item 16839 Energia - Modelo 40;Energia;113;1196.23
6847;SKU-16840;Item 16840 Periféricos - Modelo 41;Periféricos;0;1199.70
6848;SKU-16841;Item 16841 Monitores - Modelo 42;Monitores;7;1203.17
6849;SKU-16842;Item 16842 Áudio - Modelo 43;Áudio;14;1206.64
6850;SKU-16843;Item 16843 Vídeo - Modelo 44;Vídeo;21;1210.11
6851;SKU-16844;Item 16844 Computadores - Modelo 45;Computadores;28;1213.58
6852;SKU-16845;Item 16845 Redes - Modelo 46;Redes;35;1217.05
6853;SKU-16846;Item 16846 Impressão - Modelo 47;Impressão;42;1220.52
6854;SKU-16847;Item 16847 Acessórios - Modelo 48;Acessórios;49;1223.99
6855;SKU-16848;Item 16848 Armazenamento - Modelo 49;Armazenamento;56;1227.46
6856;SKU-16849;Item 16849 Energia - Modelo 50;Energia;63;1230.93
6857;SKU-16850;Item 16850 Periféricos - Modelo 51;Periféricos;70;1234.40
6858;SKU-16851;Item 16851 Monitores - Modelo 52;Monitores;77;1237.87
6859;SKU-16852;Item 16852 Áudio - Modelo 53;Áudio;84;1241.34
6860;SKU-16853;Item 16853 Vídeo - Modelo 54;Vídeo;91;1244.81
6861;SKU-16854;Item 16854 Computadores - Modelo 55;Computadores;98;1248.28
6862;SKU-16855;Item 16855 Redes - Modelo 56;Redes;105;1251.75
6863;SKU-16856;Item 16856 Impressão - Modelo 57;Impressão;112;1255.22
6864;SKU-16857;Item 16857 Acessórios - Modelo 58;Acessórios;119;1258.69
6865;SKU-16858;Item 16858 Armazenamento - Modelo 59;Armazenamento;6;1262.16
6866;SKU-16859;Item 16859 Energia - Modelo 60;Energia;13;1265.63
6867;SKU-16860;Item 16860 Periféricos - Modelo 61;Periféricos;20;1269.10
6868;SKU-16861;Item 16861 Monitores - Modelo 62;Monitores;27;1272.57
6869;SKU-16862;Item 16862 Áudio - Modelo 63;Áudio;34;1276.04
6870;SKU-16863;Item 16863 Vídeo - Modelo 64;Vídeo;41;1279.51
6871;SKU-16864;Item 16864 Computadores - Modelo 65;Computadores;48;1282.98
6872;SKU-16865;Item 16865 Redes - Modelo 66;Redes;55;1286.45
6873;SKU-16866;Item 16866 Impressão - Modelo 67;Impressão;62;1289.92
6874;SKU-16867;Item 16867 Acessórios - Modelo 68;Acessórios;69;1293.39
6875;SKU-16868;Item 16868 Armazenamento - Modelo 69;Armazenamento;76;1296.86
6876;SKU-16869;Item 16869 Energia - Modelo 70;Energia;83;1300.33
6877;SKU-16870;Item 16870 Periféricos - Modelo 71;Periféricos;90;1303.80
6878;SKU-16871;Item 16871 Monitores - Modelo 72;Monitores;97;1307.27
6879;SKU-16872;Item 16872 Áudio - Modelo 73;Áudio;104;1310.74
6880;SKU-16873;Item 16873 Vídeo - Modelo 74;Vídeo;111;1314.21
6881;SKU-16874;Item 16874 Computadores - Modelo 75;Computadores;118;1317.68
6882;SKU-16875;Item 16875 Redes - Modelo 76;Redes;5;1321.15
6883;SKU-16876;Item 16876 Impressão - Modelo 77;Impressão;12;1324.62
6884;SKU-16877;Item 16877 Acessórios - Modelo 78;Acessórios;19;1328.09
6885;SKU-16878;Item 16878 Armazenamento - Modelo 79;Armazenamento;26;1331.56
6886;SKU-16879;Item 16879 Energia - Modelo 80;Energia;33;1335.03
6887;SKU-16880;Item 16880 Periféricos - Modelo 81;Periféricos;40;1338.50
6888;SKU-16881;Item 16881 Monitores - Modelo 82;Monitores;47;1341.97
6889;SKU-16882;Item 16882 Áudio - Modelo 83;Áudio;54;1345.44
6890;SKU-16883;Item 16883 Vídeo - Modelo 84;Vídeo;61;1348.91
6891;SKU-16884;Item 16884 Computadores - Modelo 85;Computadores;68;1352.38
6892;SKU-16885;Item 16885 Redes - Modelo 86;Redes;75;1355.85
6893;SKU-16886;Item 16886 Impressão - Modelo 87;Impressão;82;1359.32
6894;SKU-16887;Item 16887 Acessórios - Modelo 88;Acessórios;89;1362.79
6895;SKU-16888;Item 16888 Armazenamento - Modelo 89;Armazenamento;96;1366.26
6896;SKU-16889;Item 16889 Energia - Modelo 90;Energia;103;1369.73
6897;SKU-16890;Item 16890 Periféricos - Modelo 91;Periféricos;110;1373.20
6898;SKU-16891;Item 16891 Monitores - Modelo 92;Monitores;117;1376.67
6899;SKU-16892;Item 16892 Áudio - Modelo 93;Áudio;4;1380.14
6900;SKU-16893;Item 16893 Vídeo - Modelo 94;Vídeo;11;1383.61
6901;SKU-16894;Item 16894 Computadores - Modelo 95;Computadores;18;1387.08
6902;SKU-16895;Item 16895 Redes - Modelo 96;Redes;25;1390.55
6903;SKU-16896;Item 16896 Impressão - Modelo 97;Impressão;32;1394.02
6904;SKU-16897;Item 16897 Acessórios - Modelo 98;Acessórios;39;1397.49
6905;SKU-16898;Item 16898 Armazenamento - Modelo 99;Armazenamento;46;1400.96
6906;SKU-16899;Item 16899 Energia - Modelo 100;Energia;53;1404.43
6907;SKU-16900;Item 16900 Periféricos - Modelo 1;Periféricos;60;1407.90
6908;SKU-16901;Item 16901 Monitores - Modelo 2;Monitores;67;1411.37
6909;SKU-16902;Item 16902 Áudio - Modelo 3;Áudio;74;1414.84
6910;SKU-16903;Item 16903 Vídeo - Modelo 4;Vídeo;81;1418.31
6911;SKU-16904;Item 16904 Computadores - Modelo 5;Computadores;88;1421.78
6912;SKU-16905;Item 16905 Redes - Modelo 6;Redes;95;1425.25
6913;SKU-16906;Item 16906 Impressão - Modelo 7;Impressão;102;1428.72
6914;SKU-16907;Item 16907 Acessórios - Modelo 8;Acessórios;109;1432.19
6915;SKU-16908;Item 16908 Armazenamento - Modelo 9;Armazenamento;116;1435.66
6916;SKU-16909;Item 16909 Energia - Modelo 10;Energia;3;1439.13
6917;SKU-16910;Item 16910 Periféricos - Modelo 11;Periféricos;10;1442.60
6918;SKU-16911;Item 16911 Monitores - Modelo 12;Monitores;17;1446.07
6919;SKU-16912;Item 16912 Áudio - Modelo 13;Áudio;24;1449.54
6920;SKU-16913;Item 16913 Vídeo - Modelo 14;Vídeo;31;1453.01
6921;SKU-16914;Item 16914 Computadores - Modelo 15;Computadores;38;1456.48
6922;SKU-16915;Item 16915 Redes - Modelo 16;Redes;45;1459.95
6923;SKU-16916;Item 16916 Impressão - Modelo 17;Impressão;52;1463.42
6924;SKU-16917;Item 16917 Acessórios - Modelo 18;Acessórios;59;1466.89
6925;SKU-16918;Item 16918 Armazenamento - Modelo 19;Armazenamento;66;1470.36
6926;SKU-16919;Item 16919 Energia - Modelo 20;Energia;73;1473.83
6927;SKU-16920;Item 16920 Periféricos - Modelo 21;Periféricos;80;1477.30
6928;SKU-16921;Item 16921 Monitores - Modelo 22;Monitores;87;1480.77
6929;SKU-16922;Item 16922 Áudio - Modelo 23;Áudio;94;1484.24
6930;SKU-16923;Item 16923 Vídeo - Modelo 24;Vídeo;101;1487.71
6931;SKU-16924;Item 16924 Computadores - Modelo 25;Computadores;108;1491.18
6932;SKU-16925;Item 16925 Redes - Modelo 26;Redes;115;1494.65
6933;SKU-16926;Item 16926 Impressão - Modelo 27;Impressão;2;1498.12
6934;SKU-16927;Item 16927 Acessórios - Modelo 28;Acessórios;9;1501.59
6935;SKU-16928;Item 16928 Armazenamento - Modelo 29;Armazenamento;16;1505.06
6936;SKU-16929;Item 16929 Energia - Modelo 30;Energia;23;1508.53
6937;SKU-16930;Item 16930 Periféricos - Modelo 31;Periféricos;30;1512.00
6938;SKU-16931;Item 16931 Monitores - Modelo 32;Monitores;37;1515.47
6939;SKU-16932;Item 16932 Áudio - Modelo 33;Áudio;44;1518.94
6940;SKU-16933;Item 16933 Vídeo - Modelo 34;Vídeo;51;1522.41
6941;SKU-16934;Item 16934 Computadores - Modelo 35;Computadores;58;1525.88
6942;SKU-16935;Item 16935 Redes - Modelo 36;Redes;65;1529.35
6943;SKU-16936;Item 16936 Impressão - Modelo 37;Impressão;72;1532.82
6944;SKU-16937;Item 16937 Acessórios - Modelo 38;Acessórios;79;1536.29
6945;SKU-16938;Item 16938 Armazenamento - Modelo 39;Armazenamento;86;1539.76
6946;SKU-16939;Item 16939 Energia - Modelo 40;Energia;93;1543.23
6947;SKU-16940;Item 16940 Periféricos - Modelo 41;Periféricos;100;1546.70
6948;SKU-16941;Item 16941 Monitores - Modelo 42;Monitores;107;1550.17
6949;SKU-16942;Item 16942 Áudio - Modelo 43;Áudio;114;1553.64
6950;SKU-16943;Item 16943 Vídeo - Modelo 44;Vídeo;1;1557.11
6951;SKU-16944;Item 16944 Computadores - Modelo 45;Computadores;8;1560.58
6952;SKU-16945;Item 16945 Redes - Modelo 46;Redes;15;1564.05
6953;SKU-16946;Item 16946 Impressão - Modelo 47;Impressão;22;1567.52
6954;SKU-16947;Item 16947 Acessórios - Modelo 48;Acessórios;29;1570.99
6955;SKU-16948;Item 16948 Armazenamento - Modelo 49;Armazenamento;36;1574.46
6956;SKU-16949;Item 16949 Energia - Modelo 50;Energia;43;1577.93
6957;SKU-16950;Item 16950 Periféricos - Modelo 51;Periféricos;50;1581.40
6958;SKU-16951;Item 16951 Monitores - Modelo 52;Monitores;57;1584.87
6959;SKU-16952;Item 16952 Áudio - Modelo 53;Áudio;64;1588.34
6960;SKU-16953;Item 16953 Vídeo - Modelo 54;Vídeo;71;1591.81
6961;SKU-16954;Item 16954 Computadores - Modelo 55;Computadores;78;1595.28
6962;SKU-16955;Item 16955 Redes - Modelo 56;Redes;85;1598.75
6963;SKU-16956;Item 16956 Impressão - Modelo 57;Impressão;92;1602.22
6964;SKU-16957;Item 16957 Acessórios - Modelo 58;Acessórios;99;1605.69
6965;SKU-16958;Item 16958 Armazenamento - Modelo 59;Armazenamento;106;1609.16
6966;SKU-16959;Item 16959 Energia - Modelo 60;Energia;113;1612.63
6967;SKU-16960;Item 16960 Periféricos - Modelo 61;Periféricos;0;1616.10
6968;SKU-16961;Item 16961 Monitores - Modelo 62;Monitores;7;1619.57
6969;SKU-16962;Item 16962 Áudio - Modelo 63;Áudio;14;1623.04
6970;SKU-16963;Item 16963 Vídeo - Modelo 64;Vídeo;21;1626.51
6971;SKU-16964;Item 16964 Computadores - Modelo 65;Computadores;28;1629.98
6972;SKU-16965;Item 16965 Redes - Modelo 66;Redes;35;1633.45
6973;SKU-16966;Item 16966 Impressão - Modelo 67;Impressão;42;1636.92
6974;SKU-16967;Item 16967 Acessórios - Modelo 68;Acessórios;49;1640.39
6975;SKU-16968;Item 16968 Armazenamento - Modelo 69;Armazenamento;56;1643.86
6976;SKU-16969;Item 16969 Energia - Modelo 70;Energia;63;1647.33
6977;SKU-16970;Item 16970 Periféricos - Modelo 71;Periféricos;70;1650.80
6978;SKU-16971;Item 16971 Monitores - Modelo 72;Monitores;77;1654.27
6979;SKU-16972;Item 16972 Áudio - Modelo 73;Áudio;84;1657.74
6980;SKU-16973;Item 16973 Vídeo - Modelo 74;Vídeo;91;1661.21
6981;SKU-16974;Item 16974 Computadores - Modelo 75;Computadores;98;1664.68
6982;SKU-16975;Item 16975 Redes - Modelo 76;Redes;105;1668.15
6983;SKU-16976;Item 16976 Impressão - Modelo 77;Impressão;112;1671.62
6984;SKU-16977;Item 16977 Acessórios - Modelo 78;Acessórios;119;1675.09
6985;SKU-16978;Item 16978 Armazenamento - Modelo 79;Armazenamento;6;1678.56
6986;SKU-16979;Item 16979 Energia - Modelo 80;Energia;13;1682.03
6987;SKU-16980;Item 16980 Periféricos - Modelo 81;Periféricos;20;1685.50
6988;SKU-16981;Item 16981 Monitores - Modelo 82;Monitores;27;1688.97
6989;SKU-16982;Item 16982 Áudio - Modelo 83;Áudio;34;1692.44
6990;SKU-16983;Item 16983 Vídeo - Modelo 84;Vídeo;41;1695.91
6991;SKU-16984;Item 16984 Computadores - Modelo 85;Computadores;48;1699.38
6992;SKU-16985;Item 16985 Redes - Modelo 86;Redes;55;1702.85
6993;SKU-16986;Item 16986 Impressão - Modelo 87;Impressão;62;1706.32
6994;SKU-16987;Item 16987 Acessórios - Modelo 88;Acessórios;69;1709.79
6995;SKU-16988;Item 16988 Armazenamento - Modelo 89;Armazenamento;76;1713.26
6996;SKU-16989;Item 16989 Energia - Modelo 90;Energia;83;1716.73
6997;SKU-16990;Item 16990 Periféricos - Modelo 91;Periféricos;90;1720.20
6998;SKU-16991;Item 16991 Monitores - Modelo 92;Monitores;97;1723.67
6999;SKU-16992;Item 16992 Áudio - Modelo 93;Áudio;104;1727.14
7000;SKU-16993;Item 16993 Vídeo - Modelo 94;Vídeo;111;1730.61
7001;SKU-16994;Item 16994 Computadores - Modelo 95;Computadores;118;1734.08
7002;SKU-16995;Item 16995 Redes - Modelo 96;Redes;5;1737.55
7003;SKU-16996;Item 16996 Impressão - Modelo 97;Impressão;12;1741.02
7004;SKU-16997;Item 16997 Acessórios - Modelo 98;Acessórios;19;1744.49
7005;SKU-16998;Item 16998 Armazenamento - Modelo 99;Armazenamento;26;1747.96
7006;SKU-16999;Item 16999 Energia - Modelo 100;Energia;33;1751.43
7007;SKU-17000;Item 17000 Periféricos - Modelo 1;Periféricos;40;19.90
7008;SKU-17001;Item 17001 Monitores - Modelo 2;Monitores;47;23.37
7009;SKU-17002;Item 17002 Áudio - Modelo 3;Áudio;54;26.84
7010;SKU-17003;Item 17003 Vídeo - Modelo 4;Vídeo;61;30.31
7011;SKU-17004;Item 17004 Computadores - Modelo 5;Computadores;68;33.78
7012;SKU-17005;Item 17005 Redes - Modelo 6;Redes;75;37.25
7013;SKU-17006;Item 17006 Impressão - Modelo 7;Impressão;82;40.72
7014;SKU-17007;Item 17007 Acessórios - Modelo 8;Acessórios;89;44.19
7015;SKU-17008;Item 17008 Armazenamento - Modelo 9;Armazenamento;96;47.66
7016;SKU-17009;Item 17009 Energia - Modelo 10;Energia;103;51.13
7017;SKU-17010;Item 17010 Periféricos - Modelo 11;Periféricos;110;54.60
7018;SKU-17011;Item 17011 Monitores - Modelo 12;Monitores;117;58.07
7019;SKU-17012;Item 17012 Áudio - Modelo 13;Áudio;4;61.54
7020;SKU-17013;Item 17013 Vídeo - Modelo 14;Vídeo;11;65.01
7021;SKU-17014;Item 17014 Computadores - Modelo 15;Computadores;18;68.48
7022;SKU-17015;Item 17015 Redes - Modelo 16;Redes;25;71.95
7023;SKU-17016;Item 17016 Impressão - Modelo 17;Impressão;32;75.42
7024;SKU-17017;Item 17017 Acessórios - Modelo 18;Acessórios;39;78.89
7025;SKU-17018;Item 17018 Armazenamento - Modelo 19;Armazenamento;46;82.36
7026;SKU-17019;Item 17019 Energia - Modelo 20;Energia;53;85.83
7027;SKU-17020;Item 17020 Periféricos - Modelo 21;Periféricos;60;89.30
7028;SKU-17021;Item 17021 Monitores - Modelo 22;Monitores;67;92.77
7029;SKU-17022;Item 17022 Áudio - Modelo 23;Áudio;74;96.24
7030;SKU-17023;Item 17023 Vídeo - Modelo 24;Vídeo;81;99.71
7031;SKU-17024;Item 17024 Computadores - Modelo 25;Computadores;88;103.18
7032;SKU-17025;Item 17025 Redes - Modelo 26;Redes;95;106.65
7033;SKU-17026;Item 17026 Impressão - Modelo 27;Impressão;102;110.12
7034;SKU-17027;Item 17027 Acessórios - Modelo 28;Acessórios;109;113.59
7035;SKU-17028;Item 17028 Armazenamento - Modelo 29;Armazenamento;116;117.06
7036;SKU-17029;Item 17029 Energia - Modelo 30;Energia;3;120.53
7037;SKU-17030;Item 17030 Periféricos - Modelo 31;Periféricos;10;124.00
7038;SKU-17031;Item 17031 Monitores - Modelo 32;Monitores;17;127.47
7039;SKU-17032;Item 17032 Áudio - Modelo 33;Áudio;24;130.94
7040;SKU-17033;Item 17033 Vídeo - Modelo 34;Vídeo;31;134.41
7041;SKU-17034;Item 17034 Computadores - Modelo 35;Computadores;38;137.88
7042;SKU-17035;Item 17035 Redes - Modelo 36;Redes;45;141.35
7043;SKU-17036;Item 17036 Impressão - Modelo 37;Impressão;52;144.82
7044;SKU-17037;Item 17037 Acessórios - Modelo 38;Acessórios;59;148.29
7045;SKU-17038;Item 17038 Armazenamento - Modelo 39;Armazenamento;66;151.76
7046;SKU-17039;Item 17039 Energia - Modelo 40;Energia;73;155.23
7047;SKU-17040;Item 17040 Periféricos - Modelo 41;Periféricos;80;158.70
7048;SKU-17041;Item 17041 Monitores - Modelo 42;Monitores;87;162.17
7049;SKU-17042;Item 17042 Áudio - Modelo 43;Áudio;94;165.64
7050;SKU-17043;Item 17043 Vídeo - Modelo 44;Vídeo;101;169.11
7051;SKU-17044;Item 17044 Computadores - Modelo 45;Computadores;108;172.58
7052;SKU-17045;Item 17045 Redes - Modelo 46;Redes;115;176.05
7053;SKU-17046;Item 17046 Impressão - Modelo 47;Impressão;2;179.52
7054;SKU-17047;Item 17047 Acessórios - Modelo 48;Acessórios;9;182.99
7055;SKU-17048;Item 17048 Armazenamento - Modelo 49;Armazenamento;16;186.46
7056;SKU-17049;Item 17049 Energia - Modelo 50;Energia;23;189.93
7057;SKU-17050;Item 17050 Periféricos - Modelo 51;Periféricos;30;193.40
7058;SKU-17051;Item 17051 Monitores - Modelo 52;Monitores;37;196.87
7059;SKU-17052;Item 17052 Áudio - Modelo 53;Áudio;44;200.34
7060;SKU-17053;Item 17053 Vídeo - Modelo 54;Vídeo;51;203.81
7061;SKU-17054;Item 17054 Computadores - Modelo 55;Computadores;58;207.28
7062;SKU-17055;Item 17055 Redes - Modelo 56;Redes;65;210.75
7063;SKU-17056;Item 17056 Impressão - Modelo 57;Impressão;72;214.22
7064;SKU-17057;Item 17057 Acessórios - Modelo 58;Acessórios;79;217.69
7065;SKU-17058;Item 17058 Armazenamento - Modelo 59;Armazenamento;86;221.16
7066;SKU-17059;Item 17059 Energia - Modelo 60;Energia;93;224.63
7067;SKU-17060;Item 17060 Periféricos - Modelo 61;Periféricos;100;228.10
7068;SKU-17061;Item 17061 Monitores - Modelo 62;Monitores;107;231.57
7069;SKU-17062;Item 17062 Áudio - Modelo 63;Áudio;114;235.04
7070;SKU-17063;Item 17063 Vídeo - Modelo 64;Vídeo;1;238.51
7071;SKU-17064;Item 17064 Computadores - Modelo 65;Computadores;8;241.98
7072;SKU-17065;Item 17065 Redes - Modelo 66;Redes;15;245.45
7073;SKU-17066;Item 17066 Impressão - Modelo 67;Impressão;22;248.92
7074;SKU-17067;Item 17067 Acessórios - Modelo 68;Acessórios;29;252.39
7075;SKU-17068;Item 17068 Armazenamento - Modelo 69;Armazenamento;36;255.86
7076;SKU-17069;Item 17069 Energia - Modelo 70;Energia;43;259.33
7077;SKU-17070;Item 17070 Periféricos - Modelo 71;Periféricos;50;262.80
7078;SKU-17071;Item 17071 Monitores - Modelo 72;Monitores;57;266.27
7079;SKU-17072;Item 17072 Áudio - Modelo 73;Áudio;64;269.74
7080;SKU-17073;Item 17073 Vídeo - Modelo 74;Vídeo;71;273.21
7081;SKU-17074;Item 17074 Computadores - Modelo 75;Computadores;78;276.68
7082;SKU-17075;Item 17075 Redes - Modelo 76;Redes;85;280.15
7083;SKU-17076;Item 17076 Impressão - Modelo 77;Impressão;92;283.62
7084;SKU-17077;Item 17077 Acessórios - Modelo 78;Acessórios;99;287.09
7085;SKU-17078;Item 17078 Armazenamento - Modelo 79;Armazenamento;106;290.56
7086;SKU-17079;Item 17079 Energia - Modelo 80;Energia;113;294.03
7087;SKU-17080;Item 17080 Periféricos - Modelo 81;Periféricos;0;297.50
7088;SKU-17081;Item 17081 Monitores - Modelo 82;Monitores;7;300.97
7089;SKU-17082;Item 17082 Áudio - Modelo 83;Áudio;14;304.44
7090;SKU-17083;Item 17083 Vídeo - Modelo 84;Vídeo;21;307.91
7091;SKU-17084;Item 17084 Computadores - Modelo 85;Computadores;28;311.38
7092;SKU-17085;Item 17085 Redes - Modelo 86;Redes;35;314.85
7093;SKU-17086;Item 17086 Impressão - Modelo 87;Impressão;42;318.32
7094;SKU-17087;Item 17087 Acessórios - Modelo 88;Acessórios;49;321.79
7095;SKU-17088;Item 17088 Armazenamento - Modelo 89;Armazenamento;56;325.26
7096;SKU-17089;Item 17089 Energia - Modelo 90;Energia;63;328.73
7097;SKU-17090;Item 17090 Periféricos - Modelo 91;Periféricos;70;332.20
7098;SKU-17091;Item 17091 Monitores - Modelo 92;Monitores;77;335.67
7099;SKU-17092;Item 17092 Áudio - Modelo 93;Áudio;84;339.14
7100;SKU-17093;Item 17093 Vídeo - Modelo 94;Vídeo;91;342.61
7101;SKU-17094;Item 17094 Computadores - Modelo 95;Computadores;98;346.08
7102;SKU-17095;Item 17095 Redes - Modelo 96;Redes;105;349.55
7103;SKU-17096;Item 17096 Impressão - Modelo 97;Impressão;112;353.02
7104;SKU-17097;Item 17097 Acessórios - Modelo 98;Acessórios;119;356.49
7105;SKU-17098;Item 17098 Armazenamento - Modelo 99;Armazenamento;6;359.96
7106;SKU-17099;Item 17099 Energia - Modelo 100;Energia;13;363.43
7107;SKU-17100;Item 17100 Periféricos - Modelo 1;Periféricos;20;366.90
7108;SKU-17101;Item 17101 Monitores - Modelo 2;Monitores;27;370.37
7109;SKU-17102;Item 17102 Áudio - Modelo 3;Áudio;34;373.84
7110;SKU-17103;Item 17103 Vídeo - Modelo 4;Vídeo;41;377.31
7111;SKU-17104;Item 17104 Computadores - Modelo 5;Computadores;48;380.78
7112;SKU-17105;Item 17105 Redes - Modelo 6;Redes;55;384.25
7113;SKU-17106;Item 17106 Impressão - Modelo 7;Impressão;62;387.72
7114;SKU-17107;Item 17107 Acessórios - Modelo 8;Acessórios;69;391.19
7115;SKU-17108;Item 17108 Armazenamento - Modelo 9;Armazenamento;76;394.66
7116;SKU-17109;Item 17109 Energia - Modelo 10;Energia;83;398.13
7117;SKU-17110;Item 17110 Periféricos - Modelo 11;Periféricos;90;401.60
7118;SKU-17111;Item 17111 Monitores - Modelo 12;Monitores;97;405.07
7119;SKU-17112;Item 17112 Áudio - Modelo 13;Áudio;104;408.54
7120;SKU-17113;Item 17113 Vídeo - Modelo 14;Vídeo;111;412.01
7121;SKU-17114;Item 17114 Computadores - Modelo 15;Computadores;118;415.48
7122;SKU-17115;Item 17115 Redes - Modelo 16;Redes;5;418.95
7123;SKU-17116;Item 17116 Impressão - Modelo 17;Impressão;12;422.42
7124;SKU-17117;Item 17117 Acessórios - Modelo 18;Acessórios;19;425.89
7125;SKU-17118;Item 17118 Armazenamento - Modelo 19;Armazenamento;26;429.36
7126;SKU-17119;Item 17119 Energia - Modelo 20;Energia;33;432.83
7127;SKU-17120;Item 17120 Periféricos - Modelo 21;Periféricos;40;436.30
7128;SKU-17121;Item 17121 Monitores - Modelo 22;Monitores;47;439.77
7129;SKU-17122;Item 17122 Áudio - Modelo 23;Áudio;54;443.24
7130;SKU-17123;Item 17123 Vídeo - Modelo 24;Vídeo;61;446.71
7131;SKU-17124;Item 17124 Computadores - Modelo 25;Computadores;68;450.18
7132;SKU-17125;Item 17125 Redes - Modelo 26;Redes;75;453.65
7133;SKU-17126;Item 17126 Impressão - Modelo 27;Impressão;82;457.12
7134;SKU-17127;Item 17127 Acessórios - Modelo 28;Acessórios;89;460.59
7135;SKU-17128;Item 17128 Armazenamento - Modelo 29;Armazenamento;96;464.06
7136;SKU-17129;Item 17129 Energia - Modelo 30;Energia;103;467.53
7137;SKU-17130;Item 17130 Periféricos - Modelo 31;Periféricos;110;471.00
7138;SKU-17131;Item 17131 Monitores - Modelo 32;Monitores;117;474.47
7139;SKU-17132;Item 17132 Áudio - Modelo 33;Áudio;4;477.94
7140;SKU-17133;Item 17133 Vídeo - Modelo 34;Vídeo;11;481.41
7141;SKU-17134;Item 17134 Computadores - Modelo 35;Computadores;18;484.88
7142;SKU-17135;Item 17135 Redes - Modelo 36;Redes;25;488.35
7143;SKU-17136;Item 17136 Impressão - Modelo 37;Impressão;32;491.82
7144;SKU-17137;Item 17137 Acessórios - Modelo 38;Acessórios;39;495.29
7145;SKU-17138;Item 17138 Armazenamento - Modelo 39;Armazenamento;46;498.76
7146;SKU-17139;Item 17139 Energia - Modelo 40;Energia;53;502.23
7147;SKU-17140;Item 17140 Periféricos - Modelo 41;Periféricos;60;505.70
7148;SKU-17141;Item 17141 Monitores - Modelo 42;Monitores;67;509.17
7149;SKU-17142;Item 17142 Áudio - Modelo 43;Áudio;74;512.64
7150;SKU-17143;Item 17143 Vídeo - Modelo 44;Vídeo;81;516.11
7151;SKU-17144;Item 17144 Computadores - Modelo 45;Computadores;88;519.58
7152;SKU-17145;Item 17145 Redes - Modelo 46;Redes;95;523.05
7153;SKU-17146;Item 17146 Impressão - Modelo 47;Impressão;102;526.52
7154;SKU-17147;Item 17147 Acessórios - Modelo 48;Acessórios;109;529.99
7155;SKU-17148;Item 17148 Armazenamento - Modelo 49;Armazenamento;116;533.46
7156;SKU-17149;Item 17149 Energia - Modelo 50;Energia;3;536.93
7157;SKU-17150;Item 17150 Periféricos - Modelo 51;Periféricos;10;540.40
7158;SKU-17151;Item 17151 Monitores - Modelo 52;Monitores;17;543.87
7159;SKU-17152;Item 17152 Áudio - Modelo 53;Áudio;24;547.34
7160;SKU-17153;Item 17153 Vídeo - Modelo 54;Vídeo;31;550.81
7161;SKU-17154;Item 17154 Computadores - Modelo 55;Computadores;38;554.28
7162;SKU-17155;Item 17155 Redes - Modelo 56;Redes;45;557.75
7163;SKU-17156;Item 17156 Impressão - Modelo 57;Impressão;52;561.22
7164;SKU-17157;Item 17157 Acessórios - Modelo 58;Acessórios;59;564.69
7165;SKU-17158;Item 17158 Armazenamento - Modelo 59;Armazenamento;66;568.16
7166;SKU-17159;Item 17159 Energia - Modelo 60;Energia;73;571.63
7167;SKU-17160;Item 17160 Periféricos - Modelo 61;Periféricos;80;575.10
7168;SKU-17161;Item 17161 Monitores - Modelo 62;Monitores;87;578.57
7169;SKU-17162;Item 17162 Áudio - Modelo 63;Áudio;94;582.04
7170;SKU-17163;Item 17163 Vídeo - Modelo 64;Vídeo;101;585.51
7171;SKU-17164;Item 17164 Computadores - Modelo 65;Computadores;108;588.98
7172;SKU-17165;Item 17165 Redes - Modelo 66;Redes;115;592.45
7173;SKU-17166;Item 17166 Impressão - Modelo 67;Impressão;2;595.92
7174;SKU-17167;Item 17167 Acessórios - Modelo 68;Acessórios;9;599.39
7175;SKU-17168;Item 17168 Armazenamento - Modelo 69;Armazenamento;16;602.86
7176;SKU-17169;Item 17169 Energia - Modelo 70;Energia;23;606.33
7177;SKU-17170;Item 17170 Periféricos - Modelo 71;Periféricos;30;609.80
7178;SKU-17171;Item 17171 Monitores - Modelo 72;Monitores;37;613.27
7179;SKU-17172;Item 17172 Áudio - Modelo 73;Áudio;44;616.74
7180;SKU-17173;Item 17173 Vídeo - Modelo 74;Vídeo;51;620.21
7181;SKU-17174;Item 17174 Computadores - Modelo 75;Computadores;58;623.68
7182;SKU-17175;Item 17175 Redes - Modelo 76;Redes;65;627.15
7183;SKU-17176;Item 17176 Impressão - Modelo 77;Impressão;72;630.62
7184;SKU-17177;Item 17177 Acessórios - Modelo 78;Acessórios;79;634.09
7185;SKU-17178;Item 17178 Armazenamento - Modelo 79;Armazenamento;86;637.56
7186;SKU-17179;Item 17179 Energia - Modelo 80;Energia;93;641.03
7187;SKU-17180;Item 17180 Periféricos - Modelo 81;Periféricos;100;644.50
7188;SKU-17181;Item 17181 Monitores - Modelo 82;Monitores;107;647.97
7189;SKU-17182;Item 17182 Áudio - Modelo 83;Áudio;114;651.44
7190;SKU-17183;Item 17183 Vídeo - Modelo 84;Vídeo;1;654.91
7191;SKU-17184;Item 17184 Computadores - Modelo 85;Computadores;8;658.38
7192;SKU-17185;Item 17185 Redes - Modelo 86;Redes;15;661.85
7193;SKU-17186;Item 17186 Impressão - Modelo 87;Impressão;22;665.32
7194;SKU-17187;Item 17187 Acessórios - Modelo 88;Acessórios;29;668.79
7195;SKU-17188;Item 17188 Armazenamento - Modelo 89;Armazenamento;36;672.26
7196;SKU-17189;Item 17189 Energia - Modelo 90;Energia;43;675.73
7197;SKU-17190;Item 17190 Periféricos - Modelo 91;Periféricos;50;679.20
7198;SKU-17191;Item 17191 Monitores - Modelo 92;Monitores;57;682.67
7199;SKU-17192;Item 17192 Áudio - Modelo 93;Áudio;64;686.14
7200;SKU-17193;Item 17193 Vídeo - Modelo 94;Vídeo;71;689.61
7201;SKU-17194;Item 17194 Computadores - Modelo 95;Computadores;78;693.08
7202;SKU-17195;Item 17195 Redes - Modelo 96;Redes;85;696.55
7203;SKU-17196;Item 17196 Impressão - Modelo 97;Impressão;92;700.02
7204;SKU-17197;Item 17197 Acessórios - Modelo 98;Acessórios;99;703.49
7205;SKU-17198;Item 17198 Armazenamento - Modelo 99;Armazenamento;106;706.96
7206;SKU-17199;Item 17199 Energia - Modelo 100;Energia;113;710.43
7207;SKU-17200;Item 17200 Periféricos - Modelo 1;Periféricos;0;713.90
7208;SKU-17201;Item 17201 Monitores - Modelo 2;Monitores;7;717.37
7209;SKU-17202;Item 17202 Áudio - Modelo 3;Áudio;14;720.84
7210;SKU-17203;Item 17203 Vídeo - Modelo 4;Vídeo;21;724.31
7211;SKU-17204;Item 17204 Computadores - Modelo 5;Computadores;28;727.78
7212;SKU-17205;Item 17205 Redes - Modelo 6;Redes;35;731.25
7213;SKU-17206;Item 17206 Impressão - Modelo 7;Impressão;42;734.72
7214;SKU-17207;Item 17207 Acessórios - Modelo 8;Acessórios;49;738.19
7215;SKU-17208;Item 17208 Armazenamento - Modelo 9;Armazenamento;56;741.66
7216;SKU-17209;Item 17209 Energia - Modelo 10;Energia;63;745.13
7217;SKU-17210;Item 17210 Periféricos - Modelo 11;Periféricos;70;748.60
7218;SKU-17211;Item 17211 Monitores - Modelo 12;Monitores;77;752.07
7219;SKU-17212;Item 17212 Áudio - Modelo 13;Áudio;84;755.54
7220;SKU-17213;Item 17213 Vídeo - Modelo 14;Vídeo;91;759.01
7221;SKU-17214;Item 17214 Computadores - Modelo 15;Computadores;98;762.48
7222;SKU-17215;Item 17215 Redes - Modelo 16;Redes;105;765.95
7223;SKU-17216;Item 17216 Impressão - Modelo 17;Impressão;112;769.42
7224;SKU-17217;Item 17217 Acessórios - Modelo 18;Acessórios;119;772.89
7225;SKU-17218;Item 17218 Armazenamento - Modelo 19;Armazenamento;6;776.36
7226;SKU-17219;Item 17219 Energia - Modelo 20;Energia;13;779.83
7227;SKU-17220;Item 17220 Periféricos - Modelo 21;Periféricos;20;783.30
7228;SKU-17221;Item 17221 Monitores - Modelo 22;Monitores;27;786.77
7229;SKU-17222;Item 17222 Áudio - Modelo 23;Áudio;34;790.24
7230;SKU-17223;Item 17223 Vídeo - Modelo 24;Vídeo;41;793.71
7231;SKU-17224;Item 17224 Computadores - Modelo 25;Computadores;48;797.18
7232;SKU-17225;Item 17225 Redes - Modelo 26;Redes;55;800.65
7233;SKU-17226;Item 17226 Impressão - Modelo 27;Impressão;62;804.12
7234;SKU-17227;Item 17227 Acessórios - Modelo 28;Acessórios;69;807.59
7235;SKU-17228;Item 17228 Armazenamento - Modelo 29;Armazenamento;76;811.06
7236;SKU-17229;Item 17229 Energia - Modelo 30;Energia;83;814.53
7237;SKU-17230;Item 17230 Periféricos - Modelo 31;Periféricos;90;818.00
7238;SKU-17231;Item 17231 Monitores - Modelo 32;Monitores;97;821.47
7239;SKU-17232;Item 17232 Áudio - Modelo 33;Áudio;104;824.94
7240;SKU-17233;Item 17233 Vídeo - Modelo 34;Vídeo;111;828.41
7241;SKU-17234;Item 17234 Computadores - Modelo 35;Computadores;118;831.88
7242;SKU-17235;Item 17235 Redes - Modelo 36;Redes;5;835.35
7243;SKU-17236;Item 17236 Impressão - Modelo 37;Impressão;12;838.82
7244;SKU-17237;Item 17237 Acessórios - Modelo 38;Acessórios;19;842.29
7245;SKU-17238;Item 17238 Armazenamento - Modelo 39;Armazenamento;26;845.76
7246;SKU-17239;Item 17239 Energia - Modelo 40;Energia;33;849.23
7247;SKU-17240;Item 17240 Periféricos - Modelo 41;Periféricos;40;852.70
7248;SKU-17241;Item 17241 Monitores - Modelo 42;Monitores;47;856.17
7249;SKU-17242;Item 17242 Áudio - Modelo 43;Áudio;54;859.64
7250;SKU-17243;Item 17243 Vídeo - Modelo 44;Vídeo;61;863.11
7251;SKU-17244;Item 17244 Computadores - Modelo 45;Computadores;68;866.58
7252;SKU-17245;Item 17245 Redes - Modelo 46;Redes;75;870.05
7253;SKU-17246;Item 17246 Impressão - Modelo 47;Impressão;82;873.52
7254;SKU-17247;Item 17247 Acessórios - Modelo 48;Acessórios;89;876.99
7255;SKU-17248;Item 17248 Armazenamento - Modelo 49;Armazenamento;96;880.46
7256;SKU-17249;Item 17249 Energia - Modelo 50;Energia;103;883.93
7257;SKU-17250;Item 17250 Periféricos - Modelo 51;Periféricos;110;887.40
7258;SKU-17251;Item 17251 Monitores - Modelo 52;Monitores;117;890.87
7259;SKU-17252;Item 17252 Áudio - Modelo 53;Áudio;4;894.34
7260;SKU-17253;Item 17253 Vídeo - Modelo 54;Vídeo;11;897.81
7261;SKU-17254;Item 17254 Computadores - Modelo 55;Computadores;18;901.28
7262;SKU-17255;Item 17255 Redes - Modelo 56;Redes;25;904.75
7263;SKU-17256;Item 17256 Impressão - Modelo 57;Impressão;32;908.22
7264;SKU-17257;Item 17257 Acessórios - Modelo 58;Acessórios;39;911.69
7265;SKU-17258;Item 17258 Armazenamento - Modelo 59;Armazenamento;46;915.16
7266;SKU-17259;Item 17259 Energia - Modelo 60;Energia;53;918.63
7267;SKU-17260;Item 17260 Periféricos - Modelo 61;Periféricos;60;922.10
7268;SKU-17261;Item 17261 Monitores - Modelo 62;Monitores;67;925.57
7269;SKU-17262;Item 17262 Áudio - Modelo 63;Áudio;74;929.04
7270;SKU-17263;Item 17263 Vídeo - Modelo 64;Vídeo;81;932.51
7271;SKU-17264;Item 17264 Computadores - Modelo 65;Computadores;88;935.98
7272;SKU-17265;Item 17265 Redes - Modelo 66;Redes;95;939.45
7273;SKU-17266;Item 17266 Impressão - Modelo 67;Impressão;102;942.92
7274;SKU-17267;Item 17267 Acessórios - Modelo 68;Acessórios;109;946.39
7275;SKU-17268;Item 17268 Armazenamento - Modelo 69;Armazenamento;116;949.86
7276;SKU-17269;Item 17269 Energia - Modelo 70;Energia;3;953.33
7277;SKU-17270;Item 17270 Periféricos - Modelo 71;Periféricos;10;956.80
7278;SKU-17271;Item 17271 Monitores - Modelo 72;Monitores;17;960.27
7279;SKU-17272;Item 17272 Áudio - Modelo 73;Áudio;24;963.74
7280;SKU-17273;Item 17273 Vídeo - Modelo 74;Vídeo;31;967.21
7281;SKU-17274;Item 17274 Computadores - Modelo 75;Computadores;38;970.68
7282;SKU-17275;Item 17275 Redes - Modelo 76;Redes;45;974.15
7283;SKU-17276;Item 17276 Impressão - Modelo 77;Impressão;52;977.62
7284;SKU-17277;Item 17277 Acessórios - Modelo 78;Acessórios;59;981.09
7285;SKU-17278;Item 17278 Armazenamento - Modelo 79;Armazenamento;66;984.56
7286;SKU-17279;Item 17279 Energia - Modelo 80;Energia;73;988.03
7287;SKU-17280;Item 17280 Periféricos - Modelo 81;Periféricos;80;991.50
7288;SKU-17281;Item 17281 Monitores - Modelo 82;Monitores;87;994.97
7289;SKU-17282;Item 17282 Áudio - Modelo 83;Áudio;94;998.44
7290;SKU-17283;Item 17283 Vídeo - Modelo 84;Vídeo;101;1001.91
7291;SKU-17284;Item 17284 Computadores - Modelo 85;Computadores;108;1005.38
7292;SKU-17285;Item 17285 Redes - Modelo 86;Redes;115;1008.85
7293;SKU-17286;Item 17286 Impressão - Modelo 87;Impressão;2;1012.32
7294;SKU-17287;Item 17287 Acessórios - Modelo 88;Acessórios;9;1015.79
7295;SKU-17288;Item 17288 Armazenamento - Modelo 89;Armazenamento;16;1019.26
7296;SKU-17289;Item 17289 Energia - Modelo 90;Energia;23;1022.73
7297;SKU-17290;Item 17290 Periféricos - Modelo 91;Periféricos;30;1026.20
7298;SKU-17291;Item 17291 Monitores - Modelo 92;Monitores;37;1029.67
7299;SKU-17292;Item 17292 Áudio - Modelo 93;Áudio;44;1033.14
7300;SKU-17293;Item 17293 Vídeo - Modelo 94;Vídeo;51;1036.61
7301;SKU-17294;Item 17294 Computadores - Modelo 95;Computadores;58;1040.08
7302;SKU-17295;Item 17295 Redes - Modelo 96;Redes;65;1043.55
7303;SKU-17296;Item 17296 Impressão - Modelo 97;Impressão;72;1047.02
7304;SKU-17297;Item 17297 Acessórios - Modelo 98;Acessórios;79;1050.49
7305;SKU-17298;Item 17298 Armazenamento - Modelo 99;Armazenamento;86;1053.96
7306;SKU-17299;Item 17299 Energia - Modelo 100;Energia;93;1057.43
7307;SKU-17300;Item 17300 Periféricos - Modelo 1;Periféricos;100;1060.90
7308;SKU-17301;Item 17301 Monitores - Modelo 2;Monitores;107;1064.37
7309;SKU-17302;Item 17302 Áudio - Modelo 3;Áudio;114;1067.84
7310;SKU-17303;Item 17303 Vídeo - Modelo 4;Vídeo;1;1071.31
7311;SKU-17304;Item 17304 Computadores - Modelo 5;Computadores;8;1074.78
7312;SKU-17305;Item 17305 Redes - Modelo 6;Redes;15;1078.25
7313;SKU-17306;Item 17306 Impressão - Modelo 7;Impressão;22;1081.72
7314;SKU-17307;Item 17307 Acessórios - Modelo 8;Acessórios;29;1085.19
7315;SKU-17308;Item 17308 Armazenamento - Modelo 9;Armazenamento;36;1088.66
7316;SKU-17309;Item 17309 Energia - Modelo 10;Energia;43;1092.13
7317;SKU-17310;Item 17310 Periféricos - Modelo 11;Periféricos;50;1095.60
7318;SKU-17311;Item 17311 Monitores - Modelo 12;Monitores;57;1099.07
7319;SKU-17312;Item 17312 Áudio - Modelo 13;Áudio;64;1102.54
7320;SKU-17313;Item 17313 Vídeo - Modelo 14;Vídeo;71;1106.01
7321;SKU-17314;Item 17314 Computadores - Modelo 15;Computadores;78;1109.48
7322;SKU-17315;Item 17315 Redes - Modelo 16;Redes;85;1112.95
7323;SKU-17316;Item 17316 Impressão - Modelo 17;Impressão;92;1116.42
7324;SKU-17317;Item 17317 Acessórios - Modelo 18;Acessórios;99;1119.89
7325;SKU-17318;Item 17318 Armazenamento - Modelo 19;Armazenamento;106;1123.36
7326;SKU-17319;Item 17319 Energia - Modelo 20;Energia;113;1126.83
7327;SKU-17320;Item 17320 Periféricos - Modelo 21;Periféricos;0;1130.30
7328;SKU-17321;Item 17321 Monitores - Modelo 22;Monitores;7;1133.77
7329;SKU-17322;Item 17322 Áudio - Modelo 23;Áudio;14;1137.24
7330;SKU-17323;Item 17323 Vídeo - Modelo 24;Vídeo;21;1140.71
7331;SKU-17324;Item 17324 Computadores - Modelo 25;Computadores;28;1144.18
7332;SKU-17325;Item 17325 Redes - Modelo 26;Redes;35;1147.65
7333;SKU-17326;Item 17326 Impressão - Modelo 27;Impressão;42;1151.12
7334;SKU-17327;Item 17327 Acessórios - Modelo 28;Acessórios;49;1154.59
7335;SKU-17328;Item 17328 Armazenamento - Modelo 29;Armazenamento;56;1158.06
7336;SKU-17329;Item 17329 Energia - Modelo 30;Energia;63;1161.53
7337;SKU-17330;Item 17330 Periféricos - Modelo 31;Periféricos;70;1165.00
7338;SKU-17331;Item 17331 Monitores - Modelo 32;Monitores;77;1168.47
7339;SKU-17332;Item 17332 Áudio - Modelo 33;Áudio;84;1171.94
7340;SKU-17333;Item 17333 Vídeo - Modelo 34;Vídeo;91;1175.41
7341;SKU-17334;Item 17334 Computadores - Modelo 35;Computadores;98;1178.88
7342;SKU-17335;Item 17335 Redes - Modelo 36;Redes;105;1182.35
7343;SKU-17336;Item 17336 Impressão - Modelo 37;Impressão;112;1185.82
7344;SKU-17337;Item 17337 Acessórios - Modelo 38;Acessórios;119;1189.29
7345;SKU-17338;Item 17338 Armazenamento - Modelo 39;Armazenamento;6;1192.76
7346;SKU-17339;Item 17339 Energia - Modelo 40;Energia;13;1196.23
7347;SKU-17340;Item 17340 Periféricos - Modelo 41;Periféricos;20;1199.70
7348;SKU-17341;Item 17341 Monitores - Modelo 42;Monitores;27;1203.17
7349;SKU-17342;Item 17342 Áudio - Modelo 43;Áudio;34;1206.64
7350;SKU-17343;Item 17343 Vídeo - Modelo 44;Vídeo;41;1210.11
7351;SKU-17344;Item 17344 Computadores - Modelo 45;Computadores;48;1213.58
7352;SKU-17345;Item 17345 Redes - Modelo 46;Redes;55;1217.05
7353;SKU-17346;Item 17346 Impressão - Modelo 47;Impressão;62;1220.52
7354;SKU-17347;Item 17347 Acessórios - Modelo 48;Acessórios;69;1223.99
7355;SKU-17348;Item 17348 Armazenamento - Modelo 49;Armazenamento;76;1227.46
7356;SKU-17349;Item 17349 Energia - Modelo 50;Energia;83;1230.93
7357;SKU-17350;Item 17350 Periféricos - Modelo 51;Periféricos;90;1234.40
7358;SKU-17351;Item 17351 Monitores - Modelo 52;Monitores;97;1237.87
7359;SKU-17352;Item 17352 Áudio - Modelo 53;Áudio;104;1241.34
7360;SKU-17353;Item 17353 Vídeo - Modelo 54;Vídeo;111;1244.81
7361;SKU-17354;Item 17354 Computadores - Modelo 55;Computadores;118;1248.28
7362;SKU-17355;Item 17355 Redes - Modelo 56;Redes;5;1251.75
7363;SKU-17356;Item 17356 Impressão - Modelo 57;Impressão;12;1255.22
7364;SKU-17357;Item 17357 Acessórios - Modelo 58;Acessórios;19;1258.69
7365;SKU-17358;Item 17358 Armazenamento - Modelo 59;Armazenamento;26;1262.16
7366;SKU-17359;Item 17359 Energia - Modelo 60;Energia;33;1265.63
7367;SKU-17360;Item 17360 Periféricos - Modelo 61;Periféricos;40;1269.10
7368;SKU-17361;Item 17361 Monitores - Modelo 62;Monitores;47;1272.57
7369;SKU-17362;Item 17362 Áudio - Modelo 63;Áudio;54;1276.04
7370;SKU-17363;Item 17363 Vídeo - Modelo 64;Vídeo;61;1279.51
7371;SKU-17364;Item 17364 Computadores - Modelo 65;Computadores;68;1282.98
7372;SKU-17365;Item 17365 Redes - Modelo 66;Redes;75;1286.45
7373;SKU-17366;Item 17366 Impressão - Modelo 67;Impressão;82;1289.92
7374;SKU-17367;Item 17367 Acessórios - Modelo 68;Acessórios;89;1293.39
7375;SKU-17368;Item 17368 Armazenamento - Modelo 69;Armazenamento;96;1296.86
7376;SKU-17369;Item 17369 Energia - Modelo 70;Energia;103;1300.33
7377;SKU-17370;Item 17370 Periféricos - Modelo 71;Periféricos;110;1303.80
7378;SKU-17371;Item 17371 Monitores - Modelo 72;Monitores;117;1307.27
7379;SKU-17372;Item 17372 Áudio - Modelo 73;Áudio;4;1310.74
7380;SKU-17373;Item 17373 Vídeo - Modelo 74;Vídeo;11;1314.21
7381;SKU-17374;Item 17374 Computadores - Modelo 75;Computadores;18;1317.68
7382;SKU-17375;Item 17375 Redes - Modelo 76;Redes;25;1321.15
7383;SKU-17376;Item 17376 Impressão - Modelo 77;Impressão;32;1324.62
7384;SKU-17377;Item 17377 Acessórios - Modelo 78;Acessórios;39;1328.09
7385;SKU-17378;Item 17378 Armazenamento - Modelo 79;Armazenamento;46;1331.56
7386;SKU-17379;Item 17379 Energia - Modelo 80;Energia;53;1335.03
7387;SKU-17380;Item 17380 Periféricos - Modelo 81;Periféricos;60;1338.50
7388;SKU-17381;Item 17381 Monitores - Modelo 82;Monitores;67;1341.97
7389;SKU-17382;Item 17382 Áudio - Modelo 83;Áudio;74;1345.44
7390;SKU-17383;Item 17383 Vídeo - Modelo 84;Vídeo;81;1348.91
7391;SKU-17384;Item 17384 Computadores - Modelo 85;Computadores;88;1352.38
7392;SKU-17385;Item 17385 Redes - Modelo 86;Redes;95;1355.85
7393;SKU-17386;Item 17386 Impressão - Modelo 87;Impressão;102;1359.32
7394;SKU-17387;Item 17387 Acessórios - Modelo 88;Acessórios;109;1362.79
7395;SKU-17388;Item 17388 Armazenamento - Modelo 89;Armazenamento;116;1366.26
7396;SKU-17389;Item 17389 Energia - Modelo 90;Energia;3;1369.73
7397;SKU-17390;Item 17390 Periféricos - Modelo 91;Periféricos;10;1373.20
7398;SKU-17391;Item 17391 Monitores - Modelo 92;Monitores;17;1376.67
7399;SKU-17392;Item 17392 Áudio - Modelo 93;Áudio;24;1380.14
7400;SKU-17393;Item 17393 Vídeo - Modelo 94;Vídeo;31;1383.61
7401;SKU-17394;Item 17394 Computadores - Modelo 95;Computadores;38;1387.08
7402;SKU-17395;Item 17395 Redes - Modelo 96;Redes;45;1390.55
7403;SKU-17396;Item 17396 Impressão - Modelo 97;Impressão;52;1394.02
7404;SKU-17397;Item 17397 Acessórios - Modelo 98;Acessórios;59;1397.49
7405;SKU-17398;Item 17398 Armazenamento - Modelo 99;Armazenamento;66;1400.96
7406;SKU-17399;Item 17399 Energia - Modelo 100;Energia;73;1404.43
7407;SKU-17400;Item 17400 Periféricos - Modelo 1;Periféricos;80;1407.90
7408;SKU-17401;Item 17401 Monitores - Modelo 2;Monitores;87;1411.37
7409;SKU-17402;Item 17402 Áudio - Modelo 3;Áudio;94;1414.84
7410;SKU-17403;Item 17403 Vídeo - Modelo 4;Vídeo;101;1418.31
7411;SKU-17404;Item 17404 Computadores - Modelo 5;Computadores;108;1421.78
7412;SKU-17405;Item 17405 Redes - Modelo 6;Redes;115;1425.25
7413;SKU-17406;Item 17406 Impressão - Modelo 7;Impressão;2;1428.72
7414;SKU-17407;Item 17407 Acessórios - Modelo 8;Acessórios;9;1432.19
7415;SKU-17408;Item 17408 Armazenamento - Modelo 9;Armazenamento;16;1435.66
7416;SKU-17409;Item 17409 Energia - Modelo 10;Energia;23;1439.13
7417;SKU-17410;Item 17410 Periféricos - Modelo 11;Periféricos;30;1442.60
7418;SKU-17411;Item 17411 Monitores - Modelo 12;Monitores;37;1446.07
7419;SKU-17412;Item 17412 Áudio - Modelo 13;Áudio;44;1449.54
7420;SKU-17413;Item 17413 Vídeo - Modelo 14;Vídeo;51;1453.01
7421;SKU-17414;Item 17414 Computadores - Modelo 15;Computadores;58;1456.48
7422;SKU-17415;Item 17415 Redes - Modelo 16;Redes;65;1459.95
7423;SKU-17416;Item 17416 Impressão - Modelo 17;Impressão;72;1463.42
7424;SKU-17417;Item 17417 Acessórios - Modelo 18;Acessórios;79;1466.89
7425;SKU-17418;Item 17418 Armazenamento - Modelo 19;Armazenamento;86;1470.36
7426;SKU-17419;Item 17419 Energia - Modelo 20;Energia;93;1473.83
7427;SKU-17420;Item 17420 Periféricos - Modelo 21;Periféricos;100;1477.30
7428;SKU-17421;Item 17421 Monitores - Modelo 22;Monitores;107;1480.77
7429;SKU-17422;Item 17422 Áudio - Modelo 23;Áudio;114;1484.24
7430;SKU-17423;Item 17423 Vídeo - Modelo 24;Vídeo;1;1487.71
7431;SKU-17424;Item 17424 Computadores - Modelo 25;Computadores;8;1491.18
7432;SKU-17425;Item 17425 Redes - Modelo 26;Redes;15;1494.65
7433;SKU-17426;Item 17426 Impressão - Modelo 27;Impressão;22;1498.12
7434;SKU-17427;Item 17427 Acessórios - Modelo 28;Acessórios;29;1501.59
7435;SKU-17428;Item 17428 Armazenamento - Modelo 29;Armazenamento;36;1505.06
7436;SKU-17429;Item 17429 Energia - Modelo 30;Energia;43;1508.53
7437;SKU-17430;Item 17430 Periféricos - Modelo 31;Periféricos;50;1512.00
7438;SKU-17431;Item 17431 Monitores - Modelo 32;Monitores;57;1515.47
7439;SKU-17432;Item 17432 Áudio - Modelo 33;Áudio;64;1518.94
7440;SKU-17433;Item 17433 Vídeo - Modelo 34;Vídeo;71;1522.41
7441;SKU-17434;Item 17434 Computadores - Modelo 35;Computadores;78;1525.88
7442;SKU-17435;Item 17435 Redes - Modelo 36;Redes;85;1529.35
7443;SKU-17436;Item 17436 Impressão - Modelo 37;Impressão;92;1532.82
7444;SKU-17437;Item 17437 Acessórios - Modelo 38;Acessórios;99;1536.29
7445;SKU-17438;Item 17438 Armazenamento - Modelo 39;Armazenamento;106;1539.76
7446;SKU-17439;Item 17439 Energia - Modelo 40;Energia;113;1543.23
7447;SKU-17440;Item 17440 Periféricos - Modelo 41;Periféricos;0;1546.70
7448;SKU-17441;Item 17441 Monitores - Modelo 42;Monitores;7;1550.17
7449;SKU-17442;Item 17442 Áudio - Modelo 43;Áudio;14;1553.64
7450;SKU-17443;Item 17443 Vídeo - Modelo 44;Vídeo;21;1557.11
7451;SKU-17444;Item 17444 Computadores - Modelo 45;Computadores;28;1560.58
7452;SKU-17445;Item 17445 Redes - Modelo 46;Redes;35;1564.05
7453;SKU-17446;Item 17446 Impressão - Modelo 47;Impressão;42;1567.52
7454;SKU-17447;Item 17447 Acessórios - Modelo 48;Acessórios;49;1570.99
7455;SKU-17448;Item 17448 Armazenamento - Modelo 49;Armazenamento;56;1574.46
7456;SKU-17449;Item 17449 Energia - Modelo 50;Energia;63;1577.93
7457;SKU-17450;Item 17450 Periféricos - Modelo 51;Periféricos;70;1581.40
7458;SKU-17451;Item 17451 Monitores - Modelo 52;Monitores;77;1584.87
7459;SKU-17452;Item 17452 Áudio - Modelo 53;Áudio;84;1588.34
7460;SKU-17453;Item 17453 Vídeo - Modelo 54;Vídeo;91;1591.81
7461;SKU-17454;Item 17454 Computadores - Modelo 55;Computadores;98;1595.28
7462;SKU-17455;Item 17455 Redes - Modelo 56;Redes;105;1598.75
7463;SKU-17456;Item 17456 Impressão - Modelo 57;Impressão;112;1602.22
7464;SKU-17457;Item 17457 Acessórios - Modelo 58;Acessórios;119;1605.69
7465;SKU-17458;Item 17458 Armazenamento - Modelo 59;Armazenamento;6;1609.16
7466;SKU-17459;Item 17459 Energia - Modelo 60;Energia;13;1612.63
7467;SKU-17460;Item 17460 Periféricos - Modelo 61;Periféricos;20;1616.10
7468;SKU-17461;Item 17461 Monitores - Modelo 62;Monitores;27;1619.57
7469;SKU-17462;Item 17462 Áudio - Modelo 63;Áudio;34;1623.04
7470;SKU-17463;Item 17463 Vídeo - Modelo 64;Vídeo;41;1626.51
7471;SKU-17464;Item 17464 Computadores - Modelo 65;Computadores;48;1629.98
7472;SKU-17465;Item 17465 Redes - Modelo 66;Redes;55;1633.45
7473;SKU-17466;Item 17466 Impressão - Modelo 67;Impressão;62;1636.92
7474;SKU-17467;Item 17467 Acessórios - Modelo 68;Acessórios;69;1640.39
7475;SKU-17468;Item 17468 Armazenamento - Modelo 69;Armazenamento;76;1643.86
7476;SKU-17469;Item 17469 Energia - Modelo 70;Energia;83;1647.33
7477;SKU-17470;Item 17470 Periféricos - Modelo 71;Periféricos;90;1650.80
7478;SKU-17471;Item 17471 Monitores - Modelo 72;Monitores;97;1654.27
7479;SKU-17472;Item 17472 Áudio - Modelo 73;Áudio;104;1657.74
7480;SKU-17473;Item 17473 Vídeo - Modelo 74;Vídeo;111;1661.21
7481;SKU-17474;Item 17474 Computadores - Modelo 75;Computadores;118;1664.68
7482;SKU-17475;Item 17475 Redes - Modelo 76;Redes;5;1668.15
7483;SKU-17476;Item 17476 Impressão - Modelo 77;Impressão;12;1671.62
7484;SKU-17477;Item 17477 Acessórios - Modelo 78;Acessórios;19;1675.09
7485;SKU-17478;Item 17478 Armazenamento - Modelo 79;Armazenamento;26;1678.56
7486;SKU-17479;Item 17479 Energia - Modelo 80;Energia;33;1682.03
7487;SKU-17480;Item 17480 Periféricos - Modelo 81;Periféricos;40;1685.50
7488;SKU-17481;Item 17481 Monitores - Modelo 82;Monitores;47;1688.97
7489;SKU-17482;Item 17482 Áudio - Modelo 83;Áudio;54;1692.44
7490;SKU-17483;Item 17483 Vídeo - Modelo 84;Vídeo;61;1695.91
7491;SKU-17484;Item 17484 Computadores - Modelo 85;Computadores;68;1699.38
7492;SKU-17485;Item 17485 Redes - Modelo 86;Redes;75;1702.85
7493;SKU-17486;Item 17486 Impressão - Modelo 87;Impressão;82;1706.32
7494;SKU-17487;Item 17487 Acessórios - Modelo 88;Acessórios;89;1709.79
7495;SKU-17488;Item 17488 Armazenamento - Modelo 89;Armazenamento;96;1713.26
7496;SKU-17489;Item 17489 Energia - Modelo 90;Energia;103;1716.73
7497;SKU-17490;Item 17490 Periféricos - Modelo 91;Periféricos;110;1720.20
7498;SKU-17491;Item 17491 Monitores - Modelo 92;Monitores;117;1723.67
7499;SKU-17492;Item 17492 Áudio - Modelo 93;Áudio;4;1727.14
7500;SKU-17493;Item 17493 Vídeo - Modelo 94;Vídeo;11;1730.61
7501;SKU-17494;Item 17494 Computadores - Modelo 95;Computadores;18;1734.08
7502;SKU-17495;Item 17495 Redes - Modelo 96;Redes;25;1737.55
7503;SKU-17496;Item 17496 Impressão - Modelo 97;Impressão;32;1741.02
7504;SKU-17497;Item 17497 Acessórios - Modelo 98;Acessórios;39;1744.49
7505;SKU-17498;Item 17498 Armazenamento - Modelo 99;Armazenamento;46;1747.96
7506;SKU-17499;Item 17499 Energia - Modelo 100;Energia;53;1751.43
7507;SKU-17500;Item 17500 Periféricos - Modelo 1;Periféricos;60;19.90
7508;SKU-17501;Item 17501 Monitores - Modelo 2;Monitores;67;23.37
7509;SKU-17502;Item 17502 Áudio - Modelo 3;Áudio;74;26.84
7510;SKU-17503;Item 17503 Vídeo - Modelo 4;Vídeo;81;30.31
7511;SKU-17504;Item 17504 Computadores - Modelo 5;Computadores;88;33.78
7512;SKU-17505;Item 17505 Redes - Modelo 6;Redes;95;37.25
7513;SKU-17506;Item 17506 Impressão - Modelo 7;Impressão;102;40.72
7514;SKU-17507;Item 17507 Acessórios - Modelo 8;Acessórios;109;44.19
7515;SKU-17508;Item 17508 Armazenamento - Modelo 9;Armazenamento;116;47.66
7516;SKU-17509;Item 17509 Energia - Modelo 10;Energia;3;51.13
7517;SKU-17510;Item 17510 Periféricos - Modelo 11;Periféricos;10;54.60
7518;SKU-17511;Item 17511 Monitores - Modelo 12;Monitores;17;58.07
7519;SKU-17512;Item 17512 Áudio - Modelo 13;Áudio;24;61.54
7520;SKU-17513;Item 17513 Vídeo - Modelo 14;Vídeo;31;65.01
7521;SKU-17514;Item 17514 Computadores - Modelo 15;Computadores;38;68.48
7522;SKU-17515;Item 17515 Redes - Modelo 16;Redes;45;71.95
7523;SKU-17516;Item 17516 Impressão - Modelo 17;Impressão;52;75.42
7524;SKU-17517;Item 17517 Acessórios - Modelo 18;Acessórios;59;78.89
7525;SKU-17518;Item 17518 Armazenamento - Modelo 19;Armazenamento;66;82.36
7526;SKU-17519;Item 17519 Energia - Modelo 20;Energia;73;85.83
7527;SKU-17520;Item 17520 Periféricos - Modelo 21;Periféricos;80;89.30
7528;SKU-17521;Item 17521 Monitores - Modelo 22;Monitores;87;92.77
7529;SKU-17522;Item 17522 Áudio - Modelo 23;Áudio;94;96.24
7530;SKU-17523;Item 17523 Vídeo - Modelo 24;Vídeo;101;99.71
7531;SKU-17524;Item 17524 Computadores - Modelo 25;Computadores;108;103.18
7532;SKU-17525;Item 17525 Redes - Modelo 26;Redes;115;106.65
7533;SKU-17526;Item 17526 Impressão - Modelo 27;Impressão;2;110.12
7534;SKU-17527;Item 17527 Acessórios - Modelo 28;Acessórios;9;113.59
7535;SKU-17528;Item 17528 Armazenamento - Modelo 29;Armazenamento;16;117.06
7536;SKU-17529;Item 17529 Energia - Modelo 30;Energia;23;120.53
7537;SKU-17530;Item 17530 Periféricos - Modelo 31;Periféricos;30;124.00
7538;SKU-17531;Item 17531 Monitores - Modelo 32;Monitores;37;127.47
7539;SKU-17532;Item 17532 Áudio - Modelo 33;Áudio;44;130.94
7540;SKU-17533;Item 17533 Vídeo - Modelo 34;Vídeo;51;134.41
7541;SKU-17534;Item 17534 Computadores - Modelo 35;Computadores;58;137.88
7542;SKU-17535;Item 17535 Redes - Modelo 36;Redes;65;141.35
7543;SKU-17536;Item 17536 Impressão - Modelo 37;Impressão;72;144.82
7544;SKU-17537;Item 17537 Acessórios - Modelo 38;Acessórios;79;148.29
7545;SKU-17538;Item 17538 Armazenamento - Modelo 39;Armazenamento;86;151.76
7546;SKU-17539;Item 17539 Energia - Modelo 40;Energia;93;155.23
7547;SKU-17540;Item 17540 Periféricos - Modelo 41;Periféricos;100;158.70
7548;SKU-17541;Item 17541 Monitores - Modelo 42;Monitores;107;162.17
7549;SKU-17542;Item 17542 Áudio - Modelo 43;Áudio;114;165.64
7550;SKU-17543;Item 17543 Vídeo - Modelo 44;Vídeo;1;169.11
7551;SKU-17544;Item 17544 Computadores - Modelo 45;Computadores;8;172.58
7552;SKU-17545;Item 17545 Redes - Modelo 46;Redes;15;176.05
7553;SKU-17546;Item 17546 Impressão - Modelo 47;Impressão;22;179.52
7554;SKU-17547;Item 17547 Acessórios - Modelo 48;Acessórios;29;182.99
7555;SKU-17548;Item 17548 Armazenamento - Modelo 49;Armazenamento;36;186.46
7556;SKU-17549;Item 17549 Energia - Modelo 50;Energia;43;189.93
7557;SKU-17550;Item 17550 Periféricos - Modelo 51;Periféricos;50;193.40
7558;SKU-17551;Item 17551 Monitores - Modelo 52;Monitores;57;196.87
7559;SKU-17552;Item 17552 Áudio - Modelo 53;Áudio;64;200.34
7560;SKU-17553;Item 17553 Vídeo - Modelo 54;Vídeo;71;203.81
7561;SKU-17554;Item 17554 Computadores - Modelo 55;Computadores;78;207.28
7562;SKU-17555;Item 17555 Redes - Modelo 56;Redes;85;210.75
7563;SKU-17556;Item 17556 Impressão - Modelo 57;Impressão;92;214.22
7564;SKU-17557;Item 17557 Acessórios - Modelo 58;Acessórios;99;217.69
7565;SKU-17558;Item 17558 Armazenamento - Modelo 59;Armazenamento;106;221.16
7566;SKU-17559;Item 17559 Energia - Modelo 60;Energia;113;224.63
7567;SKU-17560;Item 17560 Periféricos - Modelo 61;Periféricos;0;228.10
7568;SKU-17561;Item 17561 Monitores - Modelo 62;Monitores;7;231.57
7569;SKU-17562;Item 17562 Áudio - Modelo 63;Áudio;14;235.04
7570;SKU-17563;Item 17563 Vídeo - Modelo 64;Vídeo;21;238.51
7571;SKU-17564;Item 17564 Computadores - Modelo 65;Computadores;28;241.98
7572;SKU-17565;Item 17565 Redes - Modelo 66;Redes;35;245.45
7573;SKU-17566;Item 17566 Impressão - Modelo 67;Impressão;42;248.92
7574;SKU-17567;Item 17567 Acessórios - Modelo 68;Acessórios;49;252.39
7575;SKU-17568;Item 17568 Armazenamento - Modelo 69;Armazenamento;56;255.86
7576;SKU-17569;Item 17569 Energia - Modelo 70;Energia;63;259.33
7577;SKU-17570;Item 17570 Periféricos - Modelo 71;Periféricos;70;262.80
7578;SKU-17571;Item 17571 Monitores - Modelo 72;Monitores;77;266.27
7579;SKU-17572;Item 17572 Áudio - Modelo 73;Áudio;84;269.74
7580;SKU-17573;Item 17573 Vídeo - Modelo 74;Vídeo;91;273.21
7581;SKU-17574;Item 17574 Computadores - Modelo 75;Computadores;98;276.68
7582;SKU-17575;Item 17575 Redes - Modelo 76;Redes;105;280.15
7583;SKU-17576;Item 17576 Impressão - Modelo 77;Impressão;112;283.62
7584;SKU-17577;Item 17577 Acessórios - Modelo 78;Acessórios;119;287.09
7585;SKU-17578;Item 17578 Armazenamento - Modelo 79;Armazenamento;6;290.56
7586;SKU-17579;Item 17579 Energia - Modelo 80;Energia;13;294.03
7587;SKU-17580;Item 17580 Periféricos - Modelo 81;Periféricos;20;297.50
7588;SKU-17581;Item 17581 Monitores - Modelo 82;Monitores;27;300.97
7589;SKU-17582;Item 17582 Áudio - Modelo 83;Áudio;34;304.44
7590;SKU-17583;Item 17583 Vídeo - Modelo 84;Vídeo;41;307.91
7591;SKU-17584;Item 17584 Computadores - Modelo 85;Computadores;48;311.38
7592;SKU-17585;Item 17585 Redes - Modelo 86;Redes;55;314.85
7593;SKU-17586;Item 17586 Impressão - Modelo 87;Impressão;62;318.32
7594;SKU-17587;Item 17587 Acessórios - Modelo 88;Acessórios;69;321.79
7595;SKU-17588;Item 17588 Armazenamento - Modelo 89;Armazenamento;76;325.26
7596;SKU-17589;Item 17589 Energia - Modelo 90;Energia;83;328.73
7597;SKU-17590;Item 17590 Periféricos - Modelo 91;Periféricos;90;332.20
7598;SKU-17591;Item 17591 Monitores - Modelo 92;Monitores;97;335.67
7599;SKU-17592;Item 17592 Áudio - Modelo 93;Áudio;104;339.14
7600;SKU-17593;Item 17593 Vídeo - Modelo 94;Vídeo;111;342.61
7601;SKU-17594;Item 17594 Computadores - Modelo 95;Computadores;118;346.08
7602;SKU-17595;Item 17595 Redes - Modelo 96;Redes;5;349.55
7603;SKU-17596;Item 17596 Impressão - Modelo 97;Impressão;12;353.02
7604;SKU-17597;Item 17597 Acessórios - Modelo 98;Acessórios;19;356.49
7605;SKU-17598;Item 17598 Armazenamento - Modelo 99;Armazenamento;26;359.96
7606;SKU-17599;Item 17599 Energia - Modelo 100;Energia;33;363.43
7607;SKU-17600;Item 17600 Periféricos - Modelo 1;Periféricos;40;366.90
7608;SKU-17601;Item 17601 Monitores - Modelo 2;Monitores;47;370.37
7609;SKU-17602;Item 17602 Áudio - Modelo 3;Áudio;54;373.84
7610;SKU-17603;Item 17603 Vídeo - Modelo 4;Vídeo;61;377.31
7611;SKU-17604;Item 17604 Computadores - Modelo 5;Computadores;68;380.78
7612;SKU-17605;Item 17605 Redes - Modelo 6;Redes;75;384.25
7613;SKU-17606;Item 17606 Impressão - Modelo 7;Impressão;82;387.72
7614;SKU-17607;Item 17607 Acessórios - Modelo 8;Acessórios;89;391.19
7615;SKU-17608;Item 17608 Armazenamento - Modelo 9;Armazenamento;96;394.66
7616;SKU-17609;Item 17609 Energia - Modelo 10;Energia;103;398.13
7617;SKU-17610;Item 17610 Periféricos - Modelo 11;Periféricos;110;401.60
7618;SKU-17611;Item 17611 Monitores - Modelo 12;Monitores;117;405.07
7619;SKU-17612;Item 17612 Áudio - Modelo 13;Áudio;4;408.54
7620;SKU-17613;Item 17613 Vídeo - Modelo 14;Vídeo;11;412.01
7621;SKU-17614;Item 17614 Computadores - Modelo 15;Computadores;18;415.48
7622;SKU-17615;Item 17615 Redes - Modelo 16;Redes;25;418.95
7623;SKU-17616;Item 17616 Impressão - Modelo 17;Impressão;32;422.42
7624;SKU-17617;Item 17617 Acessórios - Modelo 18;Acessórios;39;425.89
7625;SKU-17618;Item 17618 Armazenamento - Modelo 19;Armazenamento;46;429.36
7626;SKU-17619;Item 17619 Energia - Modelo 20;Energia;53;432.83
7627;SKU-17620;Item 17620 Periféricos - Modelo 21;Periféricos;60;436.30
7628;SKU-17621;Item 17621 Monitores - Modelo 22;Monitores;67;439.77
7629;SKU-17622;Item 17622 Áudio - Modelo 23;Áudio;74;443.24
7630;SKU-17623;Item 17623 Vídeo - Modelo 24;Vídeo;81;446.71
7631;SKU-17624;Item 17624 Computadores - Modelo 25;Computadores;88;450.18
7632;SKU-17625;Item 17625 Redes - Modelo 26;Redes;95;453.65
7633;SKU-17626;Item 17626 Impressão - Modelo 27;Impressão;102;457.12
7634;SKU-17627;Item 17627 Acessórios - Modelo 28;Acessórios;109;460.59
7635;SKU-17628;Item 17628 Armazenamento - Modelo 29;Armazenamento;116;464.06
7636;SKU-17629;Item 17629 Energia - Modelo 30;Energia;3;467.53
7637;SKU-17630;Item 17630 Periféricos - Modelo 31;Periféricos;10;471.00
7638;SKU-17631;Item 17631 Monitores - Modelo 32;Monitores;17;474.47
7639;SKU-17632;Item 17632 Áudio - Modelo 33;Áudio;24;477.94
7640;SKU-17633;Item 17633 Vídeo - Modelo 34;Vídeo;31;481.41
7641;SKU-17634;Item 17634 Computadores - Modelo 35;Computadores;38;484.88
7642;SKU-17635;Item 17635 Redes - Modelo 36;Redes;45;488.35
7643;SKU-17636;Item 17636 Impressão - Modelo 37;Impressão;52;491.82
7644;SKU-17637;Item 17637 Acessórios - Modelo 38;Acessórios;59;495.29
7645;SKU-17638;Item 17638 Armazenamento - Modelo 39;Armazenamento;66;498.76
7646;SKU-17639;Item 17639 Energia - Modelo 40;Energia;73;502.23
7647;SKU-17640;Item 17640 Periféricos - Modelo 41;Periféricos;80;505.70
7648;SKU-17641;Item 17641 Monitores - Modelo 42;Monitores;87;509.17
7649;SKU-17642;Item 17642 Áudio - Modelo 43;Áudio;94;512.64
7650;SKU-17643;Item 17643 Vídeo - Modelo 44;Vídeo;101;516.11
7651;SKU-17644;Item 17644 Computadores - Modelo 45;Computadores;108;519.58
7652;SKU-17645;Item 17645 Redes - Modelo 46;Redes;115;523.05
7653;SKU-17646;Item 17646 Impressão - Modelo 47;Impressão;2;526.52
7654;SKU-17647;Item 17647 Acessórios - Modelo 48;Acessórios;9;529.99
7655;SKU-17648;Item 17648 Armazenamento - Modelo 49;Armazenamento;16;533.46
7656;SKU-17649;Item 17649 Energia - Modelo 50;Energia;23;536.93
7657;SKU-17650;Item 17650 Periféricos - Modelo 51;Periféricos;30;540.40
7658;SKU-17651;Item 17651 Monitores - Modelo 52;Monitores;37;543.87
7659;SKU-17652;Item 17652 Áudio - Modelo 53;Áudio;44;547.34
7660;SKU-17653;Item 17653 Vídeo - Modelo 54;Vídeo;51;550.81
7661;SKU-17654;Item 17654 Computadores - Modelo 55;Computadores;58;554.28
7662;SKU-17655;Item 17655 Redes - Modelo 56;Redes;65;557.75
7663;SKU-17656;Item 17656 Impressão - Modelo 57;Impressão;72;561.22
7664;SKU-17657;Item 17657 Acessórios - Modelo 58;Acessórios;79;564.69
7665;SKU-17658;Item 17658 Armazenamento - Modelo 59;Armazenamento;86;568.16
7666;SKU-17659;Item 17659 Energia - Modelo 60;Energia;93;571.63
7667;SKU-17660;Item 17660 Periféricos - Modelo 61;Periféricos;100;575.10
7668;SKU-17661;Item 17661 Monitores - Modelo 62;Monitores;107;578.57
7669;SKU-17662;Item 17662 Áudio - Modelo 63;Áudio;114;582.04
7670;SKU-17663;Item 17663 Vídeo - Modelo 64;Vídeo;1;585.51
7671;SKU-17664;Item 17664 Computadores - Modelo 65;Computadores;8;588.98
7672;SKU-17665;Item 17665 Redes - Modelo 66;Redes;15;592.45
7673;SKU-17666;Item 17666 Impressão - Modelo 67;Impressão;22;595.92
7674;SKU-17667;Item 17667 Acessórios - Modelo 68;Acessórios;29;599.39
7675;SKU-17668;Item 17668 Armazenamento - Modelo 69;Armazenamento;36;602.86
7676;SKU-17669;Item 17669 Energia - Modelo 70;Energia;43;606.33
7677;SKU-17670;Item 17670 Periféricos - Modelo 71;Periféricos;50;609.80
7678;SKU-17671;Item 17671 Monitores - Modelo 72;Monitores;57;613.27
7679;SKU-17672;Item 17672 Áudio - Modelo 73;Áudio;64;616.74
7680;SKU-17673;Item 17673 Vídeo - Modelo 74;Vídeo;71;620.21
7681;SKU-17674;Item 17674 Computadores - Modelo 75;Computadores;78;623.68
7682;SKU-17675;Item 17675 Redes - Modelo 76;Redes;85;627.15
7683;SKU-17676;Item 17676 Impressão - Modelo 77;Impressão;92;630.62
7684;SKU-17677;Item 17677 Acessórios - Modelo 78;Acessórios;99;634.09
7685;SKU-17678;Item 17678 Armazenamento - Modelo 79;Armazenamento;106;637.56
7686;SKU-17679;Item 17679 Energia - Modelo 80;Energia;113;641.03
7687;SKU-17680;Item 17680 Periféricos - Modelo 81;Periféricos;0;644.50
7688;SKU-17681;Item 17681 Monitores - Modelo 82;Monitores;7;647.97
7689;SKU-17682;Item 17682 Áudio - Modelo 83;Áudio;14;651.44
7690;SKU-17683;Item 17683 Vídeo - Modelo 84;Vídeo;21;654.91
7691;SKU-17684;Item 17684 Computadores - Modelo 85;Computadores;28;658.38
7692;SKU-17685;Item 17685 Redes - Modelo 86;Redes;35;661.85
7693;SKU-17686;Item 17686 Impressão - Modelo 87;Impressão;42;665.32
7694;SKU-17687;Item 17687 Acessórios - Modelo 88;Acessórios;49;668.79
7695;SKU-17688;Item 17688 Armazenamento - Modelo 89;Armazenamento;56;672.26
7696;SKU-17689;Item 17689 Energia - Modelo 90;Energia;63;675.73
7697;SKU-17690;Item 17690 Periféricos - Modelo 91;Periféricos;70;679.20
7698;SKU-17691;Item 17691 Monitores - Modelo 92;Monitores;77;682.67
7699;SKU-17692;Item 17692 Áudio - Modelo 93;Áudio;84;686.14
7700;SKU-17693;Item 17693 Vídeo - Modelo 94;Vídeo;91;689.61
7701;SKU-17694;Item 17694 Computadores - Modelo 95;Computadores;98;693.08
7702;SKU-17695;Item 17695 Redes - Modelo 96;Redes;105;696.55
7703;SKU-17696;Item 17696 Impressão - Modelo 97;Impressão;112;700.02
7704;SKU-17697;Item 17697 Acessórios - Modelo 98;Acessórios;119;703.49
7705;SKU-17698;Item 17698 Armazenamento - Modelo 99;Armazenamento;6;706.96
7706;SKU-17699;Item 17699 Energia - Modelo 100;Energia;13;710.43
7707;SKU-17700;Item 17700 Periféricos - Modelo 1;Periféricos;20;713.90
7708;SKU-17701;Item 17701 Monitores - Modelo 2;Monitores;27;717.37
7709;SKU-17702;Item 17702 Áudio - Modelo 3;Áudio;34;720.84
7710;SKU-17703;Item 17703 Vídeo - Modelo 4;Vídeo;41;724.31
7711;SKU-17704;Item 17704 Computadores - Modelo 5;Computadores;48;727.78
7712;SKU-17705;Item 17705 Redes - Modelo 6;Redes;55;731.25
7713;SKU-17706;Item 17706 Impressão - Modelo 7;Impressão;62;734.72
7714;SKU-17707;Item 17707 Acessórios - Modelo 8;Acessórios;69;738.19
7715;SKU-17708;Item 17708 Armazenamento - Modelo 9;Armazenamento;76;741.66
7716;SKU-17709;Item 17709 Energia - Modelo 10;Energia;83;745.13
7717;SKU-17710;Item 17710 Periféricos - Modelo 11;Periféricos;90;748.60
7718;SKU-17711;Item 17711 Monitores - Modelo 12;Monitores;97;752.07
7719;SKU-17712;Item 17712 Áudio - Modelo 13;Áudio;104;755.54
7720;SKU-17713;Item 17713 Vídeo - Modelo 14;Vídeo;111;759.01
7721;SKU-17714;Item 17714 Computadores - Modelo 15;Computadores;118;762.48
7722;SKU-17715;Item 17715 Redes - Modelo 16;Redes;5;765.95
7723;SKU-17716;Item 17716 Impressão - Modelo 17;Impressão;12;769.42
7724;SKU-17717;Item 17717 Acessórios - Modelo 18;Acessórios;19;772.89
7725;SKU-17718;Item 17718 Armazenamento - Modelo 19;Armazenamento;26;776.36
7726;SKU-17719;Item 17719 Energia - Modelo 20;Energia;33;779.83
7727;SKU-17720;Item 17720 Periféricos - Modelo 21;Periféricos;40;783.30
7728;SKU-17721;Item 17721 Monitores - Modelo 22;Monitores;47;786.77
7729;SKU-17722;Item 17722 Áudio - Modelo 23;Áudio;54;790.24
7730;SKU-17723;Item 17723 Vídeo - Modelo 24;Vídeo;61;793.71
7731;SKU-17724;Item 17724 Computadores - Modelo 25;Computadores;68;797.18
7732;SKU-17725;Item 17725 Redes - Modelo 26;Redes;75;800.65
7733;SKU-17726;Item 17726 Impressão - Modelo 27;Impressão;82;804.12
7734;SKU-17727;Item 17727 Acessórios - Modelo 28;Acessórios;89;807.59
7735;SKU-17728;Item 17728 Armazenamento - Modelo 29;Armazenamento;96;811.06
7736;SKU-17729;Item 17729 Energia - Modelo 30;Energia;103;814.53
7737;SKU-17730;Item 17730 Periféricos - Modelo 31;Periféricos;110;818.00
7738;SKU-17731;Item 17731 Monitores - Modelo 32;Monitores;117;821.47
7739;SKU-17732;Item 17732 Áudio - Modelo 33;Áudio;4;824.94
7740;SKU-17733;Item 17733 Vídeo - Modelo 34;Vídeo;11;828.41
7741;SKU-17734;Item 17734 Computadores - Modelo 35;Computadores;18;831.88
7742;SKU-17735;Item 17735 Redes - Modelo 36;Redes;25;835.35
7743;SKU-17736;Item 17736 Impressão - Modelo 37;Impressão;32;838.82
7744;SKU-17737;Item 17737 Acessórios - Modelo 38;Acessórios;39;842.29
7745;SKU-17738;Item 17738 Armazenamento - Modelo 39;Armazenamento;46;845.76
7746;SKU-17739;Item 17739 Energia - Modelo 40;Energia;53;849.23
7747;SKU-17740;Item 17740 Periféricos - Modelo 41;Periféricos;60;852.70
7748;SKU-17741;Item 17741 Monitores - Modelo 42;Monitores;67;856.17
7749;SKU-17742;Item 17742 Áudio - Modelo 43;Áudio;74;859.64
7750;SKU-17743;Item 17743 Vídeo - Modelo 44;Vídeo;81;863.11
7751;SKU-17744;Item 17744 Computadores - Modelo 45;Computadores;88;866.58
7752;SKU-17745;Item 17745 Redes - Modelo 46;Redes;95;870.05
7753;SKU-17746;Item 17746 Impressão - Modelo 47;Impressão;102;873.52
7754;SKU-17747;Item 17747 Acessórios - Modelo 48;Acessórios;109;876.99
7755;SKU-17748;Item 17748 Armazenamento - Modelo 49;Armazenamento;116;880.46
7756;SKU-17749;Item 17749 Energia - Modelo 50;Energia;3;883.93
7757;SKU-17750;Item 17750 Periféricos - Modelo 51;Periféricos;10;887.40
7758;SKU-17751;Item 17751 Monitores - Modelo 52;Monitores;17;890.87
7759;SKU-17752;Item 17752 Áudio - Modelo 53;Áudio;24;894.34
7760;SKU-17753;Item 17753 Vídeo - Modelo 54;Vídeo;31;897.81
7761;SKU-17754;Item 17754 Computadores - Modelo 55;Computadores;38;901.28
7762;SKU-17755;Item 17755 Redes - Modelo 56;Redes;45;904.75
7763;SKU-17756;Item 17756 Impressão - Modelo 57;Impressão;52;908.22
7764;SKU-17757;Item 17757 Acessórios - Modelo 58;Acessórios;59;911.69
7765;SKU-17758;Item 17758 Armazenamento - Modelo 59;Armazenamento;66;915.16
7766;SKU-17759;Item 17759 Energia - Modelo 60;Energia;73;918.63
7767;SKU-17760;Item 17760 Periféricos - Modelo 61;Periféricos;80;922.10
7768;SKU-17761;Item 17761 Monitores - Modelo 62;Monitores;87;925.57
7769;SKU-17762;Item 17762 Áudio - Modelo 63;Áudio;94;929.04
7770;SKU-17763;Item 17763 Vídeo - Modelo 64;Vídeo;101;932.51
7771;SKU-17764;Item 17764 Computadores - Modelo 65;Computadores;108;935.98
7772;SKU-17765;Item 17765 Redes - Modelo 66;Redes;115;939.45
7773;SKU-17766;Item 17766 Impressão - Modelo 67;Impressão;2;942.92
7774;SKU-17767;Item 17767 Acessórios - Modelo 68;Acessórios;9;946.39
7775;SKU-17768;Item 17768 Armazenamento - Modelo 69;Armazenamento;16;949.86
7776;SKU-17769;Item 17769 Energia - Modelo 70;Energia;23;953.33
7777;SKU-17770;Item 17770 Periféricos - Modelo 71;Periféricos;30;956.80
7778;SKU-17771;Item 17771 Monitores - Modelo 72;Monitores;37;960.27
7779;SKU-17772;Item 17772 Áudio - Modelo 73;Áudio;44;963.74
7780;SKU-17773;Item 17773 Vídeo - Modelo 74;Vídeo;51;967.21
7781;SKU-17774;Item 17774 Computadores - Modelo 75;Computadores;58;970.68
7782;SKU-17775;Item 17775 Redes - Modelo 76;Redes;65;974.15
7783;SKU-17776;Item 17776 Impressão - Modelo 77;Impressão;72;977.62
7784;SKU-17777;Item 17777 Acessórios - Modelo 78;Acessórios;79;981.09
7785;SKU-17778;Item 17778 Armazenamento - Modelo 79;Armazenamento;86;984.56
7786;SKU-17779;Item 17779 Energia - Modelo 80;Energia;93;988.03
7787;SKU-17780;Item 17780 Periféricos - Modelo 81;Periféricos;100;991.50
7788;SKU-17781;Item 17781 Monitores - Modelo 82;Monitores;107;994.97
7789;SKU-17782;Item 17782 Áudio - Modelo 83;Áudio;114;998.44
7790;SKU-17783;Item 17783 Vídeo - Modelo 84;Vídeo;1;1001.91
7791;SKU-17784;Item 17784 Computadores - Modelo 85;Computadores;8;1005.38
7792;SKU-17785;Item 17785 Redes - Modelo 86;Redes;15;1008.85
7793;SKU-17786;Item 17786 Impressão - Modelo 87;Impressão;22;1012.32
7794;SKU-17787;Item 17787 Acessórios - Modelo 88;Acessórios;29;1015.79
7795;SKU-17788;Item 17788 Armazenamento - Modelo 89;Armazenamento;36;1019.26
7796;SKU-17789;Item 17789 Energia - Modelo 90;Energia;43;1022.73
7797;SKU-17790;Item 17790 Periféricos - Modelo 91;Periféricos;50;1026.20
7798;SKU-17791;Item 17791 Monitores - Modelo 92;Monitores;57;1029.67
7799;SKU-17792;Item 17792 Áudio - Modelo 93;Áudio;64;1033.14
7800;SKU-17793;Item 17793 Vídeo - Modelo 94;Vídeo;71;1036.61
7801;SKU-17794;Item 17794 Computadores - Modelo 95;Computadores;78;1040.08
7802;SKU-17795;Item 17795 Redes - Modelo 96;Redes;85;1043.55
7803;SKU-17796;Item 17796 Impressão - Modelo 97;Impressão;92;1047.02
7804;SKU-17797;Item 17797 Acessórios - Modelo 98;Acessórios;99;1050.49
7805;SKU-17798;Item 17798 Armazenamento - Modelo 99;Armazenamento;106;1053.96
7806;SKU-17799;Item 17799 Energia - Modelo 100;Energia;113;1057.43
7807;SKU-17800;Item 17800 Periféricos - Modelo 1;Periféricos;0;1060.90
7808;SKU-17801;Item 17801 Monitores - Modelo 2;Monitores;7;1064.37
7809;SKU-17802;Item 17802 Áudio - Modelo 3;Áudio;14;1067.84
7810;SKU-17803;Item 17803 Vídeo - Modelo 4;Vídeo;21;1071.31
7811;SKU-17804;Item 17804 Computadores - Modelo 5;Computadores;28;1074.78
7812;SKU-17805;Item 17805 Redes - Modelo 6;Redes;35;1078.25
7813;SKU-17806;Item 17806 Impressão - Modelo 7;Impressão;42;1081.72
7814;SKU-17807;Item 17807 Acessórios - Modelo 8;Acessórios;49;1085.19
7815;SKU-17808;Item 17808 Armazenamento - Modelo 9;Armazenamento;56;1088.66
7816;SKU-17809;Item 17809 Energia - Modelo 10;Energia;63;1092.13
7817;SKU-17810;Item 17810 Periféricos - Modelo 11;Periféricos;70;1095.60
7818;SKU-17811;Item 17811 Monitores - Modelo 12;Monitores;77;1099.07
7819;SKU-17812;Item 17812 Áudio - Modelo 13;Áudio;84;1102.54
7820;SKU-17813;Item 17813 Vídeo - Modelo 14;Vídeo;91;1106.01
7821;SKU-17814;Item 17814 Computadores - Modelo 15;Computadores;98;1109.48
7822;SKU-17815;Item 17815 Redes - Modelo 16;Redes;105;1112.95
7823;SKU-17816;Item 17816 Impressão - Modelo 17;Impressão;112;1116.42
7824;SKU-17817;Item 17817 Acessórios - Modelo 18;Acessórios;119;1119.89
7825;SKU-17818;Item 17818 Armazenamento - Modelo 19;Armazenamento;6;1123.36
7826;SKU-17819;Item 17819 Energia - Modelo 20;Energia;13;1126.83
7827;SKU-17820;Item 17820 Periféricos - Modelo 21;Periféricos;20;1130.30
7828;SKU-17821;Item 17821 Monitores - Modelo 22;Monitores;27;1133.77
7829;SKU-17822;Item 17822 Áudio - Modelo 23;Áudio;34;1137.24
7830;SKU-17823;Item 17823 Vídeo - Modelo 24;Vídeo;41;1140.71
7831;SKU-17824;Item 17824 Computadores - Modelo 25;Computadores;48;1144.18
7832;SKU-17825;Item 17825 Redes - Modelo 26;Redes;55;1147.65
7833;SKU-17826;Item 17826 Impressão - Modelo 27;Impressão;62;1151.12
7834;SKU-17827;Item 17827 Acessórios - Modelo 28;Acessórios;69;1154.59
7835;SKU-17828;Item 17828 Armazenamento - Modelo 29;Armazenamento;76;1158.06
7836;SKU-17829;Item 17829 Energia - Modelo 30;Energia;83;1161.53
7837;SKU-17830;Item 17830 Periféricos - Modelo 31;Periféricos;90;1165.00
7838;SKU-17831;Item 17831 Monitores - Modelo 32;Monitores;97;1168.47
7839;SKU-17832;Item 17832 Áudio - Modelo 33;Áudio;104;1171.94
7840;SKU-17833;Item 17833 Vídeo - Modelo 34;Vídeo;111;1175.41
7841;SKU-17834;Item 17834 Computadores - Modelo 35;Computadores;118;1178.88
7842;SKU-17835;Item 17835 Redes - Modelo 36;Redes;5;1182.35
7843;SKU-17836;Item 17836 Impressão - Modelo 37;Impressão;12;1185.82
7844;SKU-17837;Item 17837 Acessórios - Modelo 38;Acessórios;19;1189.29
7845;SKU-17838;Item 17838 Armazenamento - Modelo 39;Armazenamento;26;1192.76
7846;SKU-17839;Item 17839 Energia - Modelo 40;Energia;33;1196.23
7847;SKU-17840;Item 17840 Periféricos - Modelo 41;Periféricos;40;1199.70
7848;SKU-17841;Item 17841 Monitores - Modelo 42;Monitores;47;1203.17
7849;SKU-17842;Item 17842 Áudio - Modelo 43;Áudio;54;1206.64
7850;SKU-17843;Item 17843 Vídeo - Modelo 44;Vídeo;61;1210.11
7851;SKU-17844;Item 17844 Computadores - Modelo 45;Computadores;68;1213.58
7852;SKU-17845;Item 17845 Redes - Modelo 46;Redes;75;1217.05
7853;SKU-17846;Item 17846 Impressão - Modelo 47;Impressão;82;1220.52
7854;SKU-17847;Item 17847 Acessórios - Modelo 48;Acessórios;89;1223.99
7855;SKU-17848;Item 17848 Armazenamento - Modelo 49;Armazenamento;96;1227.46
7856;SKU-17849;Item 17849 Energia - Modelo 50;Energia;103;1230.93
7857;SKU-17850;Item 17850 Periféricos - Modelo 51;Periféricos;110;1234.40
7858;SKU-17851;Item 17851 Monitores - Modelo 52;Monitores;117;1237.87
7859;SKU-17852;Item 17852 Áudio - Modelo 53;Áudio;4;1241.34
7860;SKU-17853;Item 17853 Vídeo - Modelo 54;Vídeo;11;1244.81
7861;SKU-17854;Item 17854 Computadores - Modelo 55;Computadores;18;1248.28
7862;SKU-17855;Item 17855 Redes - Modelo 56;Redes;25;1251.75
7863;SKU-17856;Item 17856 Impressão - Modelo 57;Impressão;32;1255.22
7864;SKU-17857;Item 17857 Acessórios - Modelo 58;Acessórios;39;1258.69
7865;SKU-17858;Item 17858 Armazenamento - Modelo 59;Armazenamento;46;1262.16
7866;SKU-17859;Item 17859 Energia - Modelo 60;Energia;53;1265.63
7867;SKU-17860;Item 17860 Periféricos - Modelo 61;Periféricos;60;1269.10
7868;SKU-17861;Item 17861 Monitores - Modelo 62;Monitores;67;1272.57
7869;SKU-17862;Item 17862 Áudio - Modelo 63;Áudio;74;1276.04
7870;SKU-17863;Item 17863 Vídeo - Modelo 64;Vídeo;81;1279.51
7871;SKU-17864;Item 17864 Computadores - Modelo 65;Computadores;88;1282.98
7872;SKU-17865;Item 17865 Redes - Modelo 66;Redes;95;1286.45
7873;SKU-17866;Item 17866 Impressão - Modelo 67;Impressão;102;1289.92
7874;SKU-17867;Item 17867 Acessórios - Modelo 68;Acessórios;109;1293.39
7875;SKU-17868;Item 17868 Armazenamento - Modelo 69;Armazenamento;116;1296.86
7876;SKU-17869;Item 17869 Energia - Modelo 70;Energia;3;1300.33
7877;SKU-17870;Item 17870 Periféricos - Modelo 71;Periféricos;10;1303.80
7878;SKU-17871;Item 17871 Monitores - Modelo 72;Monitores;17;1307.27
7879;SKU-17872;Item 17872 Áudio - Modelo 73;Áudio;24;1310.74
7880;SKU-17873;Item 17873 Vídeo - Modelo 74;Vídeo;31;1314.21
7881;SKU-17874;Item 17874 Computadores - Modelo 75;Computadores;38;1317.68
7882;SKU-17875;Item 17875 Redes - Modelo 76;Redes;45;1321.15
7883;SKU-17876;Item 17876 Impressão - Modelo 77;Impressão;52;1324.62
7884;SKU-17877;Item 17877 Acessórios - Modelo 78;Acessórios;59;1328.09
7885;SKU-17878;Item 17878 Armazenamento - Modelo 79;Armazenamento;66;1331.56
7886;SKU-17879;Item 17879 Energia - Modelo 80;Energia;73;1335.03
7887;SKU-17880;Item 17880 Periféricos - Modelo 81;Periféricos;80;1338.50
7888;SKU-17881;Item 17881 Monitores - Modelo 82;Monitores;87;1341.97
7889;SKU-17882;Item 17882 Áudio - Modelo 83;Áudio;94;1345.44
7890;SKU-17883;Item 17883 Vídeo - Modelo 84;Vídeo;101;1348.91
7891;SKU-17884;Item 17884 Computadores - Modelo 85;Computadores;108;1352.38
7892;SKU-17885;Item 17885 Redes - Modelo 86;Redes;115;1355.85
7893;SKU-17886;Item 17886 Impressão - Modelo 87;Impressão;2;1359.32
7894;SKU-17887;Item 17887 Acessórios - Modelo 88;Acessórios;9;1362.79
7895;SKU-17888;Item 17888 Armazenamento - Modelo 89;Armazenamento;16;1366.26
7896;SKU-17889;Item 17889 Energia - Modelo 90;Energia;23;1369.73
7897;SKU-17890;Item 17890 Periféricos - Modelo 91;Periféricos;30;1373.20
7898;SKU-17891;Item 17891 Monitores - Modelo 92;Monitores;37;1376.67
7899;SKU-17892;Item 17892 Áudio - Modelo 93;Áudio;44;1380.14
7900;SKU-17893;Item 17893 Vídeo - Modelo 94;Vídeo;51;1383.61
7901;SKU-17894;Item 17894 Computadores - Modelo 95;Computadores;58;1387.08
7902;SKU-17895;Item 17895 Redes - Modelo 96;Redes;65;1390.55
7903;SKU-17896;Item 17896 Impressão - Modelo 97;Impressão;72;1394.02
7904;SKU-17897;Item 17897 Acessórios - Modelo 98;Acessórios;79;1397.49
7905;SKU-17898;Item 17898 Armazenamento - Modelo 99;Armazenamento;86;1400.96
7906;SKU-17899;Item 17899 Energia - Modelo 100;Energia;93;1404.43
7907;SKU-17900;Item 17900 Periféricos - Modelo 1;Periféricos;100;1407.90
7908;SKU-17901;Item 17901 Monitores - Modelo 2;Monitores;107;1411.37
7909;SKU-17902;Item 17902 Áudio - Modelo 3;Áudio;114;1414.84
7910;SKU-17903;Item 17903 Vídeo - Modelo 4;Vídeo;1;1418.31
7911;SKU-17904;Item 17904 Computadores - Modelo 5;Computadores;8;1421.78
7912;SKU-17905;Item 17905 Redes - Modelo 6;Redes;15;1425.25
7913;SKU-17906;Item 17906 Impressão - Modelo 7;Impressão;22;1428.72
7914;SKU-17907;Item 17907 Acessórios - Modelo 8;Acessórios;29;1432.19
7915;SKU-17908;Item 17908 Armazenamento - Modelo 9;Armazenamento;36;1435.66
7916;SKU-17909;Item 17909 Energia - Modelo 10;Energia;43;1439.13
7917;SKU-17910;Item 17910 Periféricos - Modelo 11;Periféricos;50;1442.60
7918;SKU-17911;Item 17911 Monitores - Modelo 12;Monitores;57;1446.07
7919;SKU-17912;Item 17912 Áudio - Modelo 13;Áudio;64;1449.54
7920;SKU-17913;Item 17913 Vídeo - Modelo 14;Vídeo;71;1453.01
7921;SKU-17914;Item 17914 Computadores - Modelo 15;Computadores;78;1456.48
7922;SKU-17915;Item 17915 Redes - Modelo 16;Redes;85;1459.95
7923;SKU-17916;Item 17916 Impressão - Modelo 17;Impressão;92;1463.42
7924;SKU-17917;Item 17917 Acessórios - Modelo 18;Acessórios;99;1466.89
7925;SKU-17918;Item 17918 Armazenamento - Modelo 19;Armazenamento;106;1470.36
7926;SKU-17919;Item 17919 Energia - Modelo 20;Energia;113;1473.83
7927;SKU-17920;Item 17920 Periféricos - Modelo 21;Periféricos;0;1477.30
7928;SKU-17921;Item 17921 Monitores - Modelo 22;Monitores;7;1480.77
7929;SKU-17922;Item 17922 Áudio - Modelo 23;Áudio;14;1484.24
7930;SKU-17923;Item 17923 Vídeo - Modelo 24;Vídeo;21;1487.71
7931;SKU-17924;Item 17924 Computadores - Modelo 25;Computadores;28;1491.18
7932;SKU-17925;Item 17925 Redes - Modelo 26;Redes;35;1494.65
7933;SKU-17926;Item 17926 Impressão - Modelo 27;Impressão;42;1498.12
7934;SKU-17927;Item 17927 Acessórios - Modelo 28;Acessórios;49;1501.59
7935;SKU-17928;Item 17928 Armazenamento - Modelo 29;Armazenamento;56;1505.06
7936;SKU-17929;Item 17929 Energia - Modelo 30;Energia;63;1508.53
7937;SKU-17930;Item 17930 Periféricos - Modelo 31;Periféricos;70;1512.00
7938;SKU-17931;Item 17931 Monitores - Modelo 32;Monitores;77;1515.47
7939;SKU-17932;Item 17932 Áudio - Modelo 33;Áudio;84;1518.94
7940;SKU-17933;Item 17933 Vídeo - Modelo 34;Vídeo;91;1522.41
7941;SKU-17934;Item 17934 Computadores - Modelo 35;Computadores;98;1525.88
7942;SKU-17935;Item 17935 Redes - Modelo 36;Redes;105;1529.35
7943;SKU-17936;Item 17936 Impressão - Modelo 37;Impressão;112;1532.82
7944;SKU-17937;Item 17937 Acessórios - Modelo 38;Acessórios;119;1536.29
7945;SKU-17938;Item 17938 Armazenamento - Modelo 39;Armazenamento;6;1539.76
7946;SKU-17939;Item 17939 Energia - Modelo 40;Energia;13;1543.23
7947;SKU-17940;Item 17940 Periféricos - Modelo 41;Periféricos;20;1546.70
7948;SKU-17941;Item 17941 Monitores - Modelo 42;Monitores;27;1550.17
7949;SKU-17942;Item 17942 Áudio - Modelo 43;Áudio;34;1553.64
7950;SKU-17943;Item 17943 Vídeo - Modelo 44;Vídeo;41;1557.11
7951;SKU-17944;Item 17944 Computadores - Modelo 45;Computadores;48;1560.58
7952;SKU-17945;Item 17945 Redes - Modelo 46;Redes;55;1564.05
7953;SKU-17946;Item 17946 Impressão - Modelo 47;Impressão;62;1567.52
7954;SKU-17947;Item 17947 Acessórios - Modelo 48;Acessórios;69;1570.99
7955;SKU-17948;Item 17948 Armazenamento - Modelo 49;Armazenamento;76;1574.46
7956;SKU-17949;Item 17949 Energia - Modelo 50;Energia;83;1577.93
7957;SKU-17950;Item 17950 Periféricos - Modelo 51;Periféricos;90;1581.40
7958;SKU-17951;Item 17951 Monitores - Modelo 52;Monitores;97;1584.87
7959;SKU-17952;Item 17952 Áudio - Modelo 53;Áudio;104;1588.34
7960;SKU-17953;Item 17953 Vídeo - Modelo 54;Vídeo;111;1591.81
7961;SKU-17954;Item 17954 Computadores - Modelo 55;Computadores;118;1595.28
7962;SKU-17955;Item 17955 Redes - Modelo 56;Redes;5;1598.75
7963;SKU-17956;Item 17956 Impressão - Modelo 57;Impressão;12;1602.22
7964;SKU-17957;Item 17957 Acessórios - Modelo 58;Acessórios;19;1605.69
7965;SKU-17958;Item 17958 Armazenamento - Modelo 59;Armazenamento;26;1609.16
7966;SKU-17959;Item 17959 Energia - Modelo 60;Energia;33;1612.63
7967;SKU-17960;Item 17960 Periféricos - Modelo 61;Periféricos;40;1616.10
7968;SKU-17961;Item 17961 Monitores - Modelo 62;Monitores;47;1619.57
7969;SKU-17962;Item 17962 Áudio - Modelo 63;Áudio;54;1623.04
7970;SKU-17963;Item 17963 Vídeo - Modelo 64;Vídeo;61;1626.51
7971;SKU-17964;Item 17964 Computadores - Modelo 65;Computadores;68;1629.98
7972;SKU-17965;Item 17965 Redes - Modelo 66;Redes;75;1633.45
7973;SKU-17966;Item 17966 Impressão - Modelo 67;Impressão;82;1636.92
7974;SKU-17967;Item 17967 Acessórios - Modelo 68;Acessórios;89;1640.39
7975;SKU-17968;Item 17968 Armazenamento - Modelo 69;Armazenamento;96;1643.86
7976;SKU-17969;Item 17969 Energia - Modelo 70;Energia;103;1647.33
7977;SKU-17970;Item 17970 Periféricos - Modelo 71;Periféricos;110;1650.80
7978;SKU-17971;Item 17971 Monitores - Modelo 72;Monitores;117;1654.27
7979;SKU-17972;Item 17972 Áudio - Modelo 73;Áudio;4;1657.74
7980;SKU-17973;Item 17973 Vídeo - Modelo 74;Vídeo;11;1661.21
7981;SKU-17974;Item 17974 Computadores - Modelo 75;Computadores;18;1664.68
7982;SKU-17975;Item 17975 Redes - Modelo 76;Redes;25;1668.15
7983;SKU-17976;Item 17976 Impressão - Modelo 77;Impressão;32;1671.62
7984;SKU-17977;Item 17977 Acessórios - Modelo 78;Acessórios;39;1675.09
7985;SKU-17978;Item 17978 Armazenamento - Modelo 79;Armazenamento;46;1678.56
7986;SKU-17979;Item 17979 Energia - Modelo 80;Energia;53;1682.03
7987;SKU-17980;Item 17980 Periféricos - Modelo 81;Periféricos;60;1685.50
7988;SKU-17981;Item 17981 Monitores - Modelo 82;Monitores;67;1688.97
7989;SKU-17982;Item 17982 Áudio - Modelo 83;Áudio;74;1692.44
7990;SKU-17983;Item 17983 Vídeo - Modelo 84;Vídeo;81;1695.91
7991;SKU-17984;Item 17984 Computadores - Modelo 85;Computadores;88;1699.38
7992;SKU-17985;Item 17985 Redes - Modelo 86;Redes;95;1702.85
7993;SKU-17986;Item 17986 Impressão - Modelo 87;Impressão;102;1706.32
7994;SKU-17987;Item 17987 Acessórios - Modelo 88;Acessórios;109;1709.79
7995;SKU-17988;Item 17988 Armazenamento - Modelo 89;Armazenamento;116;1713.26
7996;SKU-17989;Item 17989 Energia - Modelo 90;Energia;3;1716.73
7997;SKU-17990;Item 17990 Periféricos - Modelo 91;Periféricos;10;1720.20
7998;SKU-17991;Item 17991 Monitores - Modelo 92;Monitores;17;1723.67
7999;SKU-17992;Item 17992 Áudio - Modelo 93;Áudio;24;1727.14
8000;SKU-17993;Item 17993 Vídeo - Modelo 94;Vídeo;31;1730.61
8001;SKU-17994;Item 17994 Computadores - Modelo 95;Computadores;38;1734.08
8002;SKU-17995;Item 17995 Redes - Modelo 96;Redes;45;1737.55
8003;SKU-17996;Item 17996 Impressão - Modelo 97;Impressão;52;1741.02
8004;SKU-17997;Item 17997 Acessórios - Modelo 98;Acessórios;59;1744.49
8005;SKU-17998;Item 17998 Armazenamento - Modelo 99;Armazenamento;66;1747.96
8006;SKU-17999;Item 17999 Energia - Modelo 100;Energia;73;1751.43
8007;SKU-18000;Item 18000 Periféricos - Modelo 1;Periféricos;80;19.90
8008;SKU-18001;Item 18001 Monitores - Modelo 2;Monitores;87;23.37
8009;SKU-18002;Item 18002 Áudio - Modelo 3;Áudio;94;26.84
8010;SKU-18003;Item 18003 Vídeo - Modelo 4;Vídeo;101;30.31
8011;SKU-18004;Item 18004 Computadores - Modelo 5;Computadores;108;33.78
8012;SKU-18005;Item 18005 Redes - Modelo 6;Redes;115;37.25
8013;SKU-18006;Item 18006 Impressão - Modelo 7;Impressão;2;40.72
8014;SKU-18007;Item 18007 Acessórios - Modelo 8;Acessórios;9;44.19
8015;SKU-18008;Item 18008 Armazenamento - Modelo 9;Armazenamento;16;47.66
8016;SKU-18009;Item 18009 Energia - Modelo 10;Energia;23;51.13
8017;SKU-18010;Item 18010 Periféricos - Modelo 11;Periféricos;30;54.60
8018;SKU-18011;Item 18011 Monitores - Modelo 12;Monitores;37;58.07
8019;SKU-18012;Item 18012 Áudio - Modelo 13;Áudio;44;61.54
8020;SKU-18013;Item 18013 Vídeo - Modelo 14;Vídeo;51;65.01
8021;SKU-18014;Item 18014 Computadores - Modelo 15;Computadores;58;68.48
8022;SKU-18015;Item 18015 Redes - Modelo 16;Redes;65;71.95
8023;SKU-18016;Item 18016 Impressão - Modelo 17;Impressão;72;75.42
8024;SKU-18017;Item 18017 Acessórios - Modelo 18;Acessórios;79;78.89
8025;SKU-18018;Item 18018 Armazenamento - Modelo 19;Armazenamento;86;82.36
8026;SKU-18019;Item 18019 Energia - Modelo 20;Energia;93;85.83
8027;SKU-18020;Item 18020 Periféricos - Modelo 21;Periféricos;100;89.30
8028;SKU-18021;Item 18021 Monitores - Modelo 22;Monitores;107;92.77
8029;SKU-18022;Item 18022 Áudio - Modelo 23;Áudio;114;96.24
8030;SKU-18023;Item 18023 Vídeo - Modelo 24;Vídeo;1;99.71
8031;SKU-18024;Item 18024 Computadores - Modelo 25;Computadores;8;103.18
8032;SKU-18025;Item 18025 Redes - Modelo 26;Redes;15;106.65
8033;SKU-18026;Item 18026 Impressão - Modelo 27;Impressão;22;110.12
8034;SKU-18027;Item 18027 Acessórios - Modelo 28;Acessórios;29;113.59
8035;SKU-18028;Item 18028 Armazenamento - Modelo 29;Armazenamento;36;117.06
8036;SKU-18029;Item 18029 Energia - Modelo 30;Energia;43;120.53
8037;SKU-18030;Item 18030 Periféricos - Modelo 31;Periféricos;50;124.00
8038;SKU-18031;Item 18031 Monitores - Modelo 32;Monitores;57;127.47
8039;SKU-18032;Item 18032 Áudio - Modelo 33;Áudio;64;130.94
8040;SKU-18033;Item 18033 Vídeo - Modelo 34;Vídeo;71;134.41
8041;SKU-18034;Item 18034 Computadores - Modelo 35;Computadores;78;137.88
8042;SKU-18035;Item 18035 Redes - Modelo 36;Redes;85;141.35
8043;SKU-18036;Item 18036 Impressão - Modelo 37;Impressão;92;144.82
8044;SKU-18037;Item 18037 Acessórios - Modelo 38;Acessórios;99;148.29
8045;SKU-18038;Item 18038 Armazenamento - Modelo 39;Armazenamento;106;151.76
8046;SKU-18039;Item 18039 Energia - Modelo 40;Energia;113;155.23
8047;SKU-18040;Item 18040 Periféricos - Modelo 41;Periféricos;0;158.70
8048;SKU-18041;Item 18041 Monitores - Modelo 42;Monitores;7;162.17
8049;SKU-18042;Item 18042 Áudio - Modelo 43;Áudio;14;165.64
8050;SKU-18043;Item 18043 Vídeo - Modelo 44;Vídeo;21;169.11
8051;SKU-18044;Item 18044 Computadores - Modelo 45;Computadores;28;172.58
8052;SKU-18045;Item 18045 Redes - Modelo 46;Redes;35;176.05
8053;SKU-18046;Item 18046 Impressão - Modelo 47;Impressão;42;179.52
8054;SKU-18047;Item 18047 Acessórios - Modelo 48;Acessórios;49;182.99
8055;SKU-18048;Item 18048 Armazenamento - Modelo 49;Armazenamento;56;186.46
8056;SKU-18049;Item 18049 Energia - Modelo 50;Energia;63;189.93
8057;SKU-18050;Item 18050 Periféricos - Modelo 51;Periféricos;70;193.40
8058;SKU-18051;Item 18051 Monitores - Modelo 52;Monitores;77;196.87
8059;SKU-18052;Item 18052 Áudio - Modelo 53;Áudio;84;200.34
8060;SKU-18053;Item 18053 Vídeo - Modelo 54;Vídeo;91;203.81
8061;SKU-18054;Item 18054 Computadores - Modelo 55;Computadores;98;207.28
8062;SKU-18055;Item 18055 Redes - Modelo 56;Redes;105;210.75
8063;SKU-18056;Item 18056 Impressão - Modelo 57;Impressão;112;214.22
8064;SKU-18057;Item 18057 Acessórios - Modelo 58;Acessórios;119;217.69
8065;SKU-18058;Item 18058 Armazenamento - Modelo 59;Armazenamento;6;221.16
8066;SKU-18059;Item 18059 Energia - Modelo 60;Energia;13;224.63
8067;SKU-18060;Item 18060 Periféricos - Modelo 61;Periféricos;20;228.10
8068;SKU-18061;Item 18061 Monitores - Modelo 62;Monitores;27;231.57
8069;SKU-18062;Item 18062 Áudio - Modelo 63;Áudio;34;235.04
8070;SKU-18063;Item 18063 Vídeo - Modelo 64;Vídeo;41;238.51
8071;SKU-18064;Item 18064 Computadores - Modelo 65;Computadores;48;241.98
8072;SKU-18065;Item 18065 Redes - Modelo 66;Redes;55;245.45
8073;SKU-18066;Item 18066 Impressão - Modelo 67;Impressão;62;248.92
8074;SKU-18067;Item 18067 Acessórios - Modelo 68;Acessórios;69;252.39
8075;SKU-18068;Item 18068 Armazenamento - Modelo 69;Armazenamento;76;255.86
8076;SKU-18069;Item 18069 Energia - Modelo 70;Energia;83;259.33
8077;SKU-18070;Item 18070 Periféricos - Modelo 71;Periféricos;90;262.80
8078;SKU-18071;Item 18071 Monitores - Modelo 72;Monitores;97;266.27
8079;SKU-18072;Item 18072 Áudio - Modelo 73;Áudio;104;269.74
8080;SKU-18073;Item 18073 Vídeo - Modelo 74;Vídeo;111;273.21
8081;SKU-18074;Item 18074 Computadores - Modelo 75;Computadores;118;276.68
8082;SKU-18075;Item 18075 Redes - Modelo 76;Redes;5;280.15
8083;SKU-18076;Item 18076 Impressão - Modelo 77;Impressão;12;283.62
8084;SKU-18077;Item 18077 Acessórios - Modelo 78;Acessórios;19;287.09
8085;SKU-18078;Item 18078 Armazenamento - Modelo 79;Armazenamento;26;290.56
8086;SKU-18079;Item 18079 Energia - Modelo 80;Energia;33;294.03
8087;SKU-18080;Item 18080 Periféricos - Modelo 81;Periféricos;40;297.50
8088;SKU-18081;Item 18081 Monitores - Modelo 82;Monitores;47;300.97
8089;SKU-18082;Item 18082 Áudio - Modelo 83;Áudio;54;304.44
8090;SKU-18083;Item 18083 Vídeo - Modelo 84;Vídeo;61;307.91
8091;SKU-18084;Item 18084 Computadores - Modelo 85;Computadores;68;311.38
8092;SKU-18085;Item 18085 Redes - Modelo 86;Redes;75;314.85
8093;SKU-18086;Item 18086 Impressão - Modelo 87;Impressão;82;318.32
8094;SKU-18087;Item 18087 Acessórios - Modelo 88;Acessórios;89;321.79
8095;SKU-18088;Item 18088 Armazenamento - Modelo 89;Armazenamento;96;325.26
8096;SKU-18089;Item 18089 Energia - Modelo 90;Energia;103;328.73
8097;SKU-18090;Item 18090 Periféricos - Modelo 91;Periféricos;110;332.20
8098;SKU-18091;Item 18091 Monitores - Modelo 92;Monitores;117;335.67
8099;SKU-18092;Item 18092 Áudio - Modelo 93;Áudio;4;339.14
8100;SKU-18093;Item 18093 Vídeo - Modelo 94;Vídeo;11;342.61
8101;SKU-18094;Item 18094 Computadores - Modelo 95;Computadores;18;346.08
8102;SKU-18095;Item 18095 Redes - Modelo 96;Redes;25;349.55
8103;SKU-18096;Item 18096 Impressão - Modelo 97;Impressão;32;353.02
8104;SKU-18097;Item 18097 Acessórios - Modelo 98;Acessórios;39;356.49
8105;SKU-18098;Item 18098 Armazenamento - Modelo 99;Armazenamento;46;359.96
8106;SKU-18099;Item 18099 Energia - Modelo 100;Energia;53;363.43
8107;SKU-18100;Item 18100 Periféricos - Modelo 1;Periféricos;60;366.90
8108;SKU-18101;Item 18101 Monitores - Modelo 2;Monitores;67;370.37
8109;SKU-18102;Item 18102 Áudio - Modelo 3;Áudio;74;373.84
8110;SKU-18103;Item 18103 Vídeo - Modelo 4;Vídeo;81;377.31
8111;SKU-18104;Item 18104 Computadores - Modelo 5;Computadores;88;380.78
8112;SKU-18105;Item 18105 Redes - Modelo 6;Redes;95;384.25
8113;SKU-18106;Item 18106 Impressão - Modelo 7;Impressão;102;387.72
8114;SKU-18107;Item 18107 Acessórios - Modelo 8;Acessórios;109;391.19
8115;SKU-18108;Item 18108 Armazenamento - Modelo 9;Armazenamento;116;394.66
8116;SKU-18109;Item 18109 Energia - Modelo 10;Energia;3;398.13
8117;SKU-18110;Item 18110 Periféricos - Modelo 11;Periféricos;10;401.60
8118;SKU-18111;Item 18111 Monitores - Modelo 12;Monitores;17;405.07
8119;SKU-18112;Item 18112 Áudio - Modelo 13;Áudio;24;408.54
8120;SKU-18113;Item 18113 Vídeo - Modelo 14;Vídeo;31;412.01
8121;SKU-18114;Item 18114 Computadores - Modelo 15;Computadores;38;415.48
8122;SKU-18115;Item 18115 Redes - Modelo 16;Redes;45;418.95
8123;SKU-18116;Item 18116 Impressão - Modelo 17;Impressão;52;422.42
8124;SKU-18117;Item 18117 Acessórios - Modelo 18;Acessórios;59;425.89
8125;SKU-18118;Item 18118 Armazenamento - Modelo 19;Armazenamento;66;429.36
8126;SKU-18119;Item 18119 Energia - Modelo 20;Energia;73;432.83
8127;SKU-18120;Item 18120 Periféricos - Modelo 21;Periféricos;80;436.30
8128;SKU-18121;Item 18121 Monitores - Modelo 22;Monitores;87;439.77
8129;SKU-18122;Item 18122 Áudio - Modelo 23;Áudio;94;443.24
8130;SKU-18123;Item 18123 Vídeo - Modelo 24;Vídeo;101;446.71
8131;SKU-18124;Item 18124 Computadores - Modelo 25;Computadores;108;450.18
8132;SKU-18125;Item 18125 Redes - Modelo 26;Redes;115;453.65
8133;SKU-18126;Item 18126 Impressão - Modelo 27;Impressão;2;457.12
8134;SKU-18127;Item 18127 Acessórios - Modelo 28;Acessórios;9;460.59
8135;SKU-18128;Item 18128 Armazenamento - Modelo 29;Armazenamento;16;464.06
8136;SKU-18129;Item 18129 Energia - Modelo 30;Energia;23;467.53
8137;SKU-18130;Item 18130 Periféricos - Modelo 31;Periféricos;30;471.00
8138;SKU-18131;Item 18131 Monitores - Modelo 32;Monitores;37;474.47
8139;SKU-18132;Item 18132 Áudio - Modelo 33;Áudio;44;477.94
8140;SKU-18133;Item 18133 Vídeo - Modelo 34;Vídeo;51;481.41
8141;SKU-18134;Item 18134 Computadores - Modelo 35;Computadores;58;484.88
8142;SKU-18135;Item 18135 Redes - Modelo 36;Redes;65;488.35
8143;SKU-18136;Item 18136 Impressão - Modelo 37;Impressão;72;491.82
8144;SKU-18137;Item 18137 Acessórios - Modelo 38;Acessórios;79;495.29
8145;SKU-18138;Item 18138 Armazenamento - Modelo 39;Armazenamento;86;498.76
8146;SKU-18139;Item 18139 Energia - Modelo 40;Energia;93;502.23
8147;SKU-18140;Item 18140 Periféricos - Modelo 41;Periféricos;100;505.70
8148;SKU-18141;Item 18141 Monitores - Modelo 42;Monitores;107;509.17
8149;SKU-18142;Item 18142 Áudio - Modelo 43;Áudio;114;512.64
8150;SKU-18143;Item 18143 Vídeo - Modelo 44;Vídeo;1;516.11
8151;SKU-18144;Item 18144 Computadores - Modelo 45;Computadores;8;519.58
8152;SKU-18145;Item 18145 Redes - Modelo 46;Redes;15;523.05
8153;SKU-18146;Item 18146 Impressão - Modelo 47;Impressão;22;526.52
8154;SKU-18147;Item 18147 Acessórios - Modelo 48;Acessórios;29;529.99
8155;SKU-18148;Item 18148 Armazenamento - Modelo 49;Armazenamento;36;533.46
8156;SKU-18149;Item 18149 Energia - Modelo 50;Energia;43;536.93
8157;SKU-18150;Item 18150 Periféricos - Modelo 51;Periféricos;50;540.40
8158;SKU-18151;Item 18151 Monitores - Modelo 52;Monitores;57;543.87
8159;SKU-18152;Item 18152 Áudio - Modelo 53;Áudio;64;547.34
8160;SKU-18153;Item 18153 Vídeo - Modelo 54;Vídeo;71;550.81
8161;SKU-18154;Item 18154 Computadores - Modelo 55;Computadores;78;554.28
8162;SKU-18155;Item 18155 Redes - Modelo 56;Redes;85;557.75
8163;SKU-18156;Item 18156 Impressão - Modelo 57;Impressão;92;561.22
8164;SKU-18157;Item 18157 Acessórios - Modelo 58;Acessórios;99;564.69
8165;SKU-18158;Item 18158 Armazenamento - Modelo 59;Armazenamento;106;568.16
8166;SKU-18159;Item 18159 Energia - Modelo 60;Energia;113;571.63
8167;SKU-18160;Item 18160 Periféricos - Modelo 61;Periféricos;0;575.10
8168;SKU-18161;Item 18161 Monitores - Modelo 62;Monitores;7;578.57
8169;SKU-18162;Item 18162 Áudio - Modelo 63;Áudio;14;582.04
8170;SKU-18163;Item 18163 Vídeo - Modelo 64;Vídeo;21;585.51
8171;SKU-18164;Item 18164 Computadores - Modelo 65;Computadores;28;588.98
8172;SKU-18165;Item 18165 Redes - Modelo 66;Redes;35;592.45
8173;SKU-18166;Item 18166 Impressão - Modelo 67;Impressão;42;595.92
8174;SKU-18167;Item 18167 Acessórios - Modelo 68;Acessórios;49;599.39
8175;SKU-18168;Item 18168 Armazenamento - Modelo 69;Armazenamento;56;602.86
8176;SKU-18169;Item 18169 Energia - Modelo 70;Energia;63;606.33
8177;SKU-18170;Item 18170 Periféricos - Modelo 71;Periféricos;70;609.80
8178;SKU-18171;Item 18171 Monitores - Modelo 72;Monitores;77;613.27
8179;SKU-18172;Item 18172 Áudio - Modelo 73;Áudio;84;616.74
8180;SKU-18173;Item 18173 Vídeo - Modelo 74;Vídeo;91;620.21
8181;SKU-18174;Item 18174 Computadores - Modelo 75;Computadores;98;623.68
8182;SKU-18175;Item 18175 Redes - Modelo 76;Redes;105;627.15
8183;SKU-18176;Item 18176 Impressão - Modelo 77;Impressão;112;630.62
8184;SKU-18177;Item 18177 Acessórios - Modelo 78;Acessórios;119;634.09
8185;SKU-18178;Item 18178 Armazenamento - Modelo 79;Armazenamento;6;637.56
8186;SKU-18179;Item 18179 Energia - Modelo 80;Energia;13;641.03
8187;SKU-18180;Item 18180 Periféricos - Modelo 81;Periféricos;20;644.50
8188;SKU-18181;Item 18181 Monitores - Modelo 82;Monitores;27;647.97
8189;SKU-18182;Item 18182 Áudio - Modelo 83;Áudio;34;651.44
8190;SKU-18183;Item 18183 Vídeo - Modelo 84;Vídeo;41;654.91
8191;SKU-18184;Item 18184 Computadores - Modelo 85;Computadores;48;658.38
8192;SKU-18185;Item 18185 Redes - Modelo 86;Redes;55;661.85
8193;SKU-18186;Item 18186 Impressão - Modelo 87;Impressão;62;665.32
8194;SKU-18187;Item 18187 Acessórios - Modelo 88;Acessórios;69;668.79
8195;SKU-18188;Item 18188 Armazenamento - Modelo 89;Armazenamento;76;672.26
8196;SKU-18189;Item 18189 Energia - Modelo 90;Energia;83;675.73
8197;SKU-18190;Item 18190 Periféricos - Modelo 91;Periféricos;90;679.20
8198;SKU-18191;Item 18191 Monitores - Modelo 92;Monitores;97;682.67
8199;SKU-18192;Item 18192 Áudio - Modelo 93;Áudio;104;686.14
8200;SKU-18193;Item 18193 Vídeo - Modelo 94;Vídeo;111;689.61
8201;SKU-18194;Item 18194 Computadores - Modelo 95;Computadores;118;693.08
8202;SKU-18195;Item 18195 Redes - Modelo 96;Redes;5;696.55
8203;SKU-18196;Item 18196 Impressão - Modelo 97;Impressão;12;700.02
8204;SKU-18197;Item 18197 Acessórios - Modelo 98;Acessórios;19;703.49
8205;SKU-18198;Item 18198 Armazenamento - Modelo 99;Armazenamento;26;706.96
8206;SKU-18199;Item 18199 Energia - Modelo 100;Energia;33;710.43
8207;SKU-18200;Item 18200 Periféricos - Modelo 1;Periféricos;40;713.90
8208;SKU-18201;Item 18201 Monitores - Modelo 2;Monitores;47;717.37
8209;SKU-18202;Item 18202 Áudio - Modelo 3;Áudio;54;720.84
8210;SKU-18203;Item 18203 Vídeo - Modelo 4;Vídeo;61;724.31
8211;SKU-18204;Item 18204 Computadores - Modelo 5;Computadores;68;727.78
8212;SKU-18205;Item 18205 Redes - Modelo 6;Redes;75;731.25
8213;SKU-18206;Item 18206 Impressão - Modelo 7;Impressão;82;734.72
8214;SKU-18207;Item 18207 Acessórios - Modelo 8;Acessórios;89;738.19
8215;SKU-18208;Item 18208 Armazenamento - Modelo 9;Armazenamento;96;741.66
8216;SKU-18209;Item 18209 Energia - Modelo 10;Energia;103;745.13
8217;SKU-18210;Item 18210 Periféricos - Modelo 11;Periféricos;110;748.60
8218;SKU-18211;Item 18211 Monitores - Modelo 12;Monitores;117;752.07
8219;SKU-18212;Item 18212 Áudio - Modelo 13;Áudio;4;755.54
8220;SKU-18213;Item 18213 Vídeo - Modelo 14;Vídeo;11;759.01
8221;SKU-18214;Item 18214 Computadores - Modelo 15;Computadores;18;762.48
8222;SKU-18215;Item 18215 Redes - Modelo 16;Redes;25;765.95
8223;SKU-18216;Item 18216 Impressão - Modelo 17;Impressão;32;769.42
8224;SKU-18217;Item 18217 Acessórios - Modelo 18;Acessórios;39;772.89
8225;SKU-18218;Item 18218 Armazenamento - Modelo 19;Armazenamento;46;776.36
8226;SKU-18219;Item 18219 Energia - Modelo 20;Energia;53;779.83
8227;SKU-18220;Item 18220 Periféricos - Modelo 21;Periféricos;60;783.30
8228;SKU-18221;Item 18221 Monitores - Modelo 22;Monitores;67;786.77
8229;SKU-18222;Item 18222 Áudio - Modelo 23;Áudio;74;790.24
8230;SKU-18223;Item 18223 Vídeo - Modelo 24;Vídeo;81;793.71
8231;SKU-18224;Item 18224 Computadores - Modelo 25;Computadores;88;797.18
8232;SKU-18225;Item 18225 Redes - Modelo 26;Redes;95;800.65
8233;SKU-18226;Item 18226 Impressão - Modelo 27;Impressão;102;804.12
8234;SKU-18227;Item 18227 Acessórios - Modelo 28;Acessórios;109;807.59
8235;SKU-18228;Item 18228 Armazenamento - Modelo 29;Armazenamento;116;811.06
8236;SKU-18229;Item 18229 Energia - Modelo 30;Energia;3;814.53
8237;SKU-18230;Item 18230 Periféricos - Modelo 31;Periféricos;10;818.00
8238;SKU-18231;Item 18231 Monitores - Modelo 32;Monitores;17;821.47
8239;SKU-18232;Item 18232 Áudio - Modelo 33;Áudio;24;824.94
8240;SKU-18233;Item 18233 Vídeo - Modelo 34;Vídeo;31;828.41
8241;SKU-18234;Item 18234 Computadores - Modelo 35;Computadores;38;831.88
8242;SKU-18235;Item 18235 Redes - Modelo 36;Redes;45;835.35
8243;SKU-18236;Item 18236 Impressão - Modelo 37;Impressão;52;838.82
8244;SKU-18237;Item 18237 Acessórios - Modelo 38;Acessórios;59;842.29
8245;SKU-18238;Item 18238 Armazenamento - Modelo 39;Armazenamento;66;845.76
8246;SKU-18239;Item 18239 Energia - Modelo 40;Energia;73;849.23
8247;SKU-18240;Item 18240 Periféricos - Modelo 41;Periféricos;80;852.70
8248;SKU-18241;Item 18241 Monitores - Modelo 42;Monitores;87;856.17
8249;SKU-18242;Item 18242 Áudio - Modelo 43;Áudio;94;859.64
8250;SKU-18243;Item 18243 Vídeo - Modelo 44;Vídeo;101;863.11
8251;SKU-18244;Item 18244 Computadores - Modelo 45;Computadores;108;866.58
8252;SKU-18245;Item 18245 Redes - Modelo 46;Redes;115;870.05
8253;SKU-18246;Item 18246 Impressão - Modelo 47;Impressão;2;873.52
8254;SKU-18247;Item 18247 Acessórios - Modelo 48;Acessórios;9;876.99
8255;SKU-18248;Item 18248 Armazenamento - Modelo 49;Armazenamento;16;880.46
8256;SKU-18249;Item 18249 Energia - Modelo 50;Energia;23;883.93
8257;SKU-18250;Item 18250 Periféricos - Modelo 51;Periféricos;30;887.40
8258;SKU-18251;Item 18251 Monitores - Modelo 52;Monitores;37;890.87
8259;SKU-18252;Item 18252 Áudio - Modelo 53;Áudio;44;894.34
8260;SKU-18253;Item 18253 Vídeo - Modelo 54;Vídeo;51;897.81
8261;SKU-18254;Item 18254 Computadores - Modelo 55;Computadores;58;901.28
8262;SKU-18255;Item 18255 Redes - Modelo 56;Redes;65;904.75
8263;SKU-18256;Item 18256 Impressão - Modelo 57;Impressão;72;908.22
8264;SKU-18257;Item 18257 Acessórios - Modelo 58;Acessórios;79;911.69
8265;SKU-18258;Item 18258 Armazenamento - Modelo 59;Armazenamento;86;915.16
8266;SKU-18259;Item 18259 Energia - Modelo 60;Energia;93;918.63
8267;SKU-18260;Item 18260 Periféricos - Modelo 61;Periféricos;100;922.10
8268;SKU-18261;Item 18261 Monitores - Modelo 62;Monitores;107;925.57
8269;SKU-18262;Item 18262 Áudio - Modelo 63;Áudio;114;929.04
8270;SKU-18263;Item 18263 Vídeo - Modelo 64;Vídeo;1;932.51
8271;SKU-18264;Item 18264 Computadores - Modelo 65;Computadores;8;935.98
8272;SKU-18265;Item 18265 Redes - Modelo 66;Redes;15;939.45
8273;SKU-18266;Item 18266 Impressão - Modelo 67;Impressão;22;942.92
8274;SKU-18267;Item 18267 Acessórios - Modelo 68;Acessórios;29;946.39
8275;SKU-18268;Item 18268 Armazenamento - Modelo 69;Armazenamento;36;949.86
8276;SKU-18269;Item 18269 Energia - Modelo 70;Energia;43;953.33
8277;SKU-18270;Item 18270 Periféricos - Modelo 71;Periféricos;50;956.80
8278;SKU-18271;Item 18271 Monitores - Modelo 72;Monitores;57;960.27
8279;SKU-18272;Item 18272 Áudio - Modelo 73;Áudio;64;963.74
8280;SKU-18273;Item 18273 Vídeo - Modelo 74;Vídeo;71;967.21
8281;SKU-18274;Item 18274 Computadores - Modelo 75;Computadores;78;970.68
8282;SKU-18275;Item 18275 Redes - Modelo 76;Redes;85;974.15
8283;SKU-18276;Item 18276 Impressão - Modelo 77;Impressão;92;977.62
8284;SKU-18277;Item 18277 Acessórios - Modelo 78;Acessórios;99;981.09
8285;SKU-18278;Item 18278 Armazenamento - Modelo 79;Armazenamento;106;984.56
8286;SKU-18279;Item 18279 Energia - Modelo 80;Energia;113;988.03
8287;SKU-18280;Item 18280 Periféricos - Modelo 81;Periféricos;0;991.50
8288;SKU-18281;Item 18281 Monitores - Modelo 82;Monitores;7;994.97
8289;SKU-18282;Item 18282 Áudio - Modelo 83;Áudio;14;998.44
8290;SKU-18283;Item 18283 Vídeo - Modelo 84;Vídeo;21;1001.91
8291;SKU-18284;Item 18284 Computadores - Modelo 85;Computadores;28;1005.38
8292;SKU-18285;Item 18285 Redes - Modelo 86;Redes;35;1008.85
8293;SKU-18286;Item 18286 Impressão - Modelo 87;Impressão;42;1012.32
8294;SKU-18287;Item 18287 Acessórios - Modelo 88;Acessórios;49;1015.79
8295;SKU-18288;Item 18288 Armazenamento - Modelo 89;Armazenamento;56;1019.26
8296;SKU-18289;Item 18289 Energia - Modelo 90;Energia;63;1022.73
8297;SKU-18290;Item 18290 Periféricos - Modelo 91;Periféricos;70;1026.20
8298;SKU-18291;Item 18291 Monitores - Modelo 92;Monitores;77;1029.67
8299;SKU-18292;Item 18292 Áudio - Modelo 93;Áudio;84;1033.14
8300;SKU-18293;Item 18293 Vídeo - Modelo 94;Vídeo;91;1036.61
8301;SKU-18294;Item 18294 Computadores - Modelo 95;Computadores;98;1040.08
8302;SKU-18295;Item 18295 Redes - Modelo 96;Redes;105;1043.55
8303;SKU-18296;Item 18296 Impressão - Modelo 97;Impressão;112;1047.02
8304;SKU-18297;Item 18297 Acessórios - Modelo 98;Acessórios;119;1050.49
8305;SKU-18298;Item 18298 Armazenamento - Modelo 99;Armazenamento;6;1053.96
8306;SKU-18299;Item 18299 Energia - Modelo 100;Energia;13;1057.43
8307;SKU-18300;Item 18300 Periféricos - Modelo 1;Periféricos;20;1060.90
8308;SKU-18301;Item 18301 Monitores - Modelo 2;Monitores;27;1064.37
8309;SKU-18302;Item 18302 Áudio - Modelo 3;Áudio;34;1067.84
8310;SKU-18303;Item 18303 Vídeo - Modelo 4;Vídeo;41;1071.31
8311;SKU-18304;Item 18304 Computadores - Modelo 5;Computadores;48;1074.78
8312;SKU-18305;Item 18305 Redes - Modelo 6;Redes;55;1078.25
8313;SKU-18306;Item 18306 Impressão - Modelo 7;Impressão;62;1081.72
8314;SKU-18307;Item 18307 Acessórios - Modelo 8;Acessórios;69;1085.19
8315;SKU-18308;Item 18308 Armazenamento - Modelo 9;Armazenamento;76;1088.66
8316;SKU-18309;Item 18309 Energia - Modelo 10;Energia;83;1092.13
8317;SKU-18310;Item 18310 Periféricos - Modelo 11;Periféricos;90;1095.60
8318;SKU-18311;Item 18311 Monitores - Modelo 12;Monitores;97;1099.07
8319;SKU-18312;Item 18312 Áudio - Modelo 13;Áudio;104;1102.54
8320;SKU-18313;Item 18313 Vídeo - Modelo 14;Vídeo;111;1106.01
8321;SKU-18314;Item 18314 Computadores - Modelo 15;Computadores;118;1109.48
8322;SKU-18315;Item 18315 Redes - Modelo 16;Redes;5;1112.95
8323;SKU-18316;Item 18316 Impressão - Modelo 17;Impressão;12;1116.42
8324;SKU-18317;Item 18317 Acessórios - Modelo 18;Acessórios;19;1119.89
8325;SKU-18318;Item 18318 Armazenamento - Modelo 19;Armazenamento;26;1123.36
8326;SKU-18319;Item 18319 Energia - Modelo 20;Energia;33;1126.83
8327;SKU-18320;Item 18320 Periféricos - Modelo 21;Periféricos;40;1130.30
8328;SKU-18321;Item 18321 Monitores - Modelo 22;Monitores;47;1133.77
8329;SKU-18322;Item 18322 Áudio - Modelo 23;Áudio;54;1137.24
8330;SKU-18323;Item 18323 Vídeo - Modelo 24;Vídeo;61;1140.71
8331;SKU-18324;Item 18324 Computadores - Modelo 25;Computadores;68;1144.18
8332;SKU-18325;Item 18325 Redes - Modelo 26;Redes;75;1147.65
8333;SKU-18326;Item 18326 Impressão - Modelo 27;Impressão;82;1151.12
8334;SKU-18327;Item 18327 Acessórios - Modelo 28;Acessórios;89;1154.59
8335;SKU-18328;Item 18328 Armazenamento - Modelo 29;Armazenamento;96;1158.06
8336;SKU-18329;Item 18329 Energia - Modelo 30;Energia;103;1161.53
8337;SKU-18330;Item 18330 Periféricos - Modelo 31;Periféricos;110;1165.00
8338;SKU-18331;Item 18331 Monitores - Modelo 32;Monitores;117;1168.47
8339;SKU-18332;Item 18332 Áudio - Modelo 33;Áudio;4;1171.94
8340;SKU-18333;Item 18333 Vídeo - Modelo 34;Vídeo;11;1175.41
8341;SKU-18334;Item 18334 Computadores - Modelo 35;Computadores;18;1178.88
8342;SKU-18335;Item 18335 Redes - Modelo 36;Redes;25;1182.35
8343;SKU-18336;Item 18336 Impressão - Modelo 37;Impressão;32;1185.82
8344;SKU-18337;Item 18337 Acessórios - Modelo 38;Acessórios;39;1189.29
8345;SKU-18338;Item 18338 Armazenamento - Modelo 39;Armazenamento;46;1192.76
8346;SKU-18339;Item 18339 Energia - Modelo 40;Energia;53;1196.23
8347;SKU-18340;Item 18340 Periféricos - Modelo 41;Periféricos;60;1199.70
8348;SKU-18341;Item 18341 Monitores - Modelo 42;Monitores;67;1203.17
8349;SKU-18342;Item 18342 Áudio - Modelo 43;Áudio;74;1206.64
8350;SKU-18343;Item 18343 Vídeo - Modelo 44;Vídeo;81;1210.11
8351;SKU-18344;Item 18344 Computadores - Modelo 45;Computadores;88;1213.58
8352;SKU-18345;Item 18345 Redes - Modelo 46;Redes;95;1217.05
8353;SKU-18346;Item 18346 Impressão - Modelo 47;Impressão;102;1220.52
8354;SKU-18347;Item 18347 Acessórios - Modelo 48;Acessórios;109;1223.99
8355;SKU-18348;Item 18348 Armazenamento - Modelo 49;Armazenamento;116;1227.46
8356;SKU-18349;Item 18349 Energia - Modelo 50;Energia;3;1230.93
8357;SKU-18350;Item 18350 Periféricos - Modelo 51;Periféricos;10;1234.40
8358;SKU-18351;Item 18351 Monitores - Modelo 52;Monitores;17;1237.87
8359;SKU-18352;Item 18352 Áudio - Modelo 53;Áudio;24;1241.34
8360;SKU-18353;Item 18353 Vídeo - Modelo 54;Vídeo;31;1244.81
8361;SKU-18354;Item 18354 Computadores - Modelo 55;Computadores;38;1248.28
8362;SKU-18355;Item 18355 Redes - Modelo 56;Redes;45;1251.75
8363;SKU-18356;Item 18356 Impressão - Modelo 57;Impressão;52;1255.22
8364;SKU-18357;Item 18357 Acessórios - Modelo 58;Acessórios;59;1258.69
8365;SKU-18358;Item 18358 Armazenamento - Modelo 59;Armazenamento;66;1262.16
8366;SKU-18359;Item 18359 Energia - Modelo 60;Energia;73;1265.63
8367;SKU-18360;Item 18360 Periféricos - Modelo 61;Periféricos;80;1269.10
8368;SKU-18361;Item 18361 Monitores - Modelo 62;Monitores;87;1272.57
8369;SKU-18362;Item 18362 Áudio - Modelo 63;Áudio;94;1276.04
8370;SKU-18363;Item 18363 Vídeo - Modelo 64;Vídeo;101;1279.51
8371;SKU-18364;Item 18364 Computadores - Modelo 65;Computadores;108;1282.98
8372;SKU-18365;Item 18365 Redes - Modelo 66;Redes;115;1286.45
8373;SKU-18366;Item 18366 Impressão - Modelo 67;Impressão;2;1289.92
8374;SKU-18367;Item 18367 Acessórios - Modelo 68;Acessórios;9;1293.39
8375;SKU-18368;Item 18368 Armazenamento - Modelo 69;Armazenamento;16;1296.86
8376;SKU-18369;Item 18369 Energia - Modelo 70;Energia;23;1300.33
8377;SKU-18370;Item 18370 Periféricos - Modelo 71;Periféricos;30;1303.80
8378;SKU-18371;Item 18371 Monitores - Modelo 72;Monitores;37;1307.27
8379;SKU-18372;Item 18372 Áudio - Modelo 73;Áudio;44;1310.74
8380;SKU-18373;Item 18373 Vídeo - Modelo 74;Vídeo;51;1314.21
8381;SKU-18374;Item 18374 Computadores - Modelo 75;Computadores;58;1317.68
8382;SKU-18375;Item 18375 Redes - Modelo 76;Redes;65;1321.15
8383;SKU-18376;Item 18376 Impressão - Modelo 77;Impressão;72;1324.62
8384;SKU-18377;Item 18377 Acessórios - Modelo 78;Acessórios;79;1328.09
8385;SKU-18378;Item 18378 Armazenamento - Modelo 79;Armazenamento;86;1331.56
8386;SKU-18379;Item 18379 Energia - Modelo 80;Energia;93;1335.03
8387;SKU-18380;Item 18380 Periféricos - Modelo 81;Periféricos;100;1338.50
8388;SKU-18381;Item 18381 Monitores - Modelo 82;Monitores;107;1341.97
8389;SKU-18382;Item 18382 Áudio - Modelo 83;Áudio;114;1345.44
8390;SKU-18383;Item 18383 Vídeo - Modelo 84;Vídeo;1;1348.91
8391;SKU-18384;Item 18384 Computadores - Modelo 85;Computadores;8;1352.38
8392;SKU-18385;Item 18385 Redes - Modelo 86;Redes;15;1355.85
8393;SKU-18386;Item 18386 Impressão - Modelo 87;Impressão;22;1359.32
8394;SKU-18387;Item 18387 Acessórios - Modelo 88;Acessórios;29;1362.79
8395;SKU-18388;Item 18388 Armazenamento - Modelo 89;Armazenamento;36;1366.26
8396;SKU-18389;Item 18389 Energia - Modelo 90;Energia;43;1369.73
8397;SKU-18390;Item 18390 Periféricos - Modelo 91;Periféricos;50;1373.20
8398;SKU-18391;Item 18391 Monitores - Modelo 92;Monitores;57;1376.67
8399;SKU-18392;Item 18392 Áudio - Modelo 93;Áudio;64;1380.14
8400;SKU-18393;Item 18393 Vídeo - Modelo 94;Vídeo;71;1383.61
8401;SKU-18394;Item 18394 Computadores - Modelo 95;Computadores;78;1387.08
8402;SKU-18395;Item 18395 Redes - Modelo 96;Redes;85;1390.55
8403;SKU-18396;Item 18396 Impressão - Modelo 97;Impressão;92;1394.02
8404;SKU-18397;Item 18397 Acessórios - Modelo 98;Acessórios;99;1397.49
8405;SKU-18398;Item 18398 Armazenamento - Modelo 99;Armazenamento;106;1400.96
8406;SKU-18399;Item 18399 Energia - Modelo 100;Energia;113;1404.43
8407;SKU-18400;Item 18400 Periféricos - Modelo 1;Periféricos;0;1407.90
8408;SKU-18401;Item 18401 Monitores - Modelo 2;Monitores;7;1411.37
8409;SKU-18402;Item 18402 Áudio - Modelo 3;Áudio;14;1414.84
8410;SKU-18403;Item 18403 Vídeo - Modelo 4;Vídeo;21;1418.31
8411;SKU-18404;Item 18404 Computadores - Modelo 5;Computadores;28;1421.78
8412;SKU-18405;Item 18405 Redes - Modelo 6;Redes;35;1425.25
8413;SKU-18406;Item 18406 Impressão - Modelo 7;Impressão;42;1428.72
8414;SKU-18407;Item 18407 Acessórios - Modelo 8;Acessórios;49;1432.19
8415;SKU-18408;Item 18408 Armazenamento - Modelo 9;Armazenamento;56;1435.66
8416;SKU-18409;Item 18409 Energia - Modelo 10;Energia;63;1439.13
8417;SKU-18410;Item 18410 Periféricos - Modelo 11;Periféricos;70;1442.60
8418;SKU-18411;Item 18411 Monitores - Modelo 12;Monitores;77;1446.07
8419;SKU-18412;Item 18412 Áudio - Modelo 13;Áudio;84;1449.54
8420;SKU-18413;Item 18413 Vídeo - Modelo 14;Vídeo;91;1453.01
8421;SKU-18414;Item 18414 Computadores - Modelo 15;Computadores;98;1456.48
8422;SKU-18415;Item 18415 Redes - Modelo 16;Redes;105;1459.95
8423;SKU-18416;Item 18416 Impressão - Modelo 17;Impressão;112;1463.42
8424;SKU-18417;Item 18417 Acessórios - Modelo 18;Acessórios;119;1466.89
8425;SKU-18418;Item 18418 Armazenamento - Modelo 19;Armazenamento;6;1470.36
8426;SKU-18419;Item 18419 Energia - Modelo 20;Energia;13;1473.83
8427;SKU-18420;Item 18420 Periféricos - Modelo 21;Periféricos;20;1477.30
8428;SKU-18421;Item 18421 Monitores - Modelo 22;Monitores;27;1480.77
8429;SKU-18422;Item 18422 Áudio - Modelo 23;Áudio;34;1484.24
8430;SKU-18423;Item 18423 Vídeo - Modelo 24;Vídeo;41;1487.71
8431;SKU-18424;Item 18424 Computadores - Modelo 25;Computadores;48;1491.18
8432;SKU-18425;Item 18425 Redes - Modelo 26;Redes;55;1494.65
8433;SKU-18426;Item 18426 Impressão - Modelo 27;Impressão;62;1498.12
8434;SKU-18427;Item 18427 Acessórios - Modelo 28;Acessórios;69;1501.59
8435;SKU-18428;Item 18428 Armazenamento - Modelo 29;Armazenamento;76;1505.06
8436;SKU-18429;Item 18429 Energia - Modelo 30;Energia;83;1508.53
8437;SKU-18430;Item 18430 Periféricos - Modelo 31;Periféricos;90;1512.00
8438;SKU-18431;Item 18431 Monitores - Modelo 32;Monitores;97;1515.47
8439;SKU-18432;Item 18432 Áudio - Modelo 33;Áudio;104;1518.94
8440;SKU-18433;Item 18433 Vídeo - Modelo 34;Vídeo;111;1522.41
8441;SKU-18434;Item 18434 Computadores - Modelo 35;Computadores;118;1525.88
8442;SKU-18435;Item 18435 Redes - Modelo 36;Redes;5;1529.35
8443;SKU-18436;Item 18436 Impressão - Modelo 37;Impressão;12;1532.82
8444;SKU-18437;Item 18437 Acessórios - Modelo 38;Acessórios;19;1536.29
8445;SKU-18438;Item 18438 Armazenamento - Modelo 39;Armazenamento;26;1539.76
8446;SKU-18439;Item 18439 Energia - Modelo 40;Energia;33;1543.23
8447;SKU-18440;Item 18440 Periféricos - Modelo 41;Periféricos;40;1546.70
8448;SKU-18441;Item 18441 Monitores - Modelo 42;Monitores;47;1550.17
8449;SKU-18442;Item 18442 Áudio - Modelo 43;Áudio;54;1553.64
8450;SKU-18443;Item 18443 Vídeo - Modelo 44;Vídeo;61;1557.11
8451;SKU-18444;Item 18444 Computadores - Modelo 45;Computadores;68;1560.58
8452;SKU-18445;Item 18445 Redes - Modelo 46;Redes;75;1564.05
8453;SKU-18446;Item 18446 Impressão - Modelo 47;Impressão;82;1567.52
8454;SKU-18447;Item 18447 Acessórios - Modelo 48;Acessórios;89;1570.99
8455;SKU-18448;Item 18448 Armazenamento - Modelo 49;Armazenamento;96;1574.46
8456;SKU-18449;Item 18449 Energia - Modelo 50;Energia;103;1577.93
8457;SKU-18450;Item 18450 Periféricos - Modelo 51;Periféricos;110;1581.40
8458;SKU-18451;Item 18451 Monitores - Modelo 52;Monitores;117;1584.87
8459;SKU-18452;Item 18452 Áudio - Modelo 53;Áudio;4;1588.34
8460;SKU-18453;Item 18453 Vídeo - Modelo 54;Vídeo;11;1591.81
8461;SKU-18454;Item 18454 Computadores - Modelo 55;Computadores;18;1595.28
8462;SKU-18455;Item 18455 Redes - Modelo 56;Redes;25;1598.75
8463;SKU-18456;Item 18456 Impressão - Modelo 57;Impressão;32;1602.22
8464;SKU-18457;Item 18457 Acessórios - Modelo 58;Acessórios;39;1605.69
8465;SKU-18458;Item 18458 Armazenamento - Modelo 59;Armazenamento;46;1609.16
8466;SKU-18459;Item 18459 Energia - Modelo 60;Energia;53;1612.63
8467;SKU-18460;Item 18460 Periféricos - Modelo 61;Periféricos;60;1616.10
8468;SKU-18461;Item 18461 Monitores - Modelo 62;Monitores;67;1619.57
8469;SKU-18462;Item 18462 Áudio - Modelo 63;Áudio;74;1623.04
8470;SKU-18463;Item 18463 Vídeo - Modelo 64;Vídeo;81;1626.51
8471;SKU-18464;Item 18464 Computadores - Modelo 65;Computadores;88;1629.98
8472;SKU-18465;Item 18465 Redes - Modelo 66;Redes;95;1633.45
8473;SKU-18466;Item 18466 Impressão - Modelo 67;Impressão;102;1636.92
8474;SKU-18467;Item 18467 Acessórios - Modelo 68;Acessórios;109;1640.39
8475;SKU-18468;Item 18468 Armazenamento - Modelo 69;Armazenamento;116;1643.86
8476;SKU-18469;Item 18469 Energia - Modelo 70;Energia;3;1647.33
8477;SKU-18470;Item 18470 Periféricos - Modelo 71;Periféricos;10;1650.80
8478;SKU-18471;Item 18471 Monitores - Modelo 72;Monitores;17;1654.27
8479;SKU-18472;Item 18472 Áudio - Modelo 73;Áudio;24;1657.74
8480;SKU-18473;Item 18473 Vídeo - Modelo 74;Vídeo;31;1661.21
8481;SKU-18474;Item 18474 Computadores - Modelo 75;Computadores;38;1664.68
8482;SKU-18475;Item 18475 Redes - Modelo 76;Redes;45;1668.15
8483;SKU-18476;Item 18476 Impressão - Modelo 77;Impressão;52;1671.62
8484;SKU-18477;Item 18477 Acessórios - Modelo 78;Acessórios;59;1675.09
8485;SKU-18478;Item 18478 Armazenamento - Modelo 79;Armazenamento;66;1678.56
8486;SKU-18479;Item 18479 Energia - Modelo 80;Energia;73;1682.03
8487;SKU-18480;Item 18480 Periféricos - Modelo 81;Periféricos;80;1685.50
8488;SKU-18481;Item 18481 Monitores - Modelo 82;Monitores;87;1688.97
8489;SKU-18482;Item 18482 Áudio - Modelo 83;Áudio;94;1692.44
8490;SKU-18483;Item 18483 Vídeo - Modelo 84;Vídeo;101;1695.91
8491;SKU-18484;Item 18484 Computadores - Modelo 85;Computadores;108;1699.38
8492;SKU-18485;Item 18485 Redes - Modelo 86;Redes;115;1702.85
8493;SKU-18486;Item 18486 Impressão - Modelo 87;Impressão;2;1706.32
8494;SKU-18487;Item 18487 Acessórios - Modelo 88;Acessórios;9;1709.79
8495;SKU-18488;Item 18488 Armazenamento - Modelo 89;Armazenamento;16;1713.26
8496;SKU-18489;Item 18489 Energia - Modelo 90;Energia;23;1716.73
8497;SKU-18490;Item 18490 Periféricos - Modelo 91;Periféricos;30;1720.20
8498;SKU-18491;Item 18491 Monitores - Modelo 92;Monitores;37;1723.67
8499;SKU-18492;Item 18492 Áudio - Modelo 93;Áudio;44;1727.14
8500;SKU-18493;Item 18493 Vídeo - Modelo 94;Vídeo;51;1730.61
8501;SKU-18494;Item 18494 Computadores - Modelo 95;Computadores;58;1734.08
8502;SKU-18495;Item 18495 Redes - Modelo 96;Redes;65;1737.55
8503;SKU-18496;Item 18496 Impressão - Modelo 97;Impressão;72;1741.02
8504;SKU-18497;Item 18497 Acessórios - Modelo 98;Acessórios;79;1744.49
8505;SKU-18498;Item 18498 Armazenamento - Modelo 99;Armazenamento;86;1747.96
8506;SKU-18499;Item 18499 Energia - Modelo 100;Energia;93;1751.43
8507;SKU-18500;Item 18500 Periféricos - Modelo 1;Periféricos;100;19.90
8508;SKU-18501;Item 18501 Monitores - Modelo 2;Monitores;107;23.37
8509;SKU-18502;Item 18502 Áudio - Modelo 3;Áudio;114;26.84
8510;SKU-18503;Item 18503 Vídeo - Modelo 4;Vídeo;1;30.31
8511;SKU-18504;Item 18504 Computadores - Modelo 5;Computadores;8;33.78
8512;SKU-18505;Item 18505 Redes - Modelo 6;Redes;15;37.25
8513;SKU-18506;Item 18506 Impressão - Modelo 7;Impressão;22;40.72
8514;SKU-18507;Item 18507 Acessórios - Modelo 8;Acessórios;29;44.19
8515;SKU-18508;Item 18508 Armazenamento - Modelo 9;Armazenamento;36;47.66
8516;SKU-18509;Item 18509 Energia - Modelo 10;Energia;43;51.13
8517;SKU-18510;Item 18510 Periféricos - Modelo 11;Periféricos;50;54.60
8518;SKU-18511;Item 18511 Monitores - Modelo 12;Monitores;57;58.07
8519;SKU-18512;Item 18512 Áudio - Modelo 13;Áudio;64;61.54
8520;SKU-18513;Item 18513 Vídeo - Modelo 14;Vídeo;71;65.01
8521;SKU-18514;Item 18514 Computadores - Modelo 15;Computadores;78;68.48
8522;SKU-18515;Item 18515 Redes - Modelo 16;Redes;85;71.95
8523;SKU-18516;Item 18516 Impressão - Modelo 17;Impressão;92;75.42
8524;SKU-18517;Item 18517 Acessórios - Modelo 18;Acessórios;99;78.89
8525;SKU-18518;Item 18518 Armazenamento - Modelo 19;Armazenamento;106;82.36
8526;SKU-18519;Item 18519 Energia - Modelo 20;Energia;113;85.83
8527;SKU-18520;Item 18520 Periféricos - Modelo 21;Periféricos;0;89.30
8528;SKU-18521;Item 18521 Monitores - Modelo 22;Monitores;7;92.77
8529;SKU-18522;Item 18522 Áudio - Modelo 23;Áudio;14;96.24
8530;SKU-18523;Item 18523 Vídeo - Modelo 24;Vídeo;21;99.71
8531;SKU-18524;Item 18524 Computadores - Modelo 25;Computadores;28;103.18
8532;SKU-18525;Item 18525 Redes - Modelo 26;Redes;35;106.65
8533;SKU-18526;Item 18526 Impressão - Modelo 27;Impressão;42;110.12
8534;SKU-18527;Item 18527 Acessórios - Modelo 28;Acessórios;49;113.59
8535;SKU-18528;Item 18528 Armazenamento - Modelo 29;Armazenamento;56;117.06
8536;SKU-18529;Item 18529 Energia - Modelo 30;Energia;63;120.53
8537;SKU-18530;Item 18530 Periféricos - Modelo 31;Periféricos;70;124.00
8538;SKU-18531;Item 18531 Monitores - Modelo 32;Monitores;77;127.47
8539;SKU-18532;Item 18532 Áudio - Modelo 33;Áudio;84;130.94
8540;SKU-18533;Item 18533 Vídeo - Modelo 34;Vídeo;91;134.41
8541;SKU-18534;Item 18534 Computadores - Modelo 35;Computadores;98;137.88
8542;SKU-18535;Item 18535 Redes - Modelo 36;Redes;105;141.35
8543;SKU-18536;Item 18536 Impressão - Modelo 37;Impressão;112;144.82
8544;SKU-18537;Item 18537 Acessórios - Modelo 38;Acessórios;119;148.29
8545;SKU-18538;Item 18538 Armazenamento - Modelo 39;Armazenamento;6;151.76
8546;SKU-18539;Item 18539 Energia - Modelo 40;Energia;13;155.23
8547;SKU-18540;Item 18540 Periféricos - Modelo 41;Periféricos;20;158.70
8548;SKU-18541;Item 18541 Monitores - Modelo 42;Monitores;27;162.17
8549;SKU-18542;Item 18542 Áudio - Modelo 43;Áudio;34;165.64
8550;SKU-18543;Item 18543 Vídeo - Modelo 44;Vídeo;41;169.11
8551;SKU-18544;Item 18544 Computadores - Modelo 45;Computadores;48;172.58
8552;SKU-18545;Item 18545 Redes - Modelo 46;Redes;55;176.05
8553;SKU-18546;Item 18546 Impressão - Modelo 47;Impressão;62;179.52
8554;SKU-18547;Item 18547 Acessórios - Modelo 48;Acessórios;69;182.99
8555;SKU-18548;Item 18548 Armazenamento - Modelo 49;Armazenamento;76;186.46
8556;SKU-18549;Item 18549 Energia - Modelo 50;Energia;83;189.93
8557;SKU-18550;Item 18550 Periféricos - Modelo 51;Periféricos;90;193.40
8558;SKU-18551;Item 18551 Monitores - Modelo 52;Monitores;97;196.87
8559;SKU-18552;Item 18552 Áudio - Modelo 53;Áudio;104;200.34
8560;SKU-18553;Item 18553 Vídeo - Modelo 54;Vídeo;111;203.81
8561;SKU-18554;Item 18554 Computadores - Modelo 55;Computadores;118;207.28
8562;SKU-18555;Item 18555 Redes - Modelo 56;Redes;5;210.75
8563;SKU-18556;Item 18556 Impressão - Modelo 57;Impressão;12;214.22
8564;SKU-18557;Item 18557 Acessórios - Modelo 58;Acessórios;19;217.69
8565;SKU-18558;Item 18558 Armazenamento - Modelo 59;Armazenamento;26;221.16
8566;SKU-18559;Item 18559 Energia - Modelo 60;Energia;33;224.63
8567;SKU-18560;Item 18560 Periféricos - Modelo 61;Periféricos;40;228.10
8568;SKU-18561;Item 18561 Monitores - Modelo 62;Monitores;47;231.57
8569;SKU-18562;Item 18562 Áudio - Modelo 63;Áudio;54;235.04
8570;SKU-18563;Item 18563 Vídeo - Modelo 64;Vídeo;61;238.51
8571;SKU-18564;Item 18564 Computadores - Modelo 65;Computadores;68;241.98
8572;SKU-18565;Item 18565 Redes - Modelo 66;Redes;75;245.45
8573;SKU-18566;Item 18566 Impressão - Modelo 67;Impressão;82;248.92
8574;SKU-18567;Item 18567 Acessórios - Modelo 68;Acessórios;89;252.39
8575;SKU-18568;Item 18568 Armazenamento - Modelo 69;Armazenamento;96;255.86
8576;SKU-18569;Item 18569 Energia - Modelo 70;Energia;103;259.33
8577;SKU-18570;Item 18570 Periféricos - Modelo 71;Periféricos;110;262.80
8578;SKU-18571;Item 18571 Monitores - Modelo 72;Monitores;117;266.27
8579;SKU-18572;Item 18572 Áudio - Modelo 73;Áudio;4;269.74
8580;SKU-18573;Item 18573 Vídeo - Modelo 74;Vídeo;11;273.21
8581;SKU-18574;Item 18574 Computadores - Modelo 75;Computadores;18;276.68
8582;SKU-18575;Item 18575 Redes - Modelo 76;Redes;25;280.15
8583;SKU-18576;Item 18576 Impressão - Modelo 77;Impressão;32;283.62
8584;SKU-18577;Item 18577 Acessórios - Modelo 78;Acessórios;39;287.09
8585;SKU-18578;Item 18578 Armazenamento - Modelo 79;Armazenamento;46;290.56
8586;SKU-18579;Item 18579 Energia - Modelo 80;Energia;53;294.03
8587;SKU-18580;Item 18580 Periféricos - Modelo 81;Periféricos;60;297.50
8588;SKU-18581;Item 18581 Monitores - Modelo 82;Monitores;67;300.97
8589;SKU-18582;Item 18582 Áudio - Modelo 83;Áudio;74;304.44
8590;SKU-18583;Item 18583 Vídeo - Modelo 84;Vídeo;81;307.91
8591;SKU-18584;Item 18584 Computadores - Modelo 85;Computadores;88;311.38
8592;SKU-18585;Item 18585 Redes - Modelo 86;Redes;95;314.85
8593;SKU-18586;Item 18586 Impressão - Modelo 87;Impressão;102;318.32
8594;SKU-18587;Item 18587 Acessórios - Modelo 88;Acessórios;109;321.79
8595;SKU-18588;Item 18588 Armazenamento - Modelo 89;Armazenamento;116;325.26
8596;SKU-18589;Item 18589 Energia - Modelo 90;Energia;3;328.73
8597;SKU-18590;Item 18590 Periféricos - Modelo 91;Periféricos;10;332.20
8598;SKU-18591;Item 18591 Monitores - Modelo 92;Monitores;17;335.67
8599;SKU-18592;Item 18592 Áudio - Modelo 93;Áudio;24;339.14
8600;SKU-18593;Item 18593 Vídeo - Modelo 94;Vídeo;31;342.61
8601;SKU-18594;Item 18594 Computadores - Modelo 95;Computadores;38;346.08
8602;SKU-18595;Item 18595 Redes - Modelo 96;Redes;45;349.55
8603;SKU-18596;Item 18596 Impressão - Modelo 97;Impressão;52;353.02
8604;SKU-18597;Item 18597 Acessórios - Modelo 98;Acessórios;59;356.49
8605;SKU-18598;Item 18598 Armazenamento - Modelo 99;Armazenamento;66;359.96
8606;SKU-18599;Item 18599 Energia - Modelo 100;Energia;73;363.43
8607;SKU-18600;Item 18600 Periféricos - Modelo 1;Periféricos;80;366.90
8608;SKU-18601;Item 18601 Monitores - Modelo 2;Monitores;87;370.37
8609;SKU-18602;Item 18602 Áudio - Modelo 3;Áudio;94;373.84
8610;SKU-18603;Item 18603 Vídeo - Modelo 4;Vídeo;101;377.31
8611;SKU-18604;Item 18604 Computadores - Modelo 5;Computadores;108;380.78
8612;SKU-18605;Item 18605 Redes - Modelo 6;Redes;115;384.25
8613;SKU-18606;Item 18606 Impressão - Modelo 7;Impressão;2;387.72
8614;SKU-18607;Item 18607 Acessórios - Modelo 8;Acessórios;9;391.19
8615;SKU-18608;Item 18608 Armazenamento - Modelo 9;Armazenamento;16;394.66
8616;SKU-18609;Item 18609 Energia - Modelo 10;Energia;23;398.13
8617;SKU-18610;Item 18610 Periféricos - Modelo 11;Periféricos;30;401.60
8618;SKU-18611;Item 18611 Monitores - Modelo 12;Monitores;37;405.07
8619;SKU-18612;Item 18612 Áudio - Modelo 13;Áudio;44;408.54
8620;SKU-18613;Item 18613 Vídeo - Modelo 14;Vídeo;51;412.01
8621;SKU-18614;Item 18614 Computadores - Modelo 15;Computadores;58;415.48
8622;SKU-18615;Item 18615 Redes - Modelo 16;Redes;65;418.95
8623;SKU-18616;Item 18616 Impressão - Modelo 17;Impressão;72;422.42
8624;SKU-18617;Item 18617 Acessórios - Modelo 18;Acessórios;79;425.89
8625;SKU-18618;Item 18618 Armazenamento - Modelo 19;Armazenamento;86;429.36
8626;SKU-18619;Item 18619 Energia - Modelo 20;Energia;93;432.83
8627;SKU-18620;Item 18620 Periféricos - Modelo 21;Periféricos;100;436.30
8628;SKU-18621;Item 18621 Monitores - Modelo 22;Monitores;107;439.77
8629;SKU-18622;Item 18622 Áudio - Modelo 23;Áudio;114;443.24
8630;SKU-18623;Item 18623 Vídeo - Modelo 24;Vídeo;1;446.71
8631;SKU-18624;Item 18624 Computadores - Modelo 25;Computadores;8;450.18
8632;SKU-18625;Item 18625 Redes - Modelo 26;Redes;15;453.65
8633;SKU-18626;Item 18626 Impressão - Modelo 27;Impressão;22;457.12
8634;SKU-18627;Item 18627 Acessórios - Modelo 28;Acessórios;29;460.59
8635;SKU-18628;Item 18628 Armazenamento - Modelo 29;Armazenamento;36;464.06
8636;SKU-18629;Item 18629 Energia - Modelo 30;Energia;43;467.53
8637;SKU-18630;Item 18630 Periféricos - Modelo 31;Periféricos;50;471.00
8638;SKU-18631;Item 18631 Monitores - Modelo 32;Monitores;57;474.47
8639;SKU-18632;Item 18632 Áudio - Modelo 33;Áudio;64;477.94
8640;SKU-18633;Item 18633 Vídeo - Modelo 34;Vídeo;71;481.41
8641;SKU-18634;Item 18634 Computadores - Modelo 35;Computadores;78;484.88
8642;SKU-18635;Item 18635 Redes - Modelo 36;Redes;85;488.35
8643;SKU-18636;Item 18636 Impressão - Modelo 37;Impressão;92;491.82
8644;SKU-18637;Item 18637 Acessórios - Modelo 38;Acessórios;99;495.29
8645;SKU-18638;Item 18638 Armazenamento - Modelo 39;Armazenamento;106;498.76
8646;SKU-18639;Item 18639 Energia - Modelo 40;Energia;113;502.23
8647;SKU-18640;Item 18640 Periféricos - Modelo 41;Periféricos;0;505.70
8648;SKU-18641;Item 18641 Monitores - Modelo 42;Monitores;7;509.17
8649;SKU-18642;Item 18642 Áudio - Modelo 43;Áudio;14;512.64
8650;SKU-18643;Item 18643 Vídeo - Modelo 44;Vídeo;21;516.11
8651;SKU-18644;Item 18644 Computadores - Modelo 45;Computadores;28;519.58
8652;SKU-18645;Item 18645 Redes - Modelo 46;Redes;35;523.05
8653;SKU-18646;Item 18646 Impressão - Modelo 47;Impressão;42;526.52
8654;SKU-18647;Item 18647 Acessórios - Modelo 48;Acessórios;49;529.99
8655;SKU-18648;Item 18648 Armazenamento - Modelo 49;Armazenamento;56;533.46
8656;SKU-18649;Item 18649 Energia - Modelo 50;Energia;63;536.93
8657;SKU-18650;Item 18650 Periféricos - Modelo 51;Periféricos;70;540.40
8658;SKU-18651;Item 18651 Monitores - Modelo 52;Monitores;77;543.87
8659;SKU-18652;Item 18652 Áudio - Modelo 53;Áudio;84;547.34
8660;SKU-18653;Item 18653 Vídeo - Modelo 54;Vídeo;91;550.81
8661;SKU-18654;Item 18654 Computadores - Modelo 55;Computadores;98;554.28
8662;SKU-18655;Item 18655 Redes - Modelo 56;Redes;105;557.75
8663;SKU-18656;Item 18656 Impressão - Modelo 57;Impressão;112;561.22
8664;SKU-18657;Item 18657 Acessórios - Modelo 58;Acessórios;119;564.69
8665;SKU-18658;Item 18658 Armazenamento - Modelo 59;Armazenamento;6;568.16
8666;SKU-18659;Item 18659 Energia - Modelo 60;Energia;13;571.63
8667;SKU-18660;Item 18660 Periféricos - Modelo 61;Periféricos;20;575.10
8668;SKU-18661;Item 18661 Monitores - Modelo 62;Monitores;27;578.57
8669;SKU-18662;Item 18662 Áudio - Modelo 63;Áudio;34;582.04
8670;SKU-18663;Item 18663 Vídeo - Modelo 64;Vídeo;41;585.51
8671;SKU-18664;Item 18664 Computadores - Modelo 65;Computadores;48;588.98
8672;SKU-18665;Item 18665 Redes - Modelo 66;Redes;55;592.45
8673;SKU-18666;Item 18666 Impressão - Modelo 67;Impressão;62;595.92
8674;SKU-18667;Item 18667 Acessórios - Modelo 68;Acessórios;69;599.39
8675;SKU-18668;Item 18668 Armazenamento - Modelo 69;Armazenamento;76;602.86
8676;SKU-18669;Item 18669 Energia - Modelo 70;Energia;83;606.33
8677;SKU-18670;Item 18670 Periféricos - Modelo 71;Periféricos;90;609.80
8678;SKU-18671;Item 18671 Monitores - Modelo 72;Monitores;97;613.27
8679;SKU-18672;Item 18672 Áudio - Modelo 73;Áudio;104;616.74
8680;SKU-18673;Item 18673 Vídeo - Modelo 74;Vídeo;111;620.21
8681;SKU-18674;Item 18674 Computadores - Modelo 75;Computadores;118;623.68
8682;SKU-18675;Item 18675 Redes - Modelo 76;Redes;5;627.15
8683;SKU-18676;Item 18676 Impressão - Modelo 77;Impressão;12;630.62
8684;SKU-18677;Item 18677 Acessórios - Modelo 78;Acessórios;19;634.09
8685;SKU-18678;Item 18678 Armazenamento - Modelo 79;Armazenamento;26;637.56
8686;SKU-18679;Item 18679 Energia - Modelo 80;Energia;33;641.03
8687;SKU-18680;Item 18680 Periféricos - Modelo 81;Periféricos;40;644.50
8688;SKU-18681;Item 18681 Monitores - Modelo 82;Monitores;47;647.97
8689;SKU-18682;Item 18682 Áudio - Modelo 83;Áudio;54;651.44
8690;SKU-18683;Item 18683 Vídeo - Modelo 84;Vídeo;61;654.91
8691;SKU-18684;Item 18684 Computadores - Modelo 85;Computadores;68;658.38
8692;SKU-18685;Item 18685 Redes - Modelo 86;Redes;75;661.85
8693;SKU-18686;Item 18686 Impressão - Modelo 87;Impressão;82;665.32
8694;SKU-18687;Item 18687 Acessórios - Modelo 88;Acessórios;89;668.79
8695;SKU-18688;Item 18688 Armazenamento - Modelo 89;Armazenamento;96;672.26
8696;SKU-18689;Item 18689 Energia - Modelo 90;Energia;103;675.73
8697;SKU-18690;Item 18690 Periféricos - Modelo 91;Periféricos;110;679.20
8698;SKU-18691;Item 18691 Monitores - Modelo 92;Monitores;117;682.67
8699;SKU-18692;Item 18692 Áudio - Modelo 93;Áudio;4;686.14
8700;SKU-18693;Item 18693 Vídeo - Modelo 94;Vídeo;11;689.61
8701;SKU-18694;Item 18694 Computadores - Modelo 95;Computadores;18;693.08
8702;SKU-18695;Item 18695 Redes - Modelo 96;Redes;25;696.55
8703;SKU-18696;Item 18696 Impressão - Modelo 97;Impressão;32;700.02
8704;SKU-18697;Item 18697 Acessórios - Modelo 98;Acessórios;39;703.49
8705;SKU-18698;Item 18698 Armazenamento - Modelo 99;Armazenamento;46;706.96
8706;SKU-18699;Item 18699 Energia - Modelo 100;Energia;53;710.43
8707;SKU-18700;Item 18700 Periféricos - Modelo 1;Periféricos;60;713.90
8708;SKU-18701;Item 18701 Monitores - Modelo 2;Monitores;67;717.37
8709;SKU-18702;Item 18702 Áudio - Modelo 3;Áudio;74;720.84
8710;SKU-18703;Item 18703 Vídeo - Modelo 4;Vídeo;81;724.31
8711;SKU-18704;Item 18704 Computadores - Modelo 5;Computadores;88;727.78
8712;SKU-18705;Item 18705 Redes - Modelo 6;Redes;95;731.25
8713;SKU-18706;Item 18706 Impressão - Modelo 7;Impressão;102;734.72
8714;SKU-18707;Item 18707 Acessórios - Modelo 8;Acessórios;109;738.19
8715;SKU-18708;Item 18708 Armazenamento - Modelo 9;Armazenamento;116;741.66
8716;SKU-18709;Item 18709 Energia - Modelo 10;Energia;3;745.13
8717;SKU-18710;Item 18710 Periféricos - Modelo 11;Periféricos;10;748.60
8718;SKU-18711;Item 18711 Monitores - Modelo 12;Monitores;17;752.07
8719;SKU-18712;Item 18712 Áudio - Modelo 13;Áudio;24;755.54
8720;SKU-18713;Item 18713 Vídeo - Modelo 14;Vídeo;31;759.01
8721;SKU-18714;Item 18714 Computadores - Modelo 15;Computadores;38;762.48
8722;SKU-18715;Item 18715 Redes - Modelo 16;Redes;45;765.95
8723;SKU-18716;Item 18716 Impressão - Modelo 17;Impressão;52;769.42
8724;SKU-18717;Item 18717 Acessórios - Modelo 18;Acessórios;59;772.89
8725;SKU-18718;Item 18718 Armazenamento - Modelo 19;Armazenamento;66;776.36
8726;SKU-18719;Item 18719 Energia - Modelo 20;Energia;73;779.83
8727;SKU-18720;Item 18720 Periféricos - Modelo 21;Periféricos;80;783.30
8728;SKU-18721;Item 18721 Monitores - Modelo 22;Monitores;87;786.77
8729;SKU-18722;Item 18722 Áudio - Modelo 23;Áudio;94;790.24
8730;SKU-18723;Item 18723 Vídeo - Modelo 24;Vídeo;101;793.71
8731;SKU-18724;Item 18724 Computadores - Modelo 25;Computadores;108;797.18
8732;SKU-18725;Item 18725 Redes - Modelo 26;Redes;115;800.65
8733;SKU-18726;Item 18726 Impressão - Modelo 27;Impressão;2;804.12
8734;SKU-18727;Item 18727 Acessórios - Modelo 28;Acessórios;9;807.59
8735;SKU-18728;Item 18728 Armazenamento - Modelo 29;Armazenamento;16;811.06
8736;SKU-18729;Item 18729 Energia - Modelo 30;Energia;23;814.53
8737;SKU-18730;Item 18730 Periféricos - Modelo 31;Periféricos;30;818.00
8738;SKU-18731;Item 18731 Monitores - Modelo 32;Monitores;37;821.47
8739;SKU-18732;Item 18732 Áudio - Modelo 33;Áudio;44;824.94
8740;SKU-18733;Item 18733 Vídeo - Modelo 34;Vídeo;51;828.41
8741;SKU-18734;Item 18734 Computadores - Modelo 35;Computadores;58;831.88
8742;SKU-18735;Item 18735 Redes - Modelo 36;Redes;65;835.35
8743;SKU-18736;Item 18736 Impressão - Modelo 37;Impressão;72;838.82
8744;SKU-18737;Item 18737 Acessórios - Modelo 38;Acessórios;79;842.29
8745;SKU-18738;Item 18738 Armazenamento - Modelo 39;Armazenamento;86;845.76
8746;SKU-18739;Item 18739 Energia - Modelo 40;Energia;93;849.23
8747;SKU-18740;Item 18740 Periféricos - Modelo 41;Periféricos;100;852.70
8748;SKU-18741;Item 18741 Monitores - Modelo 42;Monitores;107;856.17
8749;SKU-18742;Item 18742 Áudio - Modelo 43;Áudio;114;859.64
8750;SKU-18743;Item 18743 Vídeo - Modelo 44;Vídeo;1;863.11
8751;SKU-18744;Item 18744 Computadores - Modelo 45;Computadores;8;866.58
8752;SKU-18745;Item 18745 Redes - Modelo 46;Redes;15;870.05
8753;SKU-18746;Item 18746 Impressão - Modelo 47;Impressão;22;873.52
8754;SKU-18747;Item 18747 Acessórios - Modelo 48;Acessórios;29;876.99
8755;SKU-18748;Item 18748 Armazenamento - Modelo 49;Armazenamento;36;880.46
8756;SKU-18749;Item 18749 Energia - Modelo 50;Energia;43;883.93
8757;SKU-18750;Item 18750 Periféricos - Modelo 51;Periféricos;50;887.40
8758;SKU-18751;Item 18751 Monitores - Modelo 52;Monitores;57;890.87
8759;SKU-18752;Item 18752 Áudio - Modelo 53;Áudio;64;894.34
8760;SKU-18753;Item 18753 Vídeo - Modelo 54;Vídeo;71;897.81
8761;SKU-18754;Item 18754 Computadores - Modelo 55;Computadores;78;901.28
8762;SKU-18755;Item 18755 Redes - Modelo 56;Redes;85;904.75
8763;SKU-18756;Item 18756 Impressão - Modelo 57;Impressão;92;908.22
8764;SKU-18757;Item 18757 Acessórios - Modelo 58;Acessórios;99;911.69
8765;SKU-18758;Item 18758 Armazenamento - Modelo 59;Armazenamento;106;915.16
8766;SKU-18759;Item 18759 Energia - Modelo 60;Energia;113;918.63
8767;SKU-18760;Item 18760 Periféricos - Modelo 61;Periféricos;0;922.10
8768;SKU-18761;Item 18761 Monitores - Modelo 62;Monitores;7;925.57
8769;SKU-18762;Item 18762 Áudio - Modelo 63;Áudio;14;929.04
8770;SKU-18763;Item 18763 Vídeo - Modelo 64;Vídeo;21;932.51
8771;SKU-18764;Item 18764 Computadores - Modelo 65;Computadores;28;935.98
8772;SKU-18765;Item 18765 Redes - Modelo 66;Redes;35;939.45
8773;SKU-18766;Item 18766 Impressão - Modelo 67;Impressão;42;942.92
8774;SKU-18767;Item 18767 Acessórios - Modelo 68;Acessórios;49;946.39
8775;SKU-18768;Item 18768 Armazenamento - Modelo 69;Armazenamento;56;949.86
8776;SKU-18769;Item 18769 Energia - Modelo 70;Energia;63;953.33
8777;SKU-18770;Item 18770 Periféricos - Modelo 71;Periféricos;70;956.80
8778;SKU-18771;Item 18771 Monitores - Modelo 72;Monitores;77;960.27
8779;SKU-18772;Item 18772 Áudio - Modelo 73;Áudio;84;963.74
8780;SKU-18773;Item 18773 Vídeo - Modelo 74;Vídeo;91;967.21
8781;SKU-18774;Item 18774 Computadores - Modelo 75;Computadores;98;970.68
8782;SKU-18775;Item 18775 Redes - Modelo 76;Redes;105;974.15
8783;SKU-18776;Item 18776 Impressão - Modelo 77;Impressão;112;977.62
8784;SKU-18777;Item 18777 Acessórios - Modelo 78;Acessórios;119;981.09
8785;SKU-18778;Item 18778 Armazenamento - Modelo 79;Armazenamento;6;984.56
8786;SKU-18779;Item 18779 Energia - Modelo 80;Energia;13;988.03
8787;SKU-18780;Item 18780 Periféricos - Modelo 81;Periféricos;20;991.50
8788;SKU-18781;Item 18781 Monitores - Modelo 82;Monitores;27;994.97
8789;SKU-18782;Item 18782 Áudio - Modelo 83;Áudio;34;998.44
8790;SKU-18783;Item 18783 Vídeo - Modelo 84;Vídeo;41;1001.91
8791;SKU-18784;Item 18784 Computadores - Modelo 85;Computadores;48;1005.38
8792;SKU-18785;Item 18785 Redes - Modelo 86;Redes;55;1008.85
8793;SKU-18786;Item 18786 Impressão - Modelo 87;Impressão;62;1012.32
8794;SKU-18787;Item 18787 Acessórios - Modelo 88;Acessórios;69;1015.79
8795;SKU-18788;Item 18788 Armazenamento - Modelo 89;Armazenamento;76;1019.26
8796;SKU-18789;Item 18789 Energia - Modelo 90;Energia;83;1022.73
8797;SKU-18790;Item 18790 Periféricos - Modelo 91;Periféricos;90;1026.20
8798;SKU-18791;Item 18791 Monitores - Modelo 92;Monitores;97;1029.67
8799;SKU-18792;Item 18792 Áudio - Modelo 93;Áudio;104;1033.14
8800;SKU-18793;Item 18793 Vídeo - Modelo 94;Vídeo;111;1036.61
8801;SKU-18794;Item 18794 Computadores - Modelo 95;Computadores;118;1040.08
8802;SKU-18795;Item 18795 Redes - Modelo 96;Redes;5;1043.55
8803;SKU-18796;Item 18796 Impressão - Modelo 97;Impressão;12;1047.02
8804;SKU-18797;Item 18797 Acessórios - Modelo 98;Acessórios;19;1050.49
8805;SKU-18798;Item 18798 Armazenamento - Modelo 99;Armazenamento;26;1053.96
8806;SKU-18799;Item 18799 Energia - Modelo 100;Energia;33;1057.43
8807;SKU-18800;Item 18800 Periféricos - Modelo 1;Periféricos;40;1060.90
8808;SKU-18801;Item 18801 Monitores - Modelo 2;Monitores;47;1064.37
8809;SKU-18802;Item 18802 Áudio - Modelo 3;Áudio;54;1067.84
8810;SKU-18803;Item 18803 Vídeo - Modelo 4;Vídeo;61;1071.31
8811;SKU-18804;Item 18804 Computadores - Modelo 5;Computadores;68;1074.78
8812;SKU-18805;Item 18805 Redes - Modelo 6;Redes;75;1078.25
8813;SKU-18806;Item 18806 Impressão - Modelo 7;Impressão;82;1081.72
8814;SKU-18807;Item 18807 Acessórios - Modelo 8;Acessórios;89;1085.19
8815;SKU-18808;Item 18808 Armazenamento - Modelo 9;Armazenamento;96;1088.66
8816;SKU-18809;Item 18809 Energia - Modelo 10;Energia;103;1092.13
8817;SKU-18810;Item 18810 Periféricos - Modelo 11;Periféricos;110;1095.60
8818;SKU-18811;Item 18811 Monitores - Modelo 12;Monitores;117;1099.07
8819;SKU-18812;Item 18812 Áudio - Modelo 13;Áudio;4;1102.54
8820;SKU-18813;Item 18813 Vídeo - Modelo 14;Vídeo;11;1106.01
8821;SKU-18814;Item 18814 Computadores - Modelo 15;Computadores;18;1109.48
8822;SKU-18815;Item 18815 Redes - Modelo 16;Redes;25;1112.95
8823;SKU-18816;Item 18816 Impressão - Modelo 17;Impressão;32;1116.42
8824;SKU-18817;Item 18817 Acessórios - Modelo 18;Acessórios;39;1119.89
8825;SKU-18818;Item 18818 Armazenamento - Modelo 19;Armazenamento;46;1123.36
8826;SKU-18819;Item 18819 Energia - Modelo 20;Energia;53;1126.83
8827;SKU-18820;Item 18820 Periféricos - Modelo 21;Periféricos;60;1130.30
8828;SKU-18821;Item 18821 Monitores - Modelo 22;Monitores;67;1133.77
8829;SKU-18822;Item 18822 Áudio - Modelo 23;Áudio;74;1137.24
8830;SKU-18823;Item 18823 Vídeo - Modelo 24;Vídeo;81;1140.71
8831;SKU-18824;Item 18824 Computadores - Modelo 25;Computadores;88;1144.18
8832;SKU-18825;Item 18825 Redes - Modelo 26;Redes;95;1147.65
8833;SKU-18826;Item 18826 Impressão - Modelo 27;Impressão;102;1151.12
8834;SKU-18827;Item 18827 Acessórios - Modelo 28;Acessórios;109;1154.59
8835;SKU-18828;Item 18828 Armazenamento - Modelo 29;Armazenamento;116;1158.06
8836;SKU-18829;Item 18829 Energia - Modelo 30;Energia;3;1161.53
8837;SKU-18830;Item 18830 Periféricos - Modelo 31;Periféricos;10;1165.00
8838;SKU-18831;Item 18831 Monitores - Modelo 32;Monitores;17;1168.47
8839;SKU-18832;Item 18832 Áudio - Modelo 33;Áudio;24;1171.94
8840;SKU-18833;Item 18833 Vídeo - Modelo 34;Vídeo;31;1175.41
8841;SKU-18834;Item 18834 Computadores - Modelo 35;Computadores;38;1178.88
8842;SKU-18835;Item 18835 Redes - Modelo 36;Redes;45;1182.35
8843;SKU-18836;Item 18836 Impressão - Modelo 37;Impressão;52;1185.82
8844;SKU-18837;Item 18837 Acessórios - Modelo 38;Acessórios;59;1189.29
8845;SKU-18838;Item 18838 Armazenamento - Modelo 39;Armazenamento;66;1192.76
8846;SKU-18839;Item 18839 Energia - Modelo 40;Energia;73;1196.23
8847;SKU-18840;Item 18840 Periféricos - Modelo 41;Periféricos;80;1199.70
8848;SKU-18841;Item 18841 Monitores - Modelo 42;Monitores;87;1203.17
8849;SKU-18842;Item 18842 Áudio - Modelo 43;Áudio;94;1206.64
8850;SKU-18843;Item 18843 Vídeo - Modelo 44;Vídeo;101;1210.11
8851;SKU-18844;Item 18844 Computadores - Modelo 45;Computadores;108;1213.58
8852;SKU-18845;Item 18845 Redes - Modelo 46;Redes;115;1217.05
8853;SKU-18846;Item 18846 Impressão - Modelo 47;Impressão;2;1220.52
8854;SKU-18847;Item 18847 Acessórios - Modelo 48;Acessórios;9;1223.99
8855;SKU-18848;Item 18848 Armazenamento - Modelo 49;Armazenamento;16;1227.46
8856;SKU-18849;Item 18849 Energia - Modelo 50;Energia;23;1230.93
8857;SKU-18850;Item 18850 Periféricos - Modelo 51;Periféricos;30;1234.40
8858;SKU-18851;Item 18851 Monitores - Modelo 52;Monitores;37;1237.87
8859;SKU-18852;Item 18852 Áudio - Modelo 53;Áudio;44;1241.34
8860;SKU-18853;Item 18853 Vídeo - Modelo 54;Vídeo;51;1244.81
8861;SKU-18854;Item 18854 Computadores - Modelo 55;Computadores;58;1248.28
8862;SKU-18855;Item 18855 Redes - Modelo 56;Redes;65;1251.75
8863;SKU-18856;Item 18856 Impressão - Modelo 57;Impressão;72;1255.22
8864;SKU-18857;Item 18857 Acessórios - Modelo 58;Acessórios;79;1258.69
8865;SKU-18858;Item 18858 Armazenamento - Modelo 59;Armazenamento;86;1262.16
8866;SKU-18859;Item 18859 Energia - Modelo 60;Energia;93;1265.63
8867;SKU-18860;Item 18860 Periféricos - Modelo 61;Periféricos;100;1269.10
8868;SKU-18861;Item 18861 Monitores - Modelo 62;Monitores;107;1272.57
8869;SKU-18862;Item 18862 Áudio - Modelo 63;Áudio;114;1276.04
8870;SKU-18863;Item 18863 Vídeo - Modelo 64;Vídeo;1;1279.51
8871;SKU-18864;Item 18864 Computadores - Modelo 65;Computadores;8;1282.98
8872;SKU-18865;Item 18865 Redes - Modelo 66;Redes;15;1286.45
8873;SKU-18866;Item 18866 Impressão - Modelo 67;Impressão;22;1289.92
8874;SKU-18867;Item 18867 Acessórios - Modelo 68;Acessórios;29;1293.39
8875;SKU-18868;Item 18868 Armazenamento - Modelo 69;Armazenamento;36;1296.86
8876;SKU-18869;Item 18869 Energia - Modelo 70;Energia;43;1300.33
8877;SKU-18870;Item 18870 Periféricos - Modelo 71;Periféricos;50;1303.80
8878;SKU-18871;Item 18871 Monitores - Modelo 72;Monitores;57;1307.27
8879;SKU-18872;Item 18872 Áudio - Modelo 73;Áudio;64;1310.74
8880;SKU-18873;Item 18873 Vídeo - Modelo 74;Vídeo;71;1314.21
8881;SKU-18874;Item 18874 Computadores - Modelo 75;Computadores;78;1317.68
8882;SKU-18875;Item 18875 Redes - Modelo 76;Redes;85;1321.15
8883;SKU-18876;Item 18876 Impressão - Modelo 77;Impressão;92;1324.62
8884;SKU-18877;Item 18877 Acessórios - Modelo 78;Acessórios;99;1328.09
8885;SKU-18878;Item 18878 Armazenamento - Modelo 79;Armazenamento;106;1331.56
8886;SKU-18879;Item 18879 Energia - Modelo 80;Energia;113;1335.03
8887;SKU-18880;Item 18880 Periféricos - Modelo 81;Periféricos;0;1338.50
8888;SKU-18881;Item 18881 Monitores - Modelo 82;Monitores;7;1341.97
8889;SKU-18882;Item 18882 Áudio - Modelo 83;Áudio;14;1345.44
8890;SKU-18883;Item 18883 Vídeo - Modelo 84;Vídeo;21;1348.91
8891;SKU-18884;Item 18884 Computadores - Modelo 85;Computadores;28;1352.38
8892;SKU-18885;Item 18885 Redes - Modelo 86;Redes;35;1355.85
8893;SKU-18886;Item 18886 Impressão - Modelo 87;Impressão;42;1359.32
8894;SKU-18887;Item 18887 Acessórios - Modelo 88;Acessórios;49;1362.79
8895;SKU-18888;Item 18888 Armazenamento - Modelo 89;Armazenamento;56;1366.26
8896;SKU-18889;Item 18889 Energia - Modelo 90;Energia;63;1369.73
8897;SKU-18890;Item 18890 Periféricos - Modelo 91;Periféricos;70;1373.20
8898;SKU-18891;Item 18891 Monitores - Modelo 92;Monitores;77;1376.67
8899;SKU-18892;Item 18892 Áudio - Modelo 93;Áudio;84;1380.14
8900;SKU-18893;Item 18893 Vídeo - Modelo 94;Vídeo;91;1383.61
8901;SKU-18894;Item 18894 Computadores - Modelo 95;Computadores;98;1387.08
8902;SKU-18895;Item 18895 Redes - Modelo 96;Redes;105;1390.55
8903;SKU-18896;Item 18896 Impressão - Modelo 97;Impressão;112;1394.02
8904;SKU-18897;Item 18897 Acessórios - Modelo 98;Acessórios;119;1397.49
8905;SKU-18898;Item 18898 Armazenamento - Modelo 99;Armazenamento;6;1400.96
8906;SKU-18899;Item 18899 Energia - Modelo 100;Energia;13;1404.43
8907;SKU-18900;Item 18900 Periféricos - Modelo 1;Periféricos;20;1407.90
8908;SKU-18901;Item 18901 Monitores - Modelo 2;Monitores;27;1411.37
8909;SKU-18902;Item 18902 Áudio - Modelo 3;Áudio;34;1414.84
8910;SKU-18903;Item 18903 Vídeo - Modelo 4;Vídeo;41;1418.31
8911;SKU-18904;Item 18904 Computadores - Modelo 5;Computadores;48;1421.78
8912;SKU-18905;Item 18905 Redes - Modelo 6;Redes;55;1425.25
8913;SKU-18906;Item 18906 Impressão - Modelo 7;Impressão;62;1428.72
8914;SKU-18907;Item 18907 Acessórios - Modelo 8;Acessórios;69;1432.19
8915;SKU-18908;Item 18908 Armazenamento - Modelo 9;Armazenamento;76;1435.66
8916;SKU-18909;Item 18909 Energia - Modelo 10;Energia;83;1439.13
8917;SKU-18910;Item 18910 Periféricos - Modelo 11;Periféricos;90;1442.60
8918;SKU-18911;Item 18911 Monitores - Modelo 12;Monitores;97;1446.07
8919;SKU-18912;Item 18912 Áudio - Modelo 13;Áudio;104;1449.54
8920;SKU-18913;Item 18913 Vídeo - Modelo 14;Vídeo;111;1453.01
8921;SKU-18914;Item 18914 Computadores - Modelo 15;Computadores;118;1456.48
8922;SKU-18915;Item 18915 Redes - Modelo 16;Redes;5;1459.95
8923;SKU-18916;Item 18916 Impressão - Modelo 17;Impressão;12;1463.42
8924;SKU-18917;Item 18917 Acessórios - Modelo 18;Acessórios;19;1466.89
8925;SKU-18918;Item 18918 Armazenamento - Modelo 19;Armazenamento;26;1470.36
8926;SKU-18919;Item 18919 Energia - Modelo 20;Energia;33;1473.83
8927;SKU-18920;Item 18920 Periféricos - Modelo 21;Periféricos;40;1477.30
8928;SKU-18921;Item 18921 Monitores - Modelo 22;Monitores;47;1480.77
8929;SKU-18922;Item 18922 Áudio - Modelo 23;Áudio;54;1484.24
8930;SKU-18923;Item 18923 Vídeo - Modelo 24;Vídeo;61;1487.71
8931;SKU-18924;Item 18924 Computadores - Modelo 25;Computadores;68;1491.18
8932;SKU-18925;Item 18925 Redes - Modelo 26;Redes;75;1494.65
8933;SKU-18926;Item 18926 Impressão - Modelo 27;Impressão;82;1498.12
8934;SKU-18927;Item 18927 Acessórios - Modelo 28;Acessórios;89;1501.59
8935;SKU-18928;Item 18928 Armazenamento - Modelo 29;Armazenamento;96;1505.06
8936;SKU-18929;Item 18929 Energia - Modelo 30;Energia;103;1508.53
8937;SKU-18930;Item 18930 Periféricos - Modelo 31;Periféricos;110;1512.00
8938;SKU-18931;Item 18931 Monitores - Modelo 32;Monitores;117;1515.47
8939;SKU-18932;Item 18932 Áudio - Modelo 33;Áudio;4;1518.94
8940;SKU-18933;Item 18933 Vídeo - Modelo 34;Vídeo;11;1522.41
8941;SKU-18934;Item 18934 Computadores - Modelo 35;Computadores;18;1525.88
8942;SKU-18935;Item 18935 Redes - Modelo 36;Redes;25;1529.35
8943;SKU-18936;Item 18936 Impressão - Modelo 37;Impressão;32;1532.82
8944;SKU-18937;Item 18937 Acessórios - Modelo 38;Acessórios;39;1536.29
8945;SKU-18938;Item 18938 Armazenamento - Modelo 39;Armazenamento;46;1539.76
8946;SKU-18939;Item 18939 Energia - Modelo 40;Energia;53;1543.23
8947;SKU-18940;Item 18940 Periféricos - Modelo 41;Periféricos;60;1546.70
8948;SKU-18941;Item 18941 Monitores - Modelo 42;Monitores;67;1550.17
8949;SKU-18942;Item 18942 Áudio - Modelo 43;Áudio;74;1553.64
8950;SKU-18943;Item 18943 Vídeo - Modelo 44;Vídeo;81;1557.11
8951;SKU-18944;Item 18944 Computadores - Modelo 45;Computadores;88;1560.58
8952;SKU-18945;Item 18945 Redes - Modelo 46;Redes;95;1564.05
8953;SKU-18946;Item 18946 Impressão - Modelo 47;Impressão;102;1567.52
8954;SKU-18947;Item 18947 Acessórios - Modelo 48;Acessórios;109;1570.99
8955;SKU-18948;Item 18948 Armazenamento - Modelo 49;Armazenamento;116;1574.46
8956;SKU-18949;Item 18949 Energia - Modelo 50;Energia;3;1577.93
8957;SKU-18950;Item 18950 Periféricos - Modelo 51;Periféricos;10;1581.40
8958;SKU-18951;Item 18951 Monitores - Modelo 52;Monitores;17;1584.87
8959;SKU-18952;Item 18952 Áudio - Modelo 53;Áudio;24;1588.34
8960;SKU-18953;Item 18953 Vídeo - Modelo 54;Vídeo;31;1591.81
8961;SKU-18954;Item 18954 Computadores - Modelo 55;Computadores;38;1595.28
8962;SKU-18955;Item 18955 Redes - Modelo 56;Redes;45;1598.75
8963;SKU-18956;Item 18956 Impressão - Modelo 57;Impressão;52;1602.22
8964;SKU-18957;Item 18957 Acessórios - Modelo 58;Acessórios;59;1605.69
8965;SKU-18958;Item 18958 Armazenamento - Modelo 59;Armazenamento;66;1609.16
8966;SKU-18959;Item 18959 Energia - Modelo 60;Energia;73;1612.63
8967;SKU-18960;Item 18960 Periféricos - Modelo 61;Periféricos;80;1616.10
8968;SKU-18961;Item 18961 Monitores - Modelo 62;Monitores;87;1619.57
8969;SKU-18962;Item 18962 Áudio - Modelo 63;Áudio;94;1623.04
8970;SKU-18963;Item 18963 Vídeo - Modelo 64;Vídeo;101;1626.51
8971;SKU-18964;Item 18964 Computadores - Modelo 65;Computadores;108;1629.98
8972;SKU-18965;Item 18965 Redes - Modelo 66;Redes;115;1633.45
8973;SKU-18966;Item 18966 Impressão - Modelo 67;Impressão;2;1636.92
8974;SKU-18967;Item 18967 Acessórios - Modelo 68;Acessórios;9;1640.39
8975;SKU-18968;Item 18968 Armazenamento - Modelo 69;Armazenamento;16;1643.86
8976;SKU-18969;Item 18969 Energia - Modelo 70;Energia;23;1647.33
8977;SKU-18970;Item 18970 Periféricos - Modelo 71;Periféricos;30;1650.80
8978;SKU-18971;Item 18971 Monitores - Modelo 72;Monitores;37;1654.27
8979;SKU-18972;Item 18972 Áudio - Modelo 73;Áudio;44;1657.74
8980;SKU-18973;Item 18973 Vídeo - Modelo 74;Vídeo;51;1661.21
8981;SKU-18974;Item 18974 Computadores - Modelo 75;Computadores;58;1664.68
8982;SKU-18975;Item 18975 Redes - Modelo 76;Redes;65;1668.15
8983;SKU-18976;Item 18976 Impressão - Modelo 77;Impressão;72;1671.62
8984;SKU-18977;Item 18977 Acessórios - Modelo 78;Acessórios;79;1675.09
8985;SKU-18978;Item 18978 Armazenamento - Modelo 79;Armazenamento;86;1678.56
8986;SKU-18979;Item 18979 Energia - Modelo 80;Energia;93;1682.03
8987;SKU-18980;Item 18980 Periféricos - Modelo 81;Periféricos;100;1685.50
8988;SKU-18981;Item 18981 Monitores - Modelo 82;Monitores;107;1688.97
8989;SKU-18982;Item 18982 Áudio - Modelo 83;Áudio;114;1692.44
8990;SKU-18983;Item 18983 Vídeo - Modelo 84;Vídeo;1;1695.91
8991;SKU-18984;Item 18984 Computadores - Modelo 85;Computadores;8;1699.38
8992;SKU-18985;Item 18985 Redes - Modelo 86;Redes;15;1702.85
8993;SKU-18986;Item 18986 Impressão - Modelo 87;Impressão;22;1706.32
8994;SKU-18987;Item 18987 Acessórios - Modelo 88;Acessórios;29;1709.79
8995;SKU-18988;Item 18988 Armazenamento - Modelo 89;Armazenamento;36;1713.26
8996;SKU-18989;Item 18989 Energia - Modelo 90;Energia;43;1716.73
8997;SKU-18990;Item 18990 Periféricos - Modelo 91;Periféricos;50;1720.20
8998;SKU-18991;Item 18991 Monitores - Modelo 92;Monitores;57;1723.67
8999;SKU-18992;Item 18992 Áudio - Modelo 93;Áudio;64;1727.14
9000;SKU-18993;Item 18993 Vídeo - Modelo 94;Vídeo;71;1730.61
9001;SKU-18994;Item 18994 Computadores - Modelo 95;Computadores;78;1734.08
9002;SKU-18995;Item 18995 Redes - Modelo 96;Redes;85;1737.55
9003;SKU-18996;Item 18996 Impressão - Modelo 97;Impressão;92;1741.02
9004;SKU-18997;Item 18997 Acessórios - Modelo 98;Acessórios;99;1744.49
9005;SKU-18998;Item 18998 Armazenamento - Modelo 99;Armazenamento;106;1747.96
9006;SKU-18999;Item 18999 Energia - Modelo 100;Energia;113;1751.43
9007;SKU-19000;Item 19000 Periféricos - Modelo 1;Periféricos;0;19.90
9008;SKU-19001;Item 19001 Monitores - Modelo 2;Monitores;7;23.37
9009;SKU-19002;Item 19002 Áudio - Modelo 3;Áudio;14;26.84
9010;SKU-19003;Item 19003 Vídeo - Modelo 4;Vídeo;21;30.31
9011;SKU-19004;Item 19004 Computadores - Modelo 5;Computadores;28;33.78
9012;SKU-19005;Item 19005 Redes - Modelo 6;Redes;35;37.25
9013;SKU-19006;Item 19006 Impressão - Modelo 7;Impressão;42;40.72
9014;SKU-19007;Item 19007 Acessórios - Modelo 8;Acessórios;49;44.19
9015;SKU-19008;Item 19008 Armazenamento - Modelo 9;Armazenamento;56;47.66
9016;SKU-19009;Item 19009 Energia - Modelo 10;Energia;63;51.13
9017;SKU-19010;Item 19010 Periféricos - Modelo 11;Periféricos;70;54.60
9018;SKU-19011;Item 19011 Monitores - Modelo 12;Monitores;77;58.07
9019;SKU-19012;Item 19012 Áudio - Modelo 13;Áudio;84;61.54
9020;SKU-19013;Item 19013 Vídeo - Modelo 14;Vídeo;91;65.01
9021;SKU-19014;Item 19014 Computadores - Modelo 15;Computadores;98;68.48
9022;SKU-19015;Item 19015 Redes - Modelo 16;Redes;105;71.95
9023;SKU-19016;Item 19016 Impressão - Modelo 17;Impressão;112;75.42
9024;SKU-19017;Item 19017 Acessórios - Modelo 18;Acessórios;119;78.89
9025;SKU-19018;Item 19018 Armazenamento - Modelo 19;Armazenamento;6;82.36
9026;SKU-19019;Item 19019 Energia - Modelo 20;Energia;13;85.83
9027;SKU-19020;Item 19020 Periféricos - Modelo 21;Periféricos;20;89.30
9028;SKU-19021;Item 19021 Monitores - Modelo 22;Monitores;27;92.77
9029;SKU-19022;Item 19022 Áudio - Modelo 23;Áudio;34;96.24
9030;SKU-19023;Item 19023 Vídeo - Modelo 24;Vídeo;41;99.71
9031;SKU-19024;Item 19024 Computadores - Modelo 25;Computadores;48;103.18
9032;SKU-19025;Item 19025 Redes - Modelo 26;Redes;55;106.65
9033;SKU-19026;Item 19026 Impressão - Modelo 27;Impressão;62;110.12
9034;SKU-19027;Item 19027 Acessórios - Modelo 28;Acessórios;69;113.59
9035;SKU-19028;Item 19028 Armazenamento - Modelo 29;Armazenamento;76;117.06
9036;SKU-19029;Item 19029 Energia - Modelo 30;Energia;83;120.53
9037;SKU-19030;Item 19030 Periféricos - Modelo 31;Periféricos;90;124.00
9038;SKU-19031;Item 19031 Monitores - Modelo 32;Monitores;97;127.47
9039;SKU-19032;Item 19032 Áudio - Modelo 33;Áudio;104;130.94
9040;SKU-19033;Item 19033 Vídeo - Modelo 34;Vídeo;111;134.41
9041;SKU-19034;Item 19034 Computadores - Modelo 35;Computadores;118;137.88
9042;SKU-19035;Item 19035 Redes - Modelo 36;Redes;5;141.35
9043;SKU-19036;Item 19036 Impressão - Modelo 37;Impressão;12;144.82
9044;SKU-19037;Item 19037 Acessórios - Modelo 38;Acessórios;19;148.29
9045;SKU-19038;Item 19038 Armazenamento - Modelo 39;Armazenamento;26;151.76
9046;SKU-19039;Item 19039 Energia - Modelo 40;Energia;33;155.23
9047;SKU-19040;Item 19040 Periféricos - Modelo 41;Periféricos;40;158.70
9048;SKU-19041;Item 19041 Monitores - Modelo 42;Monitores;47;162.17
9049;SKU-19042;Item 19042 Áudio - Modelo 43;Áudio;54;165.64
9050;SKU-19043;Item 19043 Vídeo - Modelo 44;Vídeo;61;169.11
9051;SKU-19044;Item 19044 Computadores - Modelo 45;Computadores;68;172.58
9052;SKU-19045;Item 19045 Redes - Modelo 46;Redes;75;176.05
9053;SKU-19046;Item 19046 Impressão - Modelo 47;Impressão;82;179.52
9054;SKU-19047;Item 19047 Acessórios - Modelo 48;Acessórios;89;182.99
9055;SKU-19048;Item 19048 Armazenamento - Modelo 49;Armazenamento;96;186.46
9056;SKU-19049;Item 19049 Energia - Modelo 50;Energia;103;189.93
9057;SKU-19050;Item 19050 Periféricos - Modelo 51;Periféricos;110;193.40
9058;SKU-19051;Item 19051 Monitores - Modelo 52;Monitores;117;196.87
9059;SKU-19052;Item 19052 Áudio - Modelo 53;Áudio;4;200.34
9060;SKU-19053;Item 19053 Vídeo - Modelo 54;Vídeo;11;203.81
9061;SKU-19054;Item 19054 Computadores - Modelo 55;Computadores;18;207.28
9062;SKU-19055;Item 19055 Redes - Modelo 56;Redes;25;210.75
9063;SKU-19056;Item 19056 Impressão - Modelo 57;Impressão;32;214.22
9064;SKU-19057;Item 19057 Acessórios - Modelo 58;Acessórios;39;217.69
9065;SKU-19058;Item 19058 Armazenamento - Modelo 59;Armazenamento;46;221.16
9066;SKU-19059;Item 19059 Energia - Modelo 60;Energia;53;224.63
9067;SKU-19060;Item 19060 Periféricos - Modelo 61;Periféricos;60;228.10
9068;SKU-19061;Item 19061 Monitores - Modelo 62;Monitores;67;231.57
9069;SKU-19062;Item 19062 Áudio - Modelo 63;Áudio;74;235.04
9070;SKU-19063;Item 19063 Vídeo - Modelo 64;Vídeo;81;238.51
9071;SKU-19064;Item 19064 Computadores - Modelo 65;Computadores;88;241.98
9072;SKU-19065;Item 19065 Redes - Modelo 66;Redes;95;245.45
9073;SKU-19066;Item 19066 Impressão - Modelo 67;Impressão;102;248.92
9074;SKU-19067;Item 19067 Acessórios - Modelo 68;Acessórios;109;252.39
9075;SKU-19068;Item 19068 Armazenamento - Modelo 69;Armazenamento;116;255.86
9076;SKU-19069;Item 19069 Energia - Modelo 70;Energia;3;259.33
9077;SKU-19070;Item 19070 Periféricos - Modelo 71;Periféricos;10;262.80
9078;SKU-19071;Item 19071 Monitores - Modelo 72;Monitores;17;266.27
9079;SKU-19072;Item 19072 Áudio - Modelo 73;Áudio;24;269.74
9080;SKU-19073;Item 19073 Vídeo - Modelo 74;Vídeo;31;273.21
9081;SKU-19074;Item 19074 Computadores - Modelo 75;Computadores;38;276.68
9082;SKU-19075;Item 19075 Redes - Modelo 76;Redes;45;280.15
9083;SKU-19076;Item 19076 Impressão - Modelo 77;Impressão;52;283.62
9084;SKU-19077;Item 19077 Acessórios - Modelo 78;Acessórios;59;287.09
9085;SKU-19078;Item 19078 Armazenamento - Modelo 79;Armazenamento;66;290.56
9086;SKU-19079;Item 19079 Energia - Modelo 80;Energia;73;294.03
9087;SKU-19080;Item 19080 Periféricos - Modelo 81;Periféricos;80;297.50
9088;SKU-19081;Item 19081 Monitores - Modelo 82;Monitores;87;300.97
9089;SKU-19082;Item 19082 Áudio - Modelo 83;Áudio;94;304.44
9090;SKU-19083;Item 19083 Vídeo - Modelo 84;Vídeo;101;307.91
9091;SKU-19084;Item 19084 Computadores - Modelo 85;Computadores;108;311.38
9092;SKU-19085;Item 19085 Redes - Modelo 86;Redes;115;314.85
9093;SKU-19086;Item 19086 Impressão - Modelo 87;Impressão;2;318.32
9094;SKU-19087;Item 19087 Acessórios - Modelo 88;Acessórios;9;321.79
9095;SKU-19088;Item 19088 Armazenamento - Modelo 89;Armazenamento;16;325.26
9096;SKU-19089;Item 19089 Energia - Modelo 90;Energia;23;328.73
9097;SKU-19090;Item 19090 Periféricos - Modelo 91;Periféricos;30;332.20
9098;SKU-19091;Item 19091 Monitores - Modelo 92;Monitores;37;335.67
9099;SKU-19092;Item 19092 Áudio - Modelo 93;Áudio;44;339.14
9100;SKU-19093;Item 19093 Vídeo - Modelo 94;Vídeo;51;342.61
9101;SKU-19094;Item 19094 Computadores - Modelo 95;Computadores;58;346.08
9102;SKU-19095;Item 19095 Redes - Modelo 96;Redes;65;349.55
9103;SKU-19096;Item 19096 Impressão - Modelo 97;Impressão;72;353.02
9104;SKU-19097;Item 19097 Acessórios - Modelo 98;Acessórios;79;356.49
9105;SKU-19098;Item 19098 Armazenamento - Modelo 99;Armazenamento;86;359.96
9106;SKU-19099;Item 19099 Energia - Modelo 100;Energia;93;363.43
9107;SKU-19100;Item 19100 Periféricos - Modelo 1;Periféricos;100;366.90
9108;SKU-19101;Item 19101 Monitores - Modelo 2;Monitores;107;370.37
9109;SKU-19102;Item 19102 Áudio - Modelo 3;Áudio;114;373.84
9110;SKU-19103;Item 19103 Vídeo - Modelo 4;Vídeo;1;377.31
9111;SKU-19104;Item 19104 Computadores - Modelo 5;Computadores;8;380.78
9112;SKU-19105;Item 19105 Redes - Modelo 6;Redes;15;384.25
9113;SKU-19106;Item 19106 Impressão - Modelo 7;Impressão;22;387.72
9114;SKU-19107;Item 19107 Acessórios - Modelo 8;Acessórios;29;391.19
9115;SKU-19108;Item 19108 Armazenamento - Modelo 9;Armazenamento;36;394.66
9116;SKU-19109;Item 19109 Energia - Modelo 10;Energia;43;398.13
9117;SKU-19110;Item 19110 Periféricos - Modelo 11;Periféricos;50;401.60
9118;SKU-19111;Item 19111 Monitores - Modelo 12;Monitores;57;405.07
9119;SKU-19112;Item 19112 Áudio - Modelo 13;Áudio;64;408.54
9120;SKU-19113;Item 19113 Vídeo - Modelo 14;Vídeo;71;412.01
9121;SKU-19114;Item 19114 Computadores - Modelo 15;Computadores;78;415.48
9122;SKU-19115;Item 19115 Redes - Modelo 16;Redes;85;418.95
9123;SKU-19116;Item 19116 Impressão - Modelo 17;Impressão;92;422.42
9124;SKU-19117;Item 19117 Acessórios - Modelo 18;Acessórios;99;425.89
9125;SKU-19118;Item 19118 Armazenamento - Modelo 19;Armazenamento;106;429.36
9126;SKU-19119;Item 19119 Energia - Modelo 20;Energia;113;432.83
9127;SKU-19120;Item 19120 Periféricos - Modelo 21;Periféricos;0;436.30
9128;SKU-19121;Item 19121 Monitores - Modelo 22;Monitores;7;439.77
9129;SKU-19122;Item 19122 Áudio - Modelo 23;Áudio;14;443.24
9130;SKU-19123;Item 19123 Vídeo - Modelo 24;Vídeo;21;446.71
9131;SKU-19124;Item 19124 Computadores - Modelo 25;Computadores;28;450.18
9132;SKU-19125;Item 19125 Redes - Modelo 26;Redes;35;453.65
9133;SKU-19126;Item 19126 Impressão - Modelo 27;Impressão;42;457.12
9134;SKU-19127;Item 19127 Acessórios - Modelo 28;Acessórios;49;460.59
9135;SKU-19128;Item 19128 Armazenamento - Modelo 29;Armazenamento;56;464.06
9136;SKU-19129;Item 19129 Energia - Modelo 30;Energia;63;467.53
9137;SKU-19130;Item 19130 Periféricos - Modelo 31;Periféricos;70;471.00
9138;SKU-19131;Item 19131 Monitores - Modelo 32;Monitores;77;474.47
9139;SKU-19132;Item 19132 Áudio - Modelo 33;Áudio;84;477.94
9140;SKU-19133;Item 19133 Vídeo - Modelo 34;Vídeo;91;481.41
9141;SKU-19134;Item 19134 Computadores - Modelo 35;Computadores;98;484.88
9142;SKU-19135;Item 19135 Redes - Modelo 36;Redes;105;488.35
9143;SKU-19136;Item 19136 Impressão - Modelo 37;Impressão;112;491.82
9144;SKU-19137;Item 19137 Acessórios - Modelo 38;Acessórios;119;495.29
9145;SKU-19138;Item 19138 Armazenamento - Modelo 39;Armazenamento;6;498.76
9146;SKU-19139;Item 19139 Energia - Modelo 40;Energia;13;502.23
9147;SKU-19140;Item 19140 Periféricos - Modelo 41;Periféricos;20;505.70
9148;SKU-19141;Item 19141 Monitores - Modelo 42;Monitores;27;509.17
9149;SKU-19142;Item 19142 Áudio - Modelo 43;Áudio;34;512.64
9150;SKU-19143;Item 19143 Vídeo - Modelo 44;Vídeo;41;516.11
9151;SKU-19144;Item 19144 Computadores - Modelo 45;Computadores;48;519.58
9152;SKU-19145;Item 19145 Redes - Modelo 46;Redes;55;523.05
9153;SKU-19146;Item 19146 Impressão - Modelo 47;Impressão;62;526.52
9154;SKU-19147;Item 19147 Acessórios - Modelo 48;Acessórios;69;529.99
9155;SKU-19148;Item 19148 Armazenamento - Modelo 49;Armazenamento;76;533.46
9156;SKU-19149;Item 19149 Energia - Modelo 50;Energia;83;536.93
9157;SKU-19150;Item 19150 Periféricos - Modelo 51;Periféricos;90;540.40
9158;SKU-19151;Item 19151 Monitores - Modelo 52;Monitores;97;543.87
9159;SKU-19152;Item 19152 Áudio - Modelo 53;Áudio;104;547.34
9160;SKU-19153;Item 19153 Vídeo - Modelo 54;Vídeo;111;550.81
9161;SKU-19154;Item 19154 Computadores - Modelo 55;Computadores;118;554.28
9162;SKU-19155;Item 19155 Redes - Modelo 56;Redes;5;557.75
9163;SKU-19156;Item 19156 Impressão - Modelo 57;Impressão;12;561.22
9164;SKU-19157;Item 19157 Acessórios - Modelo 58;Acessórios;19;564.69
9165;SKU-19158;Item 19158 Armazenamento - Modelo 59;Armazenamento;26;568.16
9166;SKU-19159;Item 19159 Energia - Modelo 60;Energia;33;571.63
9167;SKU-19160;Item 19160 Periféricos - Modelo 61;Periféricos;40;575.10
9168;SKU-19161;Item 19161 Monitores - Modelo 62;Monitores;47;578.57
9169;SKU-19162;Item 19162 Áudio - Modelo 63;Áudio;54;582.04
9170;SKU-19163;Item 19163 Vídeo - Modelo 64;Vídeo;61;585.51
9171;SKU-19164;Item 19164 Computadores - Modelo 65;Computadores;68;588.98
9172;SKU-19165;Item 19165 Redes - Modelo 66;Redes;75;592.45
9173;SKU-19166;Item 19166 Impressão - Modelo 67;Impressão;82;595.92
9174;SKU-19167;Item 19167 Acessórios - Modelo 68;Acessórios;89;599.39
9175;SKU-19168;Item 19168 Armazenamento - Modelo 69;Armazenamento;96;602.86
9176;SKU-19169;Item 19169 Energia - Modelo 70;Energia;103;606.33
9177;SKU-19170;Item 19170 Periféricos - Modelo 71;Periféricos;110;609.80
9178;SKU-19171;Item 19171 Monitores - Modelo 72;Monitores;117;613.27
9179;SKU-19172;Item 19172 Áudio - Modelo 73;Áudio;4;616.74
9180;SKU-19173;Item 19173 Vídeo - Modelo 74;Vídeo;11;620.21
9181;SKU-19174;Item 19174 Computadores - Modelo 75;Computadores;18;623.68
9182;SKU-19175;Item 19175 Redes - Modelo 76;Redes;25;627.15
9183;SKU-19176;Item 19176 Impressão - Modelo 77;Impressão;32;630.62
9184;SKU-19177;Item 19177 Acessórios - Modelo 78;Acessórios;39;634.09
9185;SKU-19178;Item 19178 Armazenamento - Modelo 79;Armazenamento;46;637.56
9186;SKU-19179;Item 19179 Energia - Modelo 80;Energia;53;641.03
9187;SKU-19180;Item 19180 Periféricos - Modelo 81;Periféricos;60;644.50
9188;SKU-19181;Item 19181 Monitores - Modelo 82;Monitores;67;647.97
9189;SKU-19182;Item 19182 Áudio - Modelo 83;Áudio;74;651.44
9190;SKU-19183;Item 19183 Vídeo - Modelo 84;Vídeo;81;654.91
9191;SKU-19184;Item 19184 Computadores - Modelo 85;Computadores;88;658.38
9192;SKU-19185;Item 19185 Redes - Modelo 86;Redes;95;661.85
9193;SKU-19186;Item 19186 Impressão - Modelo 87;Impressão;102;665.32
9194;SKU-19187;Item 19187 Acessórios - Modelo 88;Acessórios;109;668.79
9195;SKU-19188;Item 19188 Armazenamento - Modelo 89;Armazenamento;116;672.26
9196;SKU-19189;Item 19189 Energia - Modelo 90;Energia;3;675.73
9197;SKU-19190;Item 19190 Periféricos - Modelo 91;Periféricos;10;679.20
9198;SKU-19191;Item 19191 Monitores - Modelo 92;Monitores;17;682.67
9199;SKU-19192;Item 19192 Áudio - Modelo 93;Áudio;24;686.14
9200;SKU-19193;Item 19193 Vídeo - Modelo 94;Vídeo;31;689.61
9201;SKU-19194;Item 19194 Computadores - Modelo 95;Computadores;38;693.08
9202;SKU-19195;Item 19195 Redes - Modelo 96;Redes;45;696.55
9203;SKU-19196;Item 19196 Impressão - Modelo 97;Impressão;52;700.02
9204;SKU-19197;Item 19197 Acessórios - Modelo 98;Acessórios;59;703.49
9205;SKU-19198;Item 19198 Armazenamento - Modelo 99;Armazenamento;66;706.96
9206;SKU-19199;Item 19199 Energia - Modelo 100;Energia;73;710.43
9207;SKU-19200;Item 19200 Periféricos - Modelo 1;Periféricos;80;713.90
9208;SKU-19201;Item 19201 Monitores - Modelo 2;Monitores;87;717.37
9209;SKU-19202;Item 19202 Áudio - Modelo 3;Áudio;94;720.84
9210;SKU-19203;Item 19203 Vídeo - Modelo 4;Vídeo;101;724.31
9211;SKU-19204;Item 19204 Computadores - Modelo 5;Computadores;108;727.78
9212;SKU-19205;Item 19205 Redes - Modelo 6;Redes;115;731.25
9213;SKU-19206;Item 19206 Impressão - Modelo 7;Impressão;2;734.72
9214;SKU-19207;Item 19207 Acessórios - Modelo 8;Acessórios;9;738.19
9215;SKU-19208;Item 19208 Armazenamento - Modelo 9;Armazenamento;16;741.66
9216;SKU-19209;Item 19209 Energia - Modelo 10;Energia;23;745.13
9217;SKU-19210;Item 19210 Periféricos - Modelo 11;Periféricos;30;748.60
9218;SKU-19211;Item 19211 Monitores - Modelo 12;Monitores;37;752.07
9219;SKU-19212;Item 19212 Áudio - Modelo 13;Áudio;44;755.54
9220;SKU-19213;Item 19213 Vídeo - Modelo 14;Vídeo;51;759.01
9221;SKU-19214;Item 19214 Computadores - Modelo 15;Computadores;58;762.48
9222;SKU-19215;Item 19215 Redes - Modelo 16;Redes;65;765.95
9223;SKU-19216;Item 19216 Impressão - Modelo 17;Impressão;72;769.42
9224;SKU-19217;Item 19217 Acessórios - Modelo 18;Acessórios;79;772.89
9225;SKU-19218;Item 19218 Armazenamento - Modelo 19;Armazenamento;86;776.36
9226;SKU-19219;Item 19219 Energia - Modelo 20;Energia;93;779.83
9227;SKU-19220;Item 19220 Periféricos - Modelo 21;Periféricos;100;783.30
9228;SKU-19221;Item 19221 Monitores - Modelo 22;Monitores;107;786.77
9229;SKU-19222;Item 19222 Áudio - Modelo 23;Áudio;114;790.24
9230;SKU-19223;Item 19223 Vídeo - Modelo 24;Vídeo;1;793.71
9231;SKU-19224;Item 19224 Computadores - Modelo 25;Computadores;8;797.18
9232;SKU-19225;Item 19225 Redes - Modelo 26;Redes;15;800.65
9233;SKU-19226;Item 19226 Impressão - Modelo 27;Impressão;22;804.12
9234;SKU-19227;Item 19227 Acessórios - Modelo 28;Acessórios;29;807.59
9235;SKU-19228;Item 19228 Armazenamento - Modelo 29;Armazenamento;36;811.06
9236;SKU-19229;Item 19229 Energia - Modelo 30;Energia;43;814.53
9237;SKU-19230;Item 19230 Periféricos - Modelo 31;Periféricos;50;818.00
9238;SKU-19231;Item 19231 Monitores - Modelo 32;Monitores;57;821.47
9239;SKU-19232;Item 19232 Áudio - Modelo 33;Áudio;64;824.94
9240;SKU-19233;Item 19233 Vídeo - Modelo 34;Vídeo;71;828.41
9241;SKU-19234;Item 19234 Computadores - Modelo 35;Computadores;78;831.88
9242;SKU-19235;Item 19235 Redes - Modelo 36;Redes;85;835.35
9243;SKU-19236;Item 19236 Impressão - Modelo 37;Impressão;92;838.82
9244;SKU-19237;Item 19237 Acessórios - Modelo 38;Acessórios;99;842.29
9245;SKU-19238;Item 19238 Armazenamento - Modelo 39;Armazenamento;106;845.76
9246;SKU-19239;Item 19239 Energia - Modelo 40;Energia;113;849.23
9247;SKU-19240;Item 19240 Periféricos - Modelo 41;Periféricos;0;852.70
9248;SKU-19241;Item 19241 Monitores - Modelo 42;Monitores;7;856.17
9249;SKU-19242;Item 19242 Áudio - Modelo 43;Áudio;14;859.64
9250;SKU-19243;Item 19243 Vídeo - Modelo 44;Vídeo;21;863.11
9251;SKU-19244;Item 19244 Computadores - Modelo 45;Computadores;28;866.58
9252;SKU-19245;Item 19245 Redes - Modelo 46;Redes;35;870.05
9253;SKU-19246;Item 19246 Impressão - Modelo 47;Impressão;42;873.52
9254;SKU-19247;Item 19247 Acessórios - Modelo 48;Acessórios;49;876.99
9255;SKU-19248;Item 19248 Armazenamento - Modelo 49;Armazenamento;56;880.46
9256;SKU-19249;Item 19249 Energia - Modelo 50;Energia;63;883.93
9257;SKU-19250;Item 19250 Periféricos - Modelo 51;Periféricos;70;887.40
9258;SKU-19251;Item 19251 Monitores - Modelo 52;Monitores;77;890.87
9259;SKU-19252;Item 19252 Áudio - Modelo 53;Áudio;84;894.34
9260;SKU-19253;Item 19253 Vídeo - Modelo 54;Vídeo;91;897.81
9261;SKU-19254;Item 19254 Computadores - Modelo 55;Computadores;98;901.28
9262;SKU-19255;Item 19255 Redes - Modelo 56;Redes;105;904.75
9263;SKU-19256;Item 19256 Impressão - Modelo 57;Impressão;112;908.22
9264;SKU-19257;Item 19257 Acessórios - Modelo 58;Acessórios;119;911.69
9265;SKU-19258;Item 19258 Armazenamento - Modelo 59;Armazenamento;6;915.16
9266;SKU-19259;Item 19259 Energia - Modelo 60;Energia;13;918.63
9267;SKU-19260;Item 19260 Periféricos - Modelo 61;Periféricos;20;922.10
9268;SKU-19261;Item 19261 Monitores - Modelo 62;Monitores;27;925.57
9269;SKU-19262;Item 19262 Áudio - Modelo 63;Áudio;34;929.04
9270;SKU-19263;Item 19263 Vídeo - Modelo 64;Vídeo;41;932.51
9271;SKU-19264;Item 19264 Computadores - Modelo 65;Computadores;48;935.98
9272;SKU-19265;Item 19265 Redes - Modelo 66;Redes;55;939.45
9273;SKU-19266;Item 19266 Impressão - Modelo 67;Impressão;62;942.92
9274;SKU-19267;Item 19267 Acessórios - Modelo 68;Acessórios;69;946.39
9275;SKU-19268;Item 19268 Armazenamento - Modelo 69;Armazenamento;76;949.86
9276;SKU-19269;Item 19269 Energia - Modelo 70;Energia;83;953.33
9277;SKU-19270;Item 19270 Periféricos - Modelo 71;Periféricos;90;956.80
9278;SKU-19271;Item 19271 Monitores - Modelo 72;Monitores;97;960.27
9279;SKU-19272;Item 19272 Áudio - Modelo 73;Áudio;104;963.74
9280;SKU-19273;Item 19273 Vídeo - Modelo 74;Vídeo;111;967.21
9281;SKU-19274;Item 19274 Computadores - Modelo 75;Computadores;118;970.68
9282;SKU-19275;Item 19275 Redes - Modelo 76;Redes;5;974.15
9283;SKU-19276;Item 19276 Impressão - Modelo 77;Impressão;12;977.62
9284;SKU-19277;Item 19277 Acessórios - Modelo 78;Acessórios;19;981.09
9285;SKU-19278;Item 19278 Armazenamento - Modelo 79;Armazenamento;26;984.56
9286;SKU-19279;Item 19279 Energia - Modelo 80;Energia;33;988.03
9287;SKU-19280;Item 19280 Periféricos - Modelo 81;Periféricos;40;991.50
9288;SKU-19281;Item 19281 Monitores - Modelo 82;Monitores;47;994.97
9289;SKU-19282;Item 19282 Áudio - Modelo 83;Áudio;54;998.44
9290;SKU-19283;Item 19283 Vídeo - Modelo 84;Vídeo;61;1001.91
9291;SKU-19284;Item 19284 Computadores - Modelo 85;Computadores;68;1005.38
9292;SKU-19285;Item 19285 Redes - Modelo 86;Redes;75;1008.85
9293;SKU-19286;Item 19286 Impressão - Modelo 87;Impressão;82;1012.32
9294;SKU-19287;Item 19287 Acessórios - Modelo 88;Acessórios;89;1015.79
9295;SKU-19288;Item 19288 Armazenamento - Modelo 89;Armazenamento;96;1019.26
9296;SKU-19289;Item 19289 Energia - Modelo 90;Energia;103;1022.73
9297;SKU-19290;Item 19290 Periféricos - Modelo 91;Periféricos;110;1026.20
9298;SKU-19291;Item 19291 Monitores - Modelo 92;Monitores;117;1029.67
9299;SKU-19292;Item 19292 Áudio - Modelo 93;Áudio;4;1033.14
9300;SKU-19293;Item 19293 Vídeo - Modelo 94;Vídeo;11;1036.61
9301;SKU-19294;Item 19294 Computadores - Modelo 95;Computadores;18;1040.08
9302;SKU-19295;Item 19295 Redes - Modelo 96;Redes;25;1043.55
9303;SKU-19296;Item 19296 Impressão - Modelo 97;Impressão;32;1047.02
9304;SKU-19297;Item 19297 Acessórios - Modelo 98;Acessórios;39;1050.49
9305;SKU-19298;Item 19298 Armazenamento - Modelo 99;Armazenamento;46;1053.96
9306;SKU-19299;Item 19299 Energia - Modelo 100;Energia;53;1057.43
9307;SKU-19300;Item 19300 Periféricos - Modelo 1;Periféricos;60;1060.90
9308;SKU-19301;Item 19301 Monitores - Modelo 2;Monitores;67;1064.37
9309;SKU-19302;Item 19302 Áudio - Modelo 3;Áudio;74;1067.84
9310;SKU-19303;Item 19303 Vídeo - Modelo 4;Vídeo;81;1071.31
9311;SKU-19304;Item 19304 Computadores - Modelo 5;Computadores;88;1074.78
9312;SKU-19305;Item 19305 Redes - Modelo 6;Redes;95;1078.25
9313;SKU-19306;Item 19306 Impressão - Modelo 7;Impressão;102;1081.72
9314;SKU-19307;Item 19307 Acessórios - Modelo 8;Acessórios;109;1085.19
9315;SKU-19308;Item 19308 Armazenamento - Modelo 9;Armazenamento;116;1088.66
9316;SKU-19309;Item 19309 Energia - Modelo 10;Energia;3;1092.13
9317;SKU-19310;Item 19310 Periféricos - Modelo 11;Periféricos;10;1095.60
9318;SKU-19311;Item 19311 Monitores - Modelo 12;Monitores;17;1099.07
9319;SKU-19312;Item 19312 Áudio - Modelo 13;Áudio;24;1102.54
9320;SKU-19313;Item 19313 Vídeo - Modelo 14;Vídeo;31;1106.01
9321;SKU-19314;Item 19314 Computadores - Modelo 15;Computadores;38;1109.48
9322;SKU-19315;Item 19315 Redes - Modelo 16;Redes;45;1112.95
9323;SKU-19316;Item 19316 Impressão - Modelo 17;Impressão;52;1116.42
9324;SKU-19317;Item 19317 Acessórios - Modelo 18;Acessórios;59;1119.89
9325;SKU-19318;Item 19318 Armazenamento - Modelo 19;Armazenamento;66;1123.36
9326;SKU-19319;Item 19319 Energia - Modelo 20;Energia;73;1126.83
9327;SKU-19320;Item 19320 Periféricos - Modelo 21;Periféricos;80;1130.30
9328;SKU-19321;Item 19321 Monitores - Modelo 22;Monitores;87;1133.77
9329;SKU-19322;Item 19322 Áudio - Modelo 23;Áudio;94;1137.24
9330;SKU-19323;Item 19323 Vídeo - Modelo 24;Vídeo;101;1140.71
9331;SKU-19324;Item 19324 Computadores - Modelo 25;Computadores;108;1144.18
9332;SKU-19325;Item 19325 Redes - Modelo 26;Redes;115;1147.65
9333;SKU-19326;Item 19326 Impressão - Modelo 27;Impressão;2;1151.12
9334;SKU-19327;Item 19327 Acessórios - Modelo 28;Acessórios;9;1154.59
9335;SKU-19328;Item 19328 Armazenamento - Modelo 29;Armazenamento;16;1158.06
9336;SKU-19329;Item 19329 Energia - Modelo 30;Energia;23;1161.53
9337;SKU-19330;Item 19330 Periféricos - Modelo 31;Periféricos;30;1165.00
9338;SKU-19331;Item 19331 Monitores - Modelo 32;Monitores;37;1168.47
9339;SKU-19332;Item 19332 Áudio - Modelo 33;Áudio;44;1171.94
9340;SKU-19333;Item 19333 Vídeo - Modelo 34;Vídeo;51;1175.41
9341;SKU-19334;Item 19334 Computadores - Modelo 35;Computadores;58;1178.88
9342;SKU-19335;Item 19335 Redes - Modelo 36;Redes;65;1182.35
9343;SKU-19336;Item 19336 Impressão - Modelo 37;Impressão;72;1185.82
9344;SKU-19337;Item 19337 Acessórios - Modelo 38;Acessórios;79;1189.29
9345;SKU-19338;Item 19338 Armazenamento - Modelo 39;Armazenamento;86;1192.76
9346;SKU-19339;Item 19339 Energia - Modelo 40;Energia;93;1196.23
9347;SKU-19340;Item 19340 Periféricos - Modelo 41;Periféricos;100;1199.70
9348;SKU-19341;Item 19341 Monitores - Modelo 42;Monitores;107;1203.17
9349;SKU-19342;Item 19342 Áudio - Modelo 43;Áudio;114;1206.64
9350;SKU-19343;Item 19343 Vídeo - Modelo 44;Vídeo;1;1210.11
9351;SKU-19344;Item 19344 Computadores - Modelo 45;Computadores;8;1213.58
9352;SKU-19345;Item 19345 Redes - Modelo 46;Redes;15;1217.05
9353;SKU-19346;Item 19346 Impressão - Modelo 47;Impressão;22;1220.52
9354;SKU-19347;Item 19347 Acessórios - Modelo 48;Acessórios;29;1223.99
9355;SKU-19348;Item 19348 Armazenamento - Modelo 49;Armazenamento;36;1227.46
9356;SKU-19349;Item 19349 Energia - Modelo 50;Energia;43;1230.93
9357;SKU-19350;Item 19350 Periféricos - Modelo 51;Periféricos;50;1234.40
9358;SKU-19351;Item 19351 Monitores - Modelo 52;Monitores;57;1237.87
9359;SKU-19352;Item 19352 Áudio - Modelo 53;Áudio;64;1241.34
9360;SKU-19353;Item 19353 Vídeo - Modelo 54;Vídeo;71;1244.81
9361;SKU-19354;Item 19354 Computadores - Modelo 55;Computadores;78;1248.28
9362;SKU-19355;Item 19355 Redes - Modelo 56;Redes;85;1251.75
9363;SKU-19356;Item 19356 Impressão - Modelo 57;Impressão;92;1255.22
9364;SKU-19357;Item 19357 Acessórios - Modelo 58;Acessórios;99;1258.69
9365;SKU-19358;Item 19358 Armazenamento - Modelo 59;Armazenamento;106;1262.16
9366;SKU-19359;Item 19359 Energia - Modelo 60;Energia;113;1265.63
9367;SKU-19360;Item 19360 Periféricos - Modelo 61;Periféricos;0;1269.10
9368;SKU-19361;Item 19361 Monitores - Modelo 62;Monitores;7;1272.57
9369;SKU-19362;Item 19362 Áudio - Modelo 63;Áudio;14;1276.04
9370;SKU-19363;Item 19363 Vídeo - Modelo 64;Vídeo;21;1279.51
9371;SKU-19364;Item 19364 Computadores - Modelo 65;Computadores;28;1282.98
9372;SKU-19365;Item 19365 Redes - Modelo 66;Redes;35;1286.45
9373;SKU-19366;Item 19366 Impressão - Modelo 67;Impressão;42;1289.92
9374;SKU-19367;Item 19367 Acessórios - Modelo 68;Acessórios;49;1293.39
9375;SKU-19368;Item 19368 Armazenamento - Modelo 69;Armazenamento;56;1296.86
9376;SKU-19369;Item 19369 Energia - Modelo 70;Energia;63;1300.33
9377;SKU-19370;Item 19370 Periféricos - Modelo 71;Periféricos;70;1303.80
9378;SKU-19371;Item 19371 Monitores - Modelo 72;Monitores;77;1307.27
9379;SKU-19372;Item 19372 Áudio - Modelo 73;Áudio;84;1310.74
9380;SKU-19373;Item 19373 Vídeo - Modelo 74;Vídeo;91;1314.21
9381;SKU-19374;Item 19374 Computadores - Modelo 75;Computadores;98;1317.68
9382;SKU-19375;Item 19375 Redes - Modelo 76;Redes;105;1321.15
9383;SKU-19376;Item 19376 Impressão - Modelo 77;Impressão;112;1324.62
9384;SKU-19377;Item 19377 Acessórios - Modelo 78;Acessórios;119;1328.09
9385;SKU-19378;Item 19378 Armazenamento - Modelo 79;Armazenamento;6;1331.56
9386;SKU-19379;Item 19379 Energia - Modelo 80;Energia;13;1335.03
9387;SKU-19380;Item 19380 Periféricos - Modelo 81;Periféricos;20;1338.50
9388;SKU-19381;Item 19381 Monitores - Modelo 82;Monitores;27;1341.97
9389;SKU-19382;Item 19382 Áudio - Modelo 83;Áudio;34;1345.44
9390;SKU-19383;Item 19383 Vídeo - Modelo 84;Vídeo;41;1348.91
9391;SKU-19384;Item 19384 Computadores - Modelo 85;Computadores;48;1352.38
9392;SKU-19385;Item 19385 Redes - Modelo 86;Redes;55;1355.85
9393;SKU-19386;Item 19386 Impressão - Modelo 87;Impressão;62;1359.32
9394;SKU-19387;Item 19387 Acessórios - Modelo 88;Acessórios;69;1362.79
9395;SKU-19388;Item 19388 Armazenamento - Modelo 89;Armazenamento;76;1366.26
9396;SKU-19389;Item 19389 Energia - Modelo 90;Energia;83;1369.73
9397;SKU-19390;Item 19390 Periféricos - Modelo 91;Periféricos;90;1373.20
9398;SKU-19391;Item 19391 Monitores - Modelo 92;Monitores;97;1376.67
9399;SKU-19392;Item 19392 Áudio - Modelo 93;Áudio;104;1380.14
9400;SKU-19393;Item 19393 Vídeo - Modelo 94;Vídeo;111;1383.61
9401;SKU-19394;Item 19394 Computadores - Modelo 95;Computadores;118;1387.08
9402;SKU-19395;Item 19395 Redes - Modelo 96;Redes;5;1390.55
9403;SKU-19396;Item 19396 Impressão - Modelo 97;Impressão;12;1394.02
9404;SKU-19397;Item 19397 Acessórios - Modelo 98;Acessórios;19;1397.49
9405;SKU-19398;Item 19398 Armazenamento - Modelo 99;Armazenamento;26;1400.96
9406;SKU-19399;Item 19399 Energia - Modelo 100;Energia;33;1404.43
9407;SKU-19400;Item 19400 Periféricos - Modelo 1;Periféricos;40;1407.90
9408;SKU-19401;Item 19401 Monitores - Modelo 2;Monitores;47;1411.37
9409;SKU-19402;Item 19402 Áudio - Modelo 3;Áudio;54;1414.84
9410;SKU-19403;Item 19403 Vídeo - Modelo 4;Vídeo;61;1418.31
9411;SKU-19404;Item 19404 Computadores - Modelo 5;Computadores;68;1421.78
9412;SKU-19405;Item 19405 Redes - Modelo 6;Redes;75;1425.25
9413;SKU-19406;Item 19406 Impressão - Modelo 7;Impressão;82;1428.72
9414;SKU-19407;Item 19407 Acessórios - Modelo 8;Acessórios;89;1432.19
9415;SKU-19408;Item 19408 Armazenamento - Modelo 9;Armazenamento;96;1435.66
9416;SKU-19409;Item 19409 Energia - Modelo 10;Energia;103;1439.13
9417;SKU-19410;Item 19410 Periféricos - Modelo 11;Periféricos;110;1442.60
9418;SKU-19411;Item 19411 Monitores - Modelo 12;Monitores;117;1446.07
9419;SKU-19412;Item 19412 Áudio - Modelo 13;Áudio;4;1449.54
9420;SKU-19413;Item 19413 Vídeo - Modelo 14;Vídeo;11;1453.01
9421;SKU-19414;Item 19414 Computadores - Modelo 15;Computadores;18;1456.48
9422;SKU-19415;Item 19415 Redes - Modelo 16;Redes;25;1459.95
9423;SKU-19416;Item 19416 Impressão - Modelo 17;Impressão;32;1463.42
9424;SKU-19417;Item 19417 Acessórios - Modelo 18;Acessórios;39;1466.89
9425;SKU-19418;Item 19418 Armazenamento - Modelo 19;Armazenamento;46;1470.36
9426;SKU-19419;Item 19419 Energia - Modelo 20;Energia;53;1473.83
9427;SKU-19420;Item 19420 Periféricos - Modelo 21;Periféricos;60;1477.30
9428;SKU-19421;Item 19421 Monitores - Modelo 22;Monitores;67;1480.77
9429;SKU-19422;Item 19422 Áudio - Modelo 23;Áudio;74;1484.24
9430;SKU-19423;Item 19423 Vídeo - Modelo 24;Vídeo;81;1487.71
9431;SKU-19424;Item 19424 Computadores - Modelo 25;Computadores;88;1491.18
9432;SKU-19425;Item 19425 Redes - Modelo 26;Redes;95;1494.65
9433;SKU-19426;Item 19426 Impressão - Modelo 27;Impressão;102;1498.12
9434;SKU-19427;Item 19427 Acessórios - Modelo 28;Acessórios;109;1501.59
9435;SKU-19428;Item 19428 Armazenamento - Modelo 29;Armazenamento;116;1505.06
9436;SKU-19429;Item 19429 Energia - Modelo 30;Energia;3;1508.53
9437;SKU-19430;Item 19430 Periféricos - Modelo 31;Periféricos;10;1512.00
9438;SKU-19431;Item 19431 Monitores - Modelo 32;Monitores;17;1515.47
9439;SKU-19432;Item 19432 Áudio - Modelo 33;Áudio;24;1518.94
9440;SKU-19433;Item 19433 Vídeo - Modelo 34;Vídeo;31;1522.41
9441;SKU-19434;Item 19434 Computadores - Modelo 35;Computadores;38;1525.88
9442;SKU-19435;Item 19435 Redes - Modelo 36;Redes;45;1529.35
9443;SKU-19436;Item 19436 Impressão - Modelo 37;Impressão;52;1532.82
9444;SKU-19437;Item 19437 Acessórios - Modelo 38;Acessórios;59;1536.29
9445;SKU-19438;Item 19438 Armazenamento - Modelo 39;Armazenamento;66;1539.76
9446;SKU-19439;Item 19439 Energia - Modelo 40;Energia;73;1543.23
9447;SKU-19440;Item 19440 Periféricos - Modelo 41;Periféricos;80;1546.70
9448;SKU-19441;Item 19441 Monitores - Modelo 42;Monitores;87;1550.17
9449;SKU-19442;Item 19442 Áudio - Modelo 43;Áudio;94;1553.64
9450;SKU-19443;Item 19443 Vídeo - Modelo 44;Vídeo;101;1557.11
9451;SKU-19444;Item 19444 Computadores - Modelo 45;Computadores;108;1560.58
9452;SKU-19445;Item 19445 Redes - Modelo 46;Redes;115;1564.05
9453;SKU-19446;Item 19446 Impressão - Modelo 47;Impressão;2;1567.52
9454;SKU-19447;Item 19447 Acessórios - Modelo 48;Acessórios;9;1570.99
9455;SKU-19448;Item 19448 Armazenamento - Modelo 49;Armazenamento;16;1574.46
9456;SKU-19449;Item 19449 Energia - Modelo 50;Energia;23;1577.93
9457;SKU-19450;Item 19450 Periféricos - Modelo 51;Periféricos;30;1581.40
9458;SKU-19451;Item 19451 Monitores - Modelo 52;Monitores;37;1584.87
9459;SKU-19452;Item 19452 Áudio - Modelo 53;Áudio;44;1588.34
9460;SKU-19453;Item 19453 Vídeo - Modelo 54;Vídeo;51;1591.81
9461;SKU-19454;Item 19454 Computadores - Modelo 55;Computadores;58;1595.28
9462;SKU-19455;Item 19455 Redes - Modelo 56;Redes;65;1598.75
9463;SKU-19456;Item 19456 Impressão - Modelo 57;Impressão;72;1602.22
9464;SKU-19457;Item 19457 Acessórios - Modelo 58;Acessórios;79;1605.69
9465;SKU-19458;Item 19458 Armazenamento - Modelo 59;Armazenamento;86;1609.16
9466;SKU-19459;Item 19459 Energia - Modelo 60;Energia;93;1612.63
9467;SKU-19460;Item 19460 Periféricos - Modelo 61;Periféricos;100;1616.10
9468;SKU-19461;Item 19461 Monitores - Modelo 62;Monitores;107;1619.57
9469;SKU-19462;Item 19462 Áudio - Modelo 63;Áudio;114;1623.04
9470;SKU-19463;Item 19463 Vídeo - Modelo 64;Vídeo;1;1626.51
9471;SKU-19464;Item 19464 Computadores - Modelo 65;Computadores;8;1629.98
9472;SKU-19465;Item 19465 Redes - Modelo 66;Redes;15;1633.45
9473;SKU-19466;Item 19466 Impressão - Modelo 67;Impressão;22;1636.92
9474;SKU-19467;Item 19467 Acessórios - Modelo 68;Acessórios;29;1640.39
9475;SKU-19468;Item 19468 Armazenamento - Modelo 69;Armazenamento;36;1643.86
9476;SKU-19469;Item 19469 Energia - Modelo 70;Energia;43;1647.33
9477;SKU-19470;Item 19470 Periféricos - Modelo 71;Periféricos;50;1650.80
9478;SKU-19471;Item 19471 Monitores - Modelo 72;Monitores;57;1654.27
9479;SKU-19472;Item 19472 Áudio - Modelo 73;Áudio;64;1657.74
9480;SKU-19473;Item 19473 Vídeo - Modelo 74;Vídeo;71;1661.21
9481;SKU-19474;Item 19474 Computadores - Modelo 75;Computadores;78;1664.68
9482;SKU-19475;Item 19475 Redes - Modelo 76;Redes;85;1668.15
9483;SKU-19476;Item 19476 Impressão - Modelo 77;Impressão;92;1671.62
9484;SKU-19477;Item 19477 Acessórios - Modelo 78;Acessórios;99;1675.09
9485;SKU-19478;Item 19478 Armazenamento - Modelo 79;Armazenamento;106;1678.56
9486;SKU-19479;Item 19479 Energia - Modelo 80;Energia;113;1682.03
9487;SKU-19480;Item 19480 Periféricos - Modelo 81;Periféricos;0;1685.50
9488;SKU-19481;Item 19481 Monitores - Modelo 82;Monitores;7;1688.97
9489;SKU-19482;Item 19482 Áudio - Modelo 83;Áudio;14;1692.44
9490;SKU-19483;Item 19483 Vídeo - Modelo 84;Vídeo;21;1695.91
9491;SKU-19484;Item 19484 Computadores - Modelo 85;Computadores;28;1699.38
9492;SKU-19485;Item 19485 Redes - Modelo 86;Redes;35;1702.85
9493;SKU-19486;Item 19486 Impressão - Modelo 87;Impressão;42;1706.32
9494;SKU-19487;Item 19487 Acessórios - Modelo 88;Acessórios;49;1709.79
9495;SKU-19488;Item 19488 Armazenamento - Modelo 89;Armazenamento;56;1713.26
9496;SKU-19489;Item 19489 Energia - Modelo 90;Energia;63;1716.73
9497;SKU-19490;Item 19490 Periféricos - Modelo 91;Periféricos;70;1720.20
9498;SKU-19491;Item 19491 Monitores - Modelo 92;Monitores;77;1723.67
9499;SKU-19492;Item 19492 Áudio - Modelo 93;Áudio;84;1727.14
9500;SKU-19493;Item 19493 Vídeo - Modelo 94;Vídeo;91;1730.61
9501;SKU-19494;Item 19494 Computadores - Modelo 95;Computadores;98;1734.08
9502;SKU-19495;Item 19495 Redes - Modelo 96;Redes;105;1737.55
9503;SKU-19496;Item 19496 Impressão - Modelo 97;Impressão;112;1741.02
9504;SKU-19497;Item 19497 Acessórios - Modelo 98;Acessórios;119;1744.49
9505;SKU-19498;Item 19498 Armazenamento - Modelo 99;Armazenamento;6;1747.96
9506;SKU-19499;Item 19499 Energia - Modelo 100;Energia;13;1751.43
9507;SKU-19500;Item 19500 Periféricos - Modelo 1;Periféricos;20;19.90
9508;SKU-19501;Item 19501 Monitores - Modelo 2;Monitores;27;23.37
9509;SKU-19502;Item 19502 Áudio - Modelo 3;Áudio;34;26.84
9510;SKU-19503;Item 19503 Vídeo - Modelo 4;Vídeo;41;30.31
9511;SKU-19504;Item 19504 Computadores - Modelo 5;Computadores;48;33.78
9512;SKU-19505;Item 19505 Redes - Modelo 6;Redes;55;37.25
9513;SKU-19506;Item 19506 Impressão - Modelo 7;Impressão;62;40.72
9514;SKU-19507;Item 19507 Acessórios - Modelo 8;Acessórios;69;44.19
9515;SKU-19508;Item 19508 Armazenamento - Modelo 9;Armazenamento;76;47.66
9516;SKU-19509;Item 19509 Energia - Modelo 10;Energia;83;51.13
9517;SKU-19510;Item 19510 Periféricos - Modelo 11;Periféricos;90;54.60
9518;SKU-19511;Item 19511 Monitores - Modelo 12;Monitores;97;58.07
9519;SKU-19512;Item 19512 Áudio - Modelo 13;Áudio;104;61.54
9520;SKU-19513;Item 19513 Vídeo - Modelo 14;Vídeo;111;65.01
9521;SKU-19514;Item 19514 Computadores - Modelo 15;Computadores;118;68.48
9522;SKU-19515;Item 19515 Redes - Modelo 16;Redes;5;71.95
9523;SKU-19516;Item 19516 Impressão - Modelo 17;Impressão;12;75.42
9524;SKU-19517;Item 19517 Acessórios - Modelo 18;Acessórios;19;78.89
9525;SKU-19518;Item 19518 Armazenamento - Modelo 19;Armazenamento;26;82.36
9526;SKU-19519;Item 19519 Energia - Modelo 20;Energia;33;85.83
9527;SKU-19520;Item 19520 Periféricos - Modelo 21;Periféricos;40;89.30
9528;SKU-19521;Item 19521 Monitores - Modelo 22;Monitores;47;92.77
9529;SKU-19522;Item 19522 Áudio - Modelo 23;Áudio;54;96.24
9530;SKU-19523;Item 19523 Vídeo - Modelo 24;Vídeo;61;99.71
9531;SKU-19524;Item 19524 Computadores - Modelo 25;Computadores;68;103.18
9532;SKU-19525;Item 19525 Redes - Modelo 26;Redes;75;106.65
9533;SKU-19526;Item 19526 Impressão - Modelo 27;Impressão;82;110.12
9534;SKU-19527;Item 19527 Acessórios - Modelo 28;Acessórios;89;113.59
9535;SKU-19528;Item 19528 Armazenamento - Modelo 29;Armazenamento;96;117.06
9536;SKU-19529;Item 19529 Energia - Modelo 30;Energia;103;120.53
9537;SKU-19530;Item 19530 Periféricos - Modelo 31;Periféricos;110;124.00
9538;SKU-19531;Item 19531 Monitores - Modelo 32;Monitores;117;127.47
9539;SKU-19532;Item 19532 Áudio - Modelo 33;Áudio;4;130.94
9540;SKU-19533;Item 19533 Vídeo - Modelo 34;Vídeo;11;134.41
9541;SKU-19534;Item 19534 Computadores - Modelo 35;Computadores;18;137.88
9542;SKU-19535;Item 19535 Redes - Modelo 36;Redes;25;141.35
9543;SKU-19536;Item 19536 Impressão - Modelo 37;Impressão;32;144.82
9544;SKU-19537;Item 19537 Acessórios - Modelo 38;Acessórios;39;148.29
9545;SKU-19538;Item 19538 Armazenamento - Modelo 39;Armazenamento;46;151.76
9546;SKU-19539;Item 19539 Energia - Modelo 40;Energia;53;155.23
9547;SKU-19540;Item 19540 Periféricos - Modelo 41;Periféricos;60;158.70
9548;SKU-19541;Item 19541 Monitores - Modelo 42;Monitores;67;162.17
9549;SKU-19542;Item 19542 Áudio - Modelo 43;Áudio;74;165.64
9550;SKU-19543;Item 19543 Vídeo - Modelo 44;Vídeo;81;169.11
9551;SKU-19544;Item 19544 Computadores - Modelo 45;Computadores;88;172.58
9552;SKU-19545;Item 19545 Redes - Modelo 46;Redes;95;176.05
9553;SKU-19546;Item 19546 Impressão - Modelo 47;Impressão;102;179.52
9554;SKU-19547;Item 19547 Acessórios - Modelo 48;Acessórios;109;182.99
9555;SKU-19548;Item 19548 Armazenamento - Modelo 49;Armazenamento;116;186.46
9556;SKU-19549;Item 19549 Energia - Modelo 50;Energia;3;189.93
9557;SKU-19550;Item 19550 Periféricos - Modelo 51;Periféricos;10;193.40
9558;SKU-19551;Item 19551 Monitores - Modelo 52;Monitores;17;196.87
9559;SKU-19552;Item 19552 Áudio - Modelo 53;Áudio;24;200.34
9560;SKU-19553;Item 19553 Vídeo - Modelo 54;Vídeo;31;203.81
9561;SKU-19554;Item 19554 Computadores - Modelo 55;Computadores;38;207.28
9562;SKU-19555;Item 19555 Redes - Modelo 56;Redes;45;210.75
9563;SKU-19556;Item 19556 Impressão - Modelo 57;Impressão;52;214.22
9564;SKU-19557;Item 19557 Acessórios - Modelo 58;Acessórios;59;217.69
9565;SKU-19558;Item 19558 Armazenamento - Modelo 59;Armazenamento;66;221.16
9566;SKU-19559;Item 19559 Energia - Modelo 60;Energia;73;224.63
9567;SKU-19560;Item 19560 Periféricos - Modelo 61;Periféricos;80;228.10
9568;SKU-19561;Item 19561 Monitores - Modelo 62;Monitores;87;231.57
9569;SKU-19562;Item 19562 Áudio - Modelo 63;Áudio;94;235.04
9570;SKU-19563;Item 19563 Vídeo - Modelo 64;Vídeo;101;238.51
9571;SKU-19564;Item 19564 Computadores - Modelo 65;Computadores;108;241.98
9572;SKU-19565;Item 19565 Redes - Modelo 66;Redes;115;245.45
9573;SKU-19566;Item 19566 Impressão - Modelo 67;Impressão;2;248.92
9574;SKU-19567;Item 19567 Acessórios - Modelo 68;Acessórios;9;252.39
9575;SKU-19568;Item 19568 Armazenamento - Modelo 69;Armazenamento;16;255.86
9576;SKU-19569;Item 19569 Energia - Modelo 70;Energia;23;259.33
9577;SKU-19570;Item 19570 Periféricos - Modelo 71;Periféricos;30;262.80
9578;SKU-19571;Item 19571 Monitores - Modelo 72;Monitores;37;266.27
9579;SKU-19572;Item 19572 Áudio - Modelo 73;Áudio;44;269.74
9580;SKU-19573;Item 19573 Vídeo - Modelo 74;Vídeo;51;273.21
9581;SKU-19574;Item 19574 Computadores - Modelo 75;Computadores;58;276.68
9582;SKU-19575;Item 19575 Redes - Modelo 76;Redes;65;280.15
9583;SKU-19576;Item 19576 Impressão - Modelo 77;Impressão;72;283.62
9584;SKU-19577;Item 19577 Acessórios - Modelo 78;Acessórios;79;287.09
9585;SKU-19578;Item 19578 Armazenamento - Modelo 79;Armazenamento;86;290.56
9586;SKU-19579;Item 19579 Energia - Modelo 80;Energia;93;294.03
9587;SKU-19580;Item 19580 Periféricos - Modelo 81;Periféricos;100;297.50
9588;SKU-19581;Item 19581 Monitores - Modelo 82;Monitores;107;300.97
9589;SKU-19582;Item 19582 Áudio - Modelo 83;Áudio;114;304.44
9590;SKU-19583;Item 19583 Vídeo - Modelo 84;Vídeo;1;307.91
9591;SKU-19584;Item 19584 Computadores - Modelo 85;Computadores;8;311.38
9592;SKU-19585;Item 19585 Redes - Modelo 86;Redes;15;314.85
9593;SKU-19586;Item 19586 Impressão - Modelo 87;Impressão;22;318.32
9594;SKU-19587;Item 19587 Acessórios - Modelo 88;Acessórios;29;321.79
9595;SKU-19588;Item 19588 Armazenamento - Modelo 89;Armazenamento;36;325.26
9596;SKU-19589;Item 19589 Energia - Modelo 90;Energia;43;328.73
9597;SKU-19590;Item 19590 Periféricos - Modelo 91;Periféricos;50;332.20
9598;SKU-19591;Item 19591 Monitores - Modelo 92;Monitores;57;335.67
9599;SKU-19592;Item 19592 Áudio - Modelo 93;Áudio;64;339.14
9600;SKU-19593;Item 19593 Vídeo - Modelo 94;Vídeo;71;342.61
9601;SKU-19594;Item 19594 Computadores - Modelo 95;Computadores;78;346.08
9602;SKU-19595;Item 19595 Redes - Modelo 96;Redes;85;349.55
9603;SKU-19596;Item 19596 Impressão - Modelo 97;Impressão;92;353.02
9604;SKU-19597;Item 19597 Acessórios - Modelo 98;Acessórios;99;356.49
9605;SKU-19598;Item 19598 Armazenamento - Modelo 99;Armazenamento;106;359.96
9606;SKU-19599;Item 19599 Energia - Modelo 100;Energia;113;363.43
9607;SKU-19600;Item 19600 Periféricos - Modelo 1;Periféricos;0;366.90
9608;SKU-19601;Item 19601 Monitores - Modelo 2;Monitores;7;370.37
9609;SKU-19602;Item 19602 Áudio - Modelo 3;Áudio;14;373.84
9610;SKU-19603;Item 19603 Vídeo - Modelo 4;Vídeo;21;377.31
9611;SKU-19604;Item 19604 Computadores - Modelo 5;Computadores;28;380.78
9612;SKU-19605;Item 19605 Redes - Modelo 6;Redes;35;384.25
9613;SKU-19606;Item 19606 Impressão - Modelo 7;Impressão;42;387.72
9614;SKU-19607;Item 19607 Acessórios - Modelo 8;Acessórios;49;391.19
9615;SKU-19608;Item 19608 Armazenamento - Modelo 9;Armazenamento;56;394.66
9616;SKU-19609;Item 19609 Energia - Modelo 10;Energia;63;398.13
9617;SKU-19610;Item 19610 Periféricos - Modelo 11;Periféricos;70;401.60
9618;SKU-19611;Item 19611 Monitores - Modelo 12;Monitores;77;405.07
9619;SKU-19612;Item 19612 Áudio - Modelo 13;Áudio;84;408.54
9620;SKU-19613;Item 19613 Vídeo - Modelo 14;Vídeo;91;412.01
9621;SKU-19614;Item 19614 Computadores - Modelo 15;Computadores;98;415.48
9622;SKU-19615;Item 19615 Redes - Modelo 16;Redes;105;418.95
9623;SKU-19616;Item 19616 Impressão - Modelo 17;Impressão;112;422.42
9624;SKU-19617;Item 19617 Acessórios - Modelo 18;Acessórios;119;425.89
9625;SKU-19618;Item 19618 Armazenamento - Modelo 19;Armazenamento;6;429.36
9626;SKU-19619;Item 19619 Energia - Modelo 20;Energia;13;432.83
9627;SKU-19620;Item 19620 Periféricos - Modelo 21;Periféricos;20;436.30
9628;SKU-19621;Item 19621 Monitores - Modelo 22;Monitores;27;439.77
9629;SKU-19622;Item 19622 Áudio - Modelo 23;Áudio;34;443.24
9630;SKU-19623;Item 19623 Vídeo - Modelo 24;Vídeo;41;446.71
9631;SKU-19624;Item 19624 Computadores - Modelo 25;Computadores;48;450.18
9632;SKU-19625;Item 19625 Redes - Modelo 26;Redes;55;453.65
9633;SKU-19626;Item 19626 Impressão - Modelo 27;Impressão;62;457.12
9634;SKU-19627;Item 19627 Acessórios - Modelo 28;Acessórios;69;460.59
9635;SKU-19628;Item 19628 Armazenamento - Modelo 29;Armazenamento;76;464.06
9636;SKU-19629;Item 19629 Energia - Modelo 30;Energia;83;467.53
9637;SKU-19630;Item 19630 Periféricos - Modelo 31;Periféricos;90;471.00
9638;SKU-19631;Item 19631 Monitores - Modelo 32;Monitores;97;474.47
9639;SKU-19632;Item 19632 Áudio - Modelo 33;Áudio;104;477.94
9640;SKU-19633;Item 19633 Vídeo - Modelo 34;Vídeo;111;481.41
9641;SKU-19634;Item 19634 Computadores - Modelo 35;Computadores;118;484.88
9642;SKU-19635;Item 19635 Redes - Modelo 36;Redes;5;488.35
9643;SKU-19636;Item 19636 Impressão - Modelo 37;Impressão;12;491.82
9644;SKU-19637;Item 19637 Acessórios - Modelo 38;Acessórios;19;495.29
9645;SKU-19638;Item 19638 Armazenamento - Modelo 39;Armazenamento;26;498.76
9646;SKU-19639;Item 19639 Energia - Modelo 40;Energia;33;502.23
9647;SKU-19640;Item 19640 Periféricos - Modelo 41;Periféricos;40;505.70
9648;SKU-19641;Item 19641 Monitores - Modelo 42;Monitores;47;509.17
9649;SKU-19642;Item 19642 Áudio - Modelo 43;Áudio;54;512.64
9650;SKU-19643;Item 19643 Vídeo - Modelo 44;Vídeo;61;516.11
9651;SKU-19644;Item 19644 Computadores - Modelo 45;Computadores;68;519.58
9652;SKU-19645;Item 19645 Redes - Modelo 46;Redes;75;523.05
9653;SKU-19646;Item 19646 Impressão - Modelo 47;Impressão;82;526.52
9654;SKU-19647;Item 19647 Acessórios - Modelo 48;Acessórios;89;529.99
9655;SKU-19648;Item 19648 Armazenamento - Modelo 49;Armazenamento;96;533.46
9656;SKU-19649;Item 19649 Energia - Modelo 50;Energia;103;536.93
9657;SKU-19650;Item 19650 Periféricos - Modelo 51;Periféricos;110;540.40
9658;SKU-19651;Item 19651 Monitores - Modelo 52;Monitores;117;543.87
9659;SKU-19652;Item 19652 Áudio - Modelo 53;Áudio;4;547.34
9660;SKU-19653;Item 19653 Vídeo - Modelo 54;Vídeo;11;550.81
9661;SKU-19654;Item 19654 Computadores - Modelo 55;Computadores;18;554.28
9662;SKU-19655;Item 19655 Redes - Modelo 56;Redes;25;557.75
9663;SKU-19656;Item 19656 Impressão - Modelo 57;Impressão;32;561.22
9664;SKU-19657;Item 19657 Acessórios - Modelo 58;Acessórios;39;564.69
9665;SKU-19658;Item 19658 Armazenamento - Modelo 59;Armazenamento;46;568.16
9666;SKU-19659;Item 19659 Energia - Modelo 60;Energia;53;571.63
9667;SKU-19660;Item 19660 Periféricos - Modelo 61;Periféricos;60;575.10
9668;SKU-19661;Item 19661 Monitores - Modelo 62;Monitores;67;578.57
9669;SKU-19662;Item 19662 Áudio - Modelo 63;Áudio;74;582.04
9670;SKU-19663;Item 19663 Vídeo - Modelo 64;Vídeo;81;585.51
9671;SKU-19664;Item 19664 Computadores - Modelo 65;Computadores;88;588.98
9672;SKU-19665;Item 19665 Redes - Modelo 66;Redes;95;592.45
9673;SKU-19666;Item 19666 Impressão - Modelo 67;Impressão;102;595.92
9674;SKU-19667;Item 19667 Acessórios - Modelo 68;Acessórios;109;599.39
9675;SKU-19668;Item 19668 Armazenamento - Modelo 69;Armazenamento;116;602.86
9676;SKU-19669;Item 19669 Energia - Modelo 70;Energia;3;606.33
9677;SKU-19670;Item 19670 Periféricos - Modelo 71;Periféricos;10;609.80
9678;SKU-19671;Item 19671 Monitores - Modelo 72;Monitores;17;613.27
9679;SKU-19672;Item 19672 Áudio - Modelo 73;Áudio;24;616.74
9680;SKU-19673;Item 19673 Vídeo - Modelo 74;Vídeo;31;620.21
9681;SKU-19674;Item 19674 Computadores - Modelo 75;Computadores;38;623.68
9682;SKU-19675;Item 19675 Redes - Modelo 76;Redes;45;627.15
9683;SKU-19676;Item 19676 Impressão - Modelo 77;Impressão;52;630.62
9684;SKU-19677;Item 19677 Acessórios - Modelo 78;Acessórios;59;634.09
9685;SKU-19678;Item 19678 Armazenamento - Modelo 79;Armazenamento;66;637.56
9686;SKU-19679;Item 19679 Energia - Modelo 80;Energia;73;641.03
9687;SKU-19680;Item 19680 Periféricos - Modelo 81;Periféricos;80;644.50
9688;SKU-19681;Item 19681 Monitores - Modelo 82;Monitores;87;647.97
9689;SKU-19682;Item 19682 Áudio - Modelo 83;Áudio;94;651.44
9690;SKU-19683;Item 19683 Vídeo - Modelo 84;Vídeo;101;654.91
9691;SKU-19684;Item 19684 Computadores - Modelo 85;Computadores;108;658.38
9692;SKU-19685;Item 19685 Redes - Modelo 86;Redes;115;661.85
9693;SKU-19686;Item 19686 Impressão - Modelo 87;Impressão;2;665.32
9694;SKU-19687;Item 19687 Acessórios - Modelo 88;Acessórios;9;668.79
9695;SKU-19688;Item 19688 Armazenamento - Modelo 89;Armazenamento;16;672.26
9696;SKU-19689;Item 19689 Energia - Modelo 90;Energia;23;675.73
9697;SKU-19690;Item 19690 Periféricos - Modelo 91;Periféricos;30;679.20
9698;SKU-19691;Item 19691 Monitores - Modelo 92;Monitores;37;682.67
9699;SKU-19692;Item 19692 Áudio - Modelo 93;Áudio;44;686.14
9700;SKU-19693;Item 19693 Vídeo - Modelo 94;Vídeo;51;689.61
9701;SKU-19694;Item 19694 Computadores - Modelo 95;Computadores;58;693.08
9702;SKU-19695;Item 19695 Redes - Modelo 96;Redes;65;696.55
9703;SKU-19696;Item 19696 Impressão - Modelo 97;Impressão;72;700.02
9704;SKU-19697;Item 19697 Acessórios - Modelo 98;Acessórios;79;703.49
9705;SKU-19698;Item 19698 Armazenamento - Modelo 99;Armazenamento;86;706.96
9706;SKU-19699;Item 19699 Energia - Modelo 100;Energia;93;710.43
9707;SKU-19700;Item 19700 Periféricos - Modelo 1;Periféricos;100;713.90
9708;SKU-19701;Item 19701 Monitores - Modelo 2;Monitores;107;717.37
9709;SKU-19702;Item 19702 Áudio - Modelo 3;Áudio;114;720.84
9710;SKU-19703;Item 19703 Vídeo - Modelo 4;Vídeo;1;724.31
9711;SKU-19704;Item 19704 Computadores - Modelo 5;Computadores;8;727.78
9712;SKU-19705;Item 19705 Redes - Modelo 6;Redes;15;731.25
9713;SKU-19706;Item 19706 Impressão - Modelo 7;Impressão;22;734.72
9714;SKU-19707;Item 19707 Acessórios - Modelo 8;Acessórios;29;738.19
9715;SKU-19708;Item 19708 Armazenamento - Modelo 9;Armazenamento;36;741.66
9716;SKU-19709;Item 19709 Energia - Modelo 10;Energia;43;745.13
9717;SKU-19710;Item 19710 Periféricos - Modelo 11;Periféricos;50;748.60
9718;SKU-19711;Item 19711 Monitores - Modelo 12;Monitores;57;752.07
9719;SKU-19712;Item 19712 Áudio - Modelo 13;Áudio;64;755.54
9720;SKU-19713;Item 19713 Vídeo - Modelo 14;Vídeo;71;759.01
9721;SKU-19714;Item 19714 Computadores - Modelo 15;Computadores;78;762.48
9722;SKU-19715;Item 19715 Redes - Modelo 16;Redes;85;765.95
9723;SKU-19716;Item 19716 Impressão - Modelo 17;Impressão;92;769.42
9724;SKU-19717;Item 19717 Acessórios - Modelo 18;Acessórios;99;772.89
9725;SKU-19718;Item 19718 Armazenamento - Modelo 19;Armazenamento;106;776.36
9726;SKU-19719;Item 19719 Energia - Modelo 20;Energia;113;779.83
9727;SKU-19720;Item 19720 Periféricos - Modelo 21;Periféricos;0;783.30
9728;SKU-19721;Item 19721 Monitores - Modelo 22;Monitores;7;786.77
9729;SKU-19722;Item 19722 Áudio - Modelo 23;Áudio;14;790.24
9730;SKU-19723;Item 19723 Vídeo - Modelo 24;Vídeo;21;793.71
9731;SKU-19724;Item 19724 Computadores - Modelo 25;Computadores;28;797.18
9732;SKU-19725;Item 19725 Redes - Modelo 26;Redes;35;800.65
9733;SKU-19726;Item 19726 Impressão - Modelo 27;Impressão;42;804.12
9734;SKU-19727;Item 19727 Acessórios - Modelo 28;Acessórios;49;807.59
9735;SKU-19728;Item 19728 Armazenamento - Modelo 29;Armazenamento;56;811.06
9736;SKU-19729;Item 19729 Energia - Modelo 30;Energia;63;814.53
9737;SKU-19730;Item 19730 Periféricos - Modelo 31;Periféricos;70;818.00
9738;SKU-19731;Item 19731 Monitores - Modelo 32;Monitores;77;821.47
9739;SKU-19732;Item 19732 Áudio - Modelo 33;Áudio;84;824.94
9740;SKU-19733;Item 19733 Vídeo - Modelo 34;Vídeo;91;828.41
9741;SKU-19734;Item 19734 Computadores - Modelo 35;Computadores;98;831.88
9742;SKU-19735;Item 19735 Redes - Modelo 36;Redes;105;835.35
9743;SKU-19736;Item 19736 Impressão - Modelo 37;Impressão;112;838.82
9744;SKU-19737;Item 19737 Acessórios - Modelo 38;Acessórios;119;842.29
9745;SKU-19738;Item 19738 Armazenamento - Modelo 39;Armazenamento;6;845.76
9746;SKU-19739;Item 19739 Energia - Modelo 40;Energia;13;849.23
9747;SKU-19740;Item 19740 Periféricos - Modelo 41;Periféricos;20;852.70
9748;SKU-19741;Item 19741 Monitores - Modelo 42;Monitores;27;856.17
9749;SKU-19742;Item 19742 Áudio - Modelo 43;Áudio;34;859.64
9750;SKU-19743;Item 19743 Vídeo - Modelo 44;Vídeo;41;863.11
9751;SKU-19744;Item 19744 Computadores - Modelo 45;Computadores;48;866.58
9752;SKU-19745;Item 19745 Redes - Modelo 46;Redes;55;870.05
9753;SKU-19746;Item 19746 Impressão - Modelo 47;Impressão;62;873.52
9754;SKU-19747;Item 19747 Acessórios - Modelo 48;Acessórios;69;876.99
9755;SKU-19748;Item 19748 Armazenamento - Modelo 49;Armazenamento;76;880.46
9756;SKU-19749;Item 19749 Energia - Modelo 50;Energia;83;883.93
9757;SKU-19750;Item 19750 Periféricos - Modelo 51;Periféricos;90;887.40
9758;SKU-19751;Item 19751 Monitores - Modelo 52;Monitores;97;890.87
9759;SKU-19752;Item 19752 Áudio - Modelo 53;Áudio;104;894.34
9760;SKU-19753;Item 19753 Vídeo - Modelo 54;Vídeo;111;897.81
9761;SKU-19754;Item 19754 Computadores - Modelo 55;Computadores;118;901.28
9762;SKU-19755;Item 19755 Redes - Modelo 56;Redes;5;904.75
9763;SKU-19756;Item 19756 Impressão - Modelo 57;Impressão;12;908.22
9764;SKU-19757;Item 19757 Acessórios - Modelo 58;Acessórios;19;911.69
9765;SKU-19758;Item 19758 Armazenamento - Modelo 59;Armazenamento;26;915.16
9766;SKU-19759;Item 19759 Energia - Modelo 60;Energia;33;918.63
9767;SKU-19760;Item 19760 Periféricos - Modelo 61;Periféricos;40;922.10
9768;SKU-19761;Item 19761 Monitores - Modelo 62;Monitores;47;925.57
9769;SKU-19762;Item 19762 Áudio - Modelo 63;Áudio;54;929.04
9770;SKU-19763;Item 19763 Vídeo - Modelo 64;Vídeo;61;932.51
9771;SKU-19764;Item 19764 Computadores - Modelo 65;Computadores;68;935.98
9772;SKU-19765;Item 19765 Redes - Modelo 66;Redes;75;939.45
9773;SKU-19766;Item 19766 Impressão - Modelo 67;Impressão;82;942.92
9774;SKU-19767;Item 19767 Acessórios - Modelo 68;Acessórios;89;946.39
9775;SKU-19768;Item 19768 Armazenamento - Modelo 69;Armazenamento;96;949.86
9776;SKU-19769;Item 19769 Energia - Modelo 70;Energia;103;953.33
9777;SKU-19770;Item 19770 Periféricos - Modelo 71;Periféricos;110;956.80
9778;SKU-19771;Item 19771 Monitores - Modelo 72;Monitores;117;960.27
9779;SKU-19772;Item 19772 Áudio - Modelo 73;Áudio;4;963.74
9780;SKU-19773;Item 19773 Vídeo - Modelo 74;Vídeo;11;967.21
9781;SKU-19774;Item 19774 Computadores - Modelo 75;Computadores;18;970.68
9782;SKU-19775;Item 19775 Redes - Modelo 76;Redes;25;974.15
9783;SKU-19776;Item 19776 Impressão - Modelo 77;Impressão;32;977.62
9784;SKU-19777;Item 19777 Acessórios - Modelo 78;Acessórios;39;981.09
9785;SKU-19778;Item 19778 Armazenamento - Modelo 79;Armazenamento;46;984.56
9786;SKU-19779;Item 19779 Energia - Modelo 80;Energia;53;988.03
9787;SKU-19780;Item 19780 Periféricos - Modelo 81;Periféricos;60;991.50
9788;SKU-19781;Item 19781 Monitores - Modelo 82;Monitores;67;994.97
9789;SKU-19782;Item 19782 Áudio - Modelo 83;Áudio;74;998.44
9790;SKU-19783;Item 19783 Vídeo - Modelo 84;Vídeo;81;1001.91
9791;SKU-19784;Item 19784 Computadores - Modelo 85;Computadores;88;1005.38
9792;SKU-19785;Item 19785 Redes - Modelo 86;Redes;95;1008.85
9793;SKU-19786;Item 19786 Impressão - Modelo 87;Impressão;102;1012.32
9794;SKU-19787;Item 19787 Acessórios - Modelo 88;Acessórios;109;1015.79
9795;SKU-19788;Item 19788 Armazenamento - Modelo 89;Armazenamento;116;1019.26
9796;SKU-19789;Item 19789 Energia - Modelo 90;Energia;3;1022.73
9797;SKU-19790;Item 19790 Periféricos - Modelo 91;Periféricos;10;1026.20
9798;SKU-19791;Item 19791 Monitores - Modelo 92;Monitores;17;1029.67
9799;SKU-19792;Item 19792 Áudio - Modelo 93;Áudio;24;1033.14
9800;SKU-19793;Item 19793 Vídeo - Modelo 94;Vídeo;31;1036.61
9801;SKU-19794;Item 19794 Computadores - Modelo 95;Computadores;38;1040.08
9802;SKU-19795;Item 19795 Redes - Modelo 96;Redes;45;1043.55
9803;SKU-19796;Item 19796 Impressão - Modelo 97;Impressão;52;1047.02
9804;SKU-19797;Item 19797 Acessórios - Modelo 98;Acessórios;59;1050.49
9805;SKU-19798;Item 19798 Armazenamento - Modelo 99;Armazenamento;66;1053.96
9806;SKU-19799;Item 19799 Energia - Modelo 100;Energia;73;1057.43
9807;SKU-19800;Item 19800 Periféricos - Modelo 1;Periféricos;80;1060.90
9808;SKU-19801;Item 19801 Monitores - Modelo 2;Monitores;87;1064.37
9809;SKU-19802;Item 19802 Áudio - Modelo 3;Áudio;94;1067.84
9810;SKU-19803;Item 19803 Vídeo - Modelo 4;Vídeo;101;1071.31
9811;SKU-19804;Item 19804 Computadores - Modelo 5;Computadores;108;1074.78
9812;SKU-19805;Item 19805 Redes - Modelo 6;Redes;115;1078.25
9813;SKU-19806;Item 19806 Impressão - Modelo 7;Impressão;2;1081.72
9814;SKU-19807;Item 19807 Acessórios - Modelo 8;Acessórios;9;1085.19
9815;SKU-19808;Item 19808 Armazenamento - Modelo 9;Armazenamento;16;1088.66
9816;SKU-19809;Item 19809 Energia - Modelo 10;Energia;23;1092.13
9817;SKU-19810;Item 19810 Periféricos - Modelo 11;Periféricos;30;1095.60
9818;SKU-19811;Item 19811 Monitores - Modelo 12;Monitores;37;1099.07
9819;SKU-19812;Item 19812 Áudio - Modelo 13;Áudio;44;1102.54
9820;SKU-19813;Item 19813 Vídeo - Modelo 14;Vídeo;51;1106.01
9821;SKU-19814;Item 19814 Computadores - Modelo 15;Computadores;58;1109.48
9822;SKU-19815;Item 19815 Redes - Modelo 16;Redes;65;1112.95
9823;SKU-19816;Item 19816 Impressão - Modelo 17;Impressão;72;1116.42
9824;SKU-19817;Item 19817 Acessórios - Modelo 18;Acessórios;79;1119.89
9825;SKU-19818;Item 19818 Armazenamento - Modelo 19;Armazenamento;86;1123.36
9826;SKU-19819;Item 19819 Energia - Modelo 20;Energia;93;1126.83
9827;SKU-19820;Item 19820 Periféricos - Modelo 21;Periféricos;100;1130.30
9828;SKU-19821;Item 19821 Monitores - Modelo 22;Monitores;107;1133.77
9829;SKU-19822;Item 19822 Áudio - Modelo 23;Áudio;114;1137.24
9830;SKU-19823;Item 19823 Vídeo - Modelo 24;Vídeo;1;1140.71
9831;SKU-19824;Item 19824 Computadores - Modelo 25;Computadores;8;1144.18
9832;SKU-19825;Item 19825 Redes - Modelo 26;Redes;15;1147.65
9833;SKU-19826;Item 19826 Impressão - Modelo 27;Impressão;22;1151.12
9834;SKU-19827;Item 19827 Acessórios - Modelo 28;Acessórios;29;1154.59
9835;SKU-19828;Item 19828 Armazenamento - Modelo 29;Armazenamento;36;1158.06
9836;SKU-19829;Item 19829 Energia - Modelo 30;Energia;43;1161.53
9837;SKU-19830;Item 19830 Periféricos - Modelo 31;Periféricos;50;1165.00
9838;SKU-19831;Item 19831 Monitores - Modelo 32;Monitores;57;1168.47
9839;SKU-19832;Item 19832 Áudio - Modelo 33;Áudio;64;1171.94
9840;SKU-19833;Item 19833 Vídeo - Modelo 34;Vídeo;71;1175.41
9841;SKU-19834;Item 19834 Computadores - Modelo 35;Computadores;78;1178.88
9842;SKU-19835;Item 19835 Redes - Modelo 36;Redes;85;1182.35
9843;SKU-19836;Item 19836 Impressão - Modelo 37;Impressão;92;1185.82
9844;SKU-19837;Item 19837 Acessórios - Modelo 38;Acessórios;99;1189.29
9845;SKU-19838;Item 19838 Armazenamento - Modelo 39;Armazenamento;106;1192.76
9846;SKU-19839;Item 19839 Energia - Modelo 40;Energia;113;1196.23
9847;SKU-19840;Item 19840 Periféricos - Modelo 41;Periféricos;0;1199.70
9848;SKU-19841;Item 19841 Monitores - Modelo 42;Monitores;7;1203.17
9849;SKU-19842;Item 19842 Áudio - Modelo 43;Áudio;14;1206.64
9850;SKU-19843;Item 19843 Vídeo - Modelo 44;Vídeo;21;1210.11
9851;SKU-19844;Item 19844 Computadores - Modelo 45;Computadores;28;1213.58
9852;SKU-19845;Item 19845 Redes - Modelo 46;Redes;35;1217.05
9853;SKU-19846;Item 19846 Impressão - Modelo 47;Impressão;42;1220.52
9854;SKU-19847;Item 19847 Acessórios - Modelo 48;Acessórios;49;1223.99
9855;SKU-19848;Item 19848 Armazenamento - Modelo 49;Armazenamento;56;1227.46
9856;SKU-19849;Item 19849 Energia - Modelo 50;Energia;63;1230.93
9857;SKU-19850;Item 19850 Periféricos - Modelo 51;Periféricos;70;1234.40
9858;SKU-19851;Item 19851 Monitores - Modelo 52;Monitores;77;1237.87
9859;SKU-19852;Item 19852 Áudio - Modelo 53;Áudio;84;1241.34
9860;SKU-19853;Item 19853 Vídeo - Modelo 54;Vídeo;91;1244.81
9861;SKU-19854;Item 19854 Computadores - Modelo 55;Computadores;98;1248.28
9862;SKU-19855;Item 19855 Redes - Modelo 56;Redes;105;1251.75
9863;SKU-19856;Item 19856 Impressão - Modelo 57;Impressão;112;1255.22
9864;SKU-19857;Item 19857 Acessórios - Modelo 58;Acessórios;119;1258.69
9865;SKU-19858;Item 19858 Armazenamento - Modelo 59;Armazenamento;6;1262.16
9866;SKU-19859;Item 19859 Energia - Modelo 60;Energia;13;1265.63
9867;SKU-19860;Item 19860 Periféricos - Modelo 61;Periféricos;20;1269.10
9868;SKU-19861;Item 19861 Monitores - Modelo 62;Monitores;27;1272.57
9869;SKU-19862;Item 19862 Áudio - Modelo 63;Áudio;34;1276.04
9870;SKU-19863;Item 19863 Vídeo - Modelo 64;Vídeo;41;1279.51
9871;SKU-19864;Item 19864 Computadores - Modelo 65;Computadores;48;1282.98
9872;SKU-19865;Item 19865 Redes - Modelo 66;Redes;55;1286.45
9873;SKU-19866;Item 19866 Impressão - Modelo 67;Impressão;62;1289.92
9874;SKU-19867;Item 19867 Acessórios - Modelo 68;Acessórios;69;1293.39
9875;SKU-19868;Item 19868 Armazenamento - Modelo 69;Armazenamento;76;1296.86
9876;SKU-19869;Item 19869 Energia - Modelo 70;Energia;83;1300.33
9877;SKU-19870;Item 19870 Periféricos - Modelo 71;Periféricos;90;1303.80
9878;SKU-19871;Item 19871 Monitores - Modelo 72;Monitores;97;1307.27
9879;SKU-19872;Item 19872 Áudio - Modelo 73;Áudio;104;1310.74
9880;SKU-19873;Item 19873 Vídeo - Modelo 74;Vídeo;111;1314.21
9881;SKU-19874;Item 19874 Computadores - Modelo 75;Computadores;118;1317.68
9882;SKU-19875;Item 19875 Redes - Modelo 76;Redes;5;1321.15
9883;SKU-19876;Item 19876 Impressão - Modelo 77;Impressão;12;1324.62
9884;SKU-19877;Item 19877 Acessórios - Modelo 78;Acessórios;19;1328.09
9885;SKU-19878;Item 19878 Armazenamento - Modelo 79;Armazenamento;26;1331.56
9886;SKU-19879;Item 19879 Energia - Modelo 80;Energia;33;1335.03
9887;SKU-19880;Item 19880 Periféricos - Modelo 81;Periféricos;40;1338.50
9888;SKU-19881;Item 19881 Monitores - Modelo 82;Monitores;47;1341.97
9889;SKU-19882;Item 19882 Áudio - Modelo 83;Áudio;54;1345.44
9890;SKU-19883;Item 19883 Vídeo - Modelo 84;Vídeo;61;1348.91
9891;SKU-19884;Item 19884 Computadores - Modelo 85;Computadores;68;1352.38
9892;SKU-19885;Item 19885 Redes - Modelo 86;Redes;75;1355.85
9893;SKU-19886;Item 19886 Impressão - Modelo 87;Impressão;82;1359.32
9894;SKU-19887;Item 19887 Acessórios - Modelo 88;Acessórios;89;1362.79
9895;SKU-19888;Item 19888 Armazenamento - Modelo 89;Armazenamento;96;1366.26
9896;SKU-19889;Item 19889 Energia - Modelo 90;Energia;103;1369.73
9897;SKU-19890;Item 19890 Periféricos - Modelo 91;Periféricos;110;1373.20
9898;SKU-19891;Item 19891 Monitores - Modelo 92;Monitores;117;1376.67
9899;SKU-19892;Item 19892 Áudio - Modelo 93;Áudio;4;1380.14
9900;SKU-19893;Item 19893 Vídeo - Modelo 94;Vídeo;11;1383.61
9901;SKU-19894;Item 19894 Computadores - Modelo 95;Computadores;18;1387.08
9902;SKU-19895;Item 19895 Redes - Modelo 96;Redes;25;1390.55
9903;SKU-19896;Item 19896 Impressão - Modelo 97;Impressão;32;1394.02
9904;SKU-19897;Item 19897 Acessórios - Modelo 98;Acessórios;39;1397.49
9905;SKU-19898;Item 19898 Armazenamento - Modelo 99;Armazenamento;46;1400.96
9906;SKU-19899;Item 19899 Energia - Modelo 100;Energia;53;1404.43
9907;SKU-19900;Item 19900 Periféricos - Modelo 1;Periféricos;60;1407.90
9908;SKU-19901;Item 19901 Monitores - Modelo 2;Monitores;67;1411.37
9909;SKU-19902;Item 19902 Áudio - Modelo 3;Áudio;74;1414.84
9910;SKU-19903;Item 19903 Vídeo - Modelo 4;Vídeo;81;1418.31
9911;SKU-19904;Item 19904 Computadores - Modelo 5;Computadores;88;1421.78
9912;SKU-19905;Item 19905 Redes - Modelo 6;Redes;95;1425.25
9913;SKU-19906;Item 19906 Impressão - Modelo 7;Impressão;102;1428.72
9914;SKU-19907;Item 19907 Acessórios - Modelo 8;Acessórios;109;1432.19
9915;SKU-19908;Item 19908 Armazenamento - Modelo 9;Armazenamento;116;1435.66
9916;SKU-19909;Item 19909 Energia - Modelo 10;Energia;3;1439.13
9917;SKU-19910;Item 19910 Periféricos - Modelo 11;Periféricos;10;1442.60
9918;SKU-19911;Item 19911 Monitores - Modelo 12;Monitores;17;1446.07
9919;SKU-19912;Item 19912 Áudio - Modelo 13;Áudio;24;1449.54
9920;SKU-19913;Item 19913 Vídeo - Modelo 14;Vídeo;31;1453.01
9921;SKU-19914;Item 19914 Computadores - Modelo 15;Computadores;38;1456.48
9922;SKU-19915;Item 19915 Redes - Modelo 16;Redes;45;1459.95
9923;SKU-19916;Item 19916 Impressão - Modelo 17;Impressão;52;1463.42
9924;SKU-19917;Item 19917 Acessórios - Modelo 18;Acessórios;59;1466.89
9925;SKU-19918;Item 19918 Armazenamento - Modelo 19;Armazenamento;66;1470.36
9926;SKU-19919;Item 19919 Energia - Modelo 20;Energia;73;1473.83
9927;SKU-19920;Item 19920 Periféricos - Modelo 21;Periféricos;80;1477.30
9928;SKU-19921;Item 19921 Monitores - Modelo 22;Monitores;87;1480.77
9929;SKU-19922;Item 19922 Áudio - Modelo 23;Áudio;94;1484.24
9930;SKU-19923;Item 19923 Vídeo - Modelo 24;Vídeo;101;1487.71
9931;SKU-19924;Item 19924 Computadores - Modelo 25;Computadores;108;1491.18
9932;SKU-19925;Item 19925 Redes - Modelo 26;Redes;115;1494.65
9933;SKU-19926;Item 19926 Impressão - Modelo 27;Impressão;2;1498.12
9934;SKU-19927;Item 19927 Acessórios - Modelo 28;Acessórios;9;1501.59
9935;SKU-19928;Item 19928 Armazenamento - Modelo 29;Armazenamento;16;1505.06
9936;SKU-19929;Item 19929 Energia - Modelo 30;Energia;23;1508.53
9937;SKU-19930;Item 19930 Periféricos - Modelo 31;Periféricos;30;1512.00
9938;SKU-19931;Item 19931 Monitores - Modelo 32;Monitores;37;1515.47
9939;SKU-19932;Item 19932 Áudio - Modelo 33;Áudio;44;1518.94
9940;SKU-19933;Item 19933 Vídeo - Modelo 34;Vídeo;51;1522.41
9941;SKU-19934;Item 19934 Computadores - Modelo 35;Computadores;58;1525.88
9942;SKU-19935;Item 19935 Redes - Modelo 36;Redes;65;1529.35
9943;SKU-19936;Item 19936 Impressão - Modelo 37;Impressão;72;1532.82
9944;SKU-19937;Item 19937 Acessórios - Modelo 38;Acessórios;79;1536.29
9945;SKU-19938;Item 19938 Armazenamento - Modelo 39;Armazenamento;86;1539.76
9946;SKU-19939;Item 19939 Energia - Modelo 40;Energia;93;1543.23
9947;SKU-19940;Item 19940 Periféricos - Modelo 41;Periféricos;100;1546.70
9948;SKU-19941;Item 19941 Monitores - Modelo 42;Monitores;107;1550.17
9949;SKU-19942;Item 19942 Áudio - Modelo 43;Áudio;114;1553.64
9950;SKU-19943;Item 19943 Vídeo - Modelo 44;Vídeo;1;1557.11
9951;SKU-19944;Item 19944 Computadores - Modelo 45;Computadores;8;1560.58
9952;SKU-19945;Item 19945 Redes - Modelo 46;Redes;15;1564.05
9953;SKU-19946;Item 19946 Impressão - Modelo 47;Impressão;22;1567.52
9954;SKU-19947;Item 19947 Acessórios - Modelo 48;Acessórios;29;1570.99
9955;SKU-19948;Item 19948 Armazenamento - Modelo 49;Armazenamento;36;1574.46
9956;SKU-19949;Item 19949 Energia - Modelo 50;Energia;43;1577.93
9957;SKU-19950;Item 19950 Periféricos - Modelo 51;Periféricos;50;1581.40
9958;SKU-19951;Item 19951 Monitores - Modelo 52;Monitores;57;1584.87
9959;SKU-19952;Item 19952 Áudio - Modelo 53;Áudio;64;1588.34
9960;SKU-19953;Item 19953 Vídeo - Modelo 54;Vídeo;71;1591.81
9961;SKU-19954;Item 19954 Computadores - Modelo 55;Computadores;78;1595.28
9962;SKU-19955;Item 19955 Redes - Modelo 56;Redes;85;1598.75
9963;SKU-19956;Item 19956 Impressão - Modelo 57;Impressão;92;1602.22
9964;SKU-19957;Item 19957 Acessórios - Modelo 58;Acessórios;99;1605.69
9965;SKU-19958;Item 19958 Armazenamento - Modelo 59;Armazenamento;106;1609.16
9966;SKU-19959;Item 19959 Energia - Modelo 60;Energia;113;1612.63
9967;SKU-19960;Item 19960 Periféricos - Modelo 61;Periféricos;0;1616.10
9968;SKU-19961;Item 19961 Monitores - Modelo 62;Monitores;7;1619.57
9969;SKU-19962;Item 19962 Áudio - Modelo 63;Áudio;14;1623.04
9970;SKU-19963;Item 19963 Vídeo - Modelo 64;Vídeo;21;1626.51
9971;SKU-19964;Item 19964 Computadores - Modelo 65;Computadores;28;1629.98
9972;SKU-19965;Item 19965 Redes - Modelo 66;Redes;35;1633.45
9973;SKU-19966;Item 19966 Impressão - Modelo 67;Impressão;42;1636.92
9974;SKU-19967;Item 19967 Acessórios - Modelo 68;Acessórios;49;1640.39
9975;SKU-19968;Item 19968 Armazenamento - Modelo 69;Armazenamento;56;1643.86
9976;SKU-19969;Item 19969 Energia - Modelo 70;Energia;63;1647.33
9977;SKU-19970;Item 19970 Periféricos - Modelo 71;Periféricos;70;1650.80
9978;SKU-19971;Item 19971 Monitores - Modelo 72;Monitores;77;1654.27
9979;SKU-19972;Item 19972 Áudio - Modelo 73;Áudio;84;1657.74
9980;SKU-19973;Item 19973 Vídeo - Modelo 74;Vídeo;91;1661.21
9981;SKU-19974;Item 19974 Computadores - Modelo 75;Computadores;98;1664.68
9982;SKU-19975;Item 19975 Redes - Modelo 76;Redes;105;1668.15
9983;SKU-19976;Item 19976 Impressão - Modelo 77;Impressão;112;1671.62
9984;SKU-19977;Item 19977 Acessórios - Modelo 78;Acessórios;119;1675.09
9985;SKU-19978;Item 19978 Armazenamento - Modelo 79;Armazenamento;6;1678.56
9986;SKU-19979;Item 19979 Energia - Modelo 80;Energia;13;1682.03
9987;SKU-19980;Item 19980 Periféricos - Modelo 81;Periféricos;20;1685.50
9988;SKU-19981;Item 19981 Monitores - Modelo 82;Monitores;27;1688.97
9989;SKU-19982;Item 19982 Áudio - Modelo 83;Áudio;34;1692.44
9990;SKU-19983;Item 19983 Vídeo - Modelo 84;Vídeo;41;1695.91
9991;SKU-19984;Item 19984 Computadores - Modelo 85;Computadores;48;1699.38
9992;SKU-19985;Item 19985 Redes - Modelo 86;Redes;55;1702.85
9993;SKU-19986;Item 19986 Impressão - Modelo 87;Impressão;62;1706.32
9994;SKU-19987;Item 19987 Acessórios - Modelo 88;Acessórios;69;1709.79
9995;SKU-19988;Item 19988 Armazenamento - Modelo 89;Armazenamento;76;1713.26
9996;SKU-19989;Item 19989 Energia - Modelo 90;Energia;83;1716.73
9997;SKU-19990;Item 19990 Periféricos - Modelo 91;Periféricos;90;1720.20
9998;SKU-19991;Item 19991 Monitores - Modelo 92;Monitores;97;1723.67
9999;SKU-19992;Item 19992 Áudio - Modelo 93;Áudio;104;1727.14
10000;SKU-19993;Item 19993 Vídeo - Modelo 94;Vídeo;111;1730.61
10001;SKU-19994;Item 19994 Computadores - Modelo 95;Computadores;118;1734.08
10002;SKU-19995;Item 19995 Redes - Modelo 96;Redes;5;1737.55
10003;SKU-19996;Item 19996 Impressão - Modelo 97;Impressão;12;1741.02
10004;SKU-19997;Item 19997 Acessórios - Modelo 98;Acessórios;19;1744.49
10005;SKU-19998;Item 19998 Armazenamento - Modelo 99;Armazenamento;26;1747.96
10006;SKU-19999;Item 19999 Energia - Modelo 100;Energia;33;1751.43
10007;SKU-20000;Item 20000 Periféricos - Modelo 1;Periféricos;40;19.90
10008;SKU-20001;Item 20001 Monitores - Modelo 2;Monitores;47;23.37
10009;SKU-20002;Item 20002 Áudio - Modelo 3;Áudio;54;26.84
10010;SKU-20003;Item 20003 Vídeo - Modelo 4;Vídeo;61;30.31
10011;SKU-20004;Item 20004 Computadores - Modelo 5;Computadores;68;33.78
10012;SKU-20005;Item 20005 Redes - Modelo 6;Redes;75;37.25
10013;SKU-20006;Item 20006 Impressão - Modelo 7;Impressão;82;40.72
10014;SKU-20007;Item 20007 Acessórios - Modelo 8;Acessórios;89;44.19
10015;SKU-20008;Item 20008 Armazenamento - Modelo 9;Armazenamento;96;47.66
10016;SKU-20009;Item 20009 Energia - Modelo 10;Energia;103;51.13
10017;SKU-20010;Item 20010 Periféricos - Modelo 11;Periféricos;110;54.60
10018;SKU-20011;Item 20011 Monitores - Modelo 12;Monitores;117;58.07
10019;SKU-20012;Item 20012 Áudio - Modelo 13;Áudio;4;61.54
10020;SKU-20013;Item 20013 Vídeo - Modelo 14;Vídeo;11;65.01
10021;SKU-20014;Item 20014 Computadores - Modelo 15;Computadores;18;68.48
10022;SKU-20015;Item 20015 Redes - Modelo 16;Redes;25;71.95
10023;SKU-20016;Item 20016 Impressão - Modelo 17;Impressão;32;75.42
10024;SKU-20017;Item 20017 Acessórios - Modelo 18;Acessórios;39;78.89
10025;SKU-20018;Item 20018 Armazenamento - Modelo 19;Armazenamento;46;82.36
10026;SKU-20019;Item 20019 Energia - Modelo 20;Energia;53;85.83
10027;SKU-20020;Item 20020 Periféricos - Modelo 21;Periféricos;60;89.30
10028;SKU-20021;Item 20021 Monitores - Modelo 22;Monitores;67;92.77
10029;SKU-20022;Item 20022 Áudio - Modelo 23;Áudio;74;96.24
10030;SKU-20023;Item 20023 Vídeo - Modelo 24;Vídeo;81;99.71
10031;SKU-20024;Item 20024 Computadores - Modelo 25;Computadores;88;103.18
10032;SKU-20025;Item 20025 Redes - Modelo 26;Redes;95;106.65
10033;SKU-20026;Item 20026 Impressão - Modelo 27;Impressão;102;110.12
10034;SKU-20027;Item 20027 Acessórios - Modelo 28;Acessórios;109;113.59
10035;SKU-20028;Item 20028 Armazenamento - Modelo 29;Armazenamento;116;117.06
10036;SKU-20029;Item 20029 Energia - Modelo 30;Energia;3;120.53
10037;SKU-20030;Item 20030 Periféricos - Modelo 31;Periféricos;10;124.00
10038;SKU-20031;Item 20031 Monitores - Modelo 32;Monitores;17;127.47
10039;SKU-20032;Item 20032 Áudio - Modelo 33;Áudio;24;130.94
10040;SKU-20033;Item 20033 Vídeo - Modelo 34;Vídeo;31;134.41
10041;SKU-20034;Item 20034 Computadores - Modelo 35;Computadores;38;137.88
10042;SKU-20035;Item 20035 Redes - Modelo 36;Redes;45;141.35
10043;SKU-20036;Item 20036 Impressão - Modelo 37;Impressão;52;144.82
10044;SKU-20037;Item 20037 Acessórios - Modelo 38;Acessórios;59;148.29
10045;SKU-20038;Item 20038 Armazenamento - Modelo 39;Armazenamento;66;151.76
10046;SKU-20039;Item 20039 Energia - Modelo 40;Energia;73;155.23
10047;SKU-20040;Item 20040 Periféricos - Modelo 41;Periféricos;80;158.70
10048;SKU-20041;Item 20041 Monitores - Modelo 42;Monitores;87;162.17
10049;SKU-20042;Item 20042 Áudio - Modelo 43;Áudio;94;165.64
10050;SKU-20043;Item 20043 Vídeo - Modelo 44;Vídeo;101;169.11
10051;SKU-20044;Item 20044 Computadores - Modelo 45;Computadores;108;172.58
10052;SKU-20045;Item 20045 Redes - Modelo 46;Redes;115;176.05
10053;SKU-20046;Item 20046 Impressão - Modelo 47;Impressão;2;179.52
10054;SKU-20047;Item 20047 Acessórios - Modelo 48;Acessórios;9;182.99
10055;SKU-20048;Item 20048 Armazenamento - Modelo 49;Armazenamento;16;186.46
10056;SKU-20049;Item 20049 Energia - Modelo 50;Energia;23;189.93
10057;SKU-20050;Item 20050 Periféricos - Modelo 51;Periféricos;30;193.40
10058;SKU-20051;Item 20051 Monitores - Modelo 52;Monitores;37;196.87
10059;SKU-20052;Item 20052 Áudio - Modelo 53;Áudio;44;200.34
10060;SKU-20053;Item 20053 Vídeo - Modelo 54;Vídeo;51;203.81
10061;SKU-20054;Item 20054 Computadores - Modelo 55;Computadores;58;207.28
10062;SKU-20055;Item 20055 Redes - Modelo 56;Redes;65;210.75
10063;SKU-20056;Item 20056 Impressão - Modelo 57;Impressão;72;214.22
10064;SKU-20057;Item 20057 Acessórios - Modelo 58;Acessórios;79;217.69
10065;SKU-20058;Item 20058 Armazenamento - Modelo 59;Armazenamento;86;221.16
10066;SKU-20059;Item 20059 Energia - Modelo 60;Energia;93;224.63
10067;SKU-20060;Item 20060 Periféricos - Modelo 61;Periféricos;100;228.10
10068;SKU-20061;Item 20061 Monitores - Modelo 62;Monitores;107;231.57
10069;SKU-20062;Item 20062 Áudio - Modelo 63;Áudio;114;235.04
10070;SKU-20063;Item 20063 Vídeo - Modelo 64;Vídeo;1;238.51
10071;SKU-20064;Item 20064 Computadores - Modelo 65;Computadores;8;241.98
10072;SKU-20065;Item 20065 Redes - Modelo 66;Redes;15;245.45
10073;SKU-20066;Item 20066 Impressão - Modelo 67;Impressão;22;248.92
10074;SKU-20067;Item 20067 Acessórios - Modelo 68;Acessórios;29;252.39
10075;SKU-20068;Item 20068 Armazenamento - Modelo 69;Armazenamento;36;255.86
10076;SKU-20069;Item 20069 Energia - Modelo 70;Energia;43;259.33
10077;SKU-20070;Item 20070 Periféricos - Modelo 71;Periféricos;50;262.80
10078;SKU-20071;Item 20071 Monitores - Modelo 72;Monitores;57;266.27
10079;SKU-20072;Item 20072 Áudio - Modelo 73;Áudio;64;269.74
10080;SKU-20073;Item 20073 Vídeo - Modelo 74;Vídeo;71;273.21
10081;SKU-20074;Item 20074 Computadores - Modelo 75;Computadores;78;276.68
10082;SKU-20075;Item 20075 Redes - Modelo 76;Redes;85;280.15
10083;SKU-20076;Item 20076 Impressão - Modelo 77;Impressão;92;283.62
10084;SKU-20077;Item 20077 Acessórios - Modelo 78;Acessórios;99;287.09
10085;SKU-20078;Item 20078 Armazenamento - Modelo 79;Armazenamento;106;290.56
10086;SKU-20079;Item 20079 Energia - Modelo 80;Energia;113;294.03
10087;SKU-20080;Item 20080 Periféricos - Modelo 81;Periféricos;0;297.50
10088;SKU-20081;Item 20081 Monitores - Modelo 82;Monitores;7;300.97
10089;SKU-20082;Item 20082 Áudio - Modelo 83;Áudio;14;304.44
10090;SKU-20083;Item 20083 Vídeo - Modelo 84;Vídeo;21;307.91
10091;SKU-20084;Item 20084 Computadores - Modelo 85;Computadores;28;311.38
10092;SKU-20085;Item 20085 Redes - Modelo 86;Redes;35;314.85
10093;SKU-20086;Item 20086 Impressão - Modelo 87;Impressão;42;318.32
10094;SKU-20087;Item 20087 Acessórios - Modelo 88;Acessórios;49;321.79
10095;SKU-20088;Item 20088 Armazenamento - Modelo 89;Armazenamento;56;325.26
10096;SKU-20089;Item 20089 Energia - Modelo 90;Energia;63;328.73
10097;SKU-20090;Item 20090 Periféricos - Modelo 91;Periféricos;70;332.20
10098;SKU-20091;Item 20091 Monitores - Modelo 92;Monitores;77;335.67
10099;SKU-20092;Item 20092 Áudio - Modelo 93;Áudio;84;339.14
10100;SKU-20093;Item 20093 Vídeo - Modelo 94;Vídeo;91;342.61
10101;SKU-20094;Item 20094 Computadores - Modelo 95;Computadores;98;346.08
10102;SKU-20095;Item 20095 Redes - Modelo 96;Redes;105;349.55
10103;SKU-20096;Item 20096 Impressão - Modelo 97;Impressão;112;353.02
10104;SKU-20097;Item 20097 Acessórios - Modelo 98;Acessórios;119;356.49
10105;SKU-20098;Item 20098 Armazenamento - Modelo 99;Armazenamento;6;359.96
10106;SKU-20099;Item 20099 Energia - Modelo 100;Energia;13;363.43
10107;SKU-20100;Item 20100 Periféricos - Modelo 1;Periféricos;20;366.90
10108;SKU-20101;Item 20101 Monitores - Modelo 2;Monitores;27;370.37
10109;SKU-20102;Item 20102 Áudio - Modelo 3;Áudio;34;373.84
10110;SKU-20103;Item 20103 Vídeo - Modelo 4;Vídeo;41;377.31
10111;SKU-20104;Item 20104 Computadores - Modelo 5;Computadores;48;380.78
10112;SKU-20105;Item 20105 Redes - Modelo 6;Redes;55;384.25
10113;SKU-20106;Item 20106 Impressão - Modelo 7;Impressão;62;387.72
10114;SKU-20107;Item 20107 Acessórios - Modelo 8;Acessórios;69;391.19
10115;SKU-20108;Item 20108 Armazenamento - Modelo 9;Armazenamento;76;394.66
10116;SKU-20109;Item 20109 Energia - Modelo 10;Energia;83;398.13
10117;SKU-20110;Item 20110 Periféricos - Modelo 11;Periféricos;90;401.60
10118;SKU-20111;Item 20111 Monitores - Modelo 12;Monitores;97;405.07
10119;SKU-20112;Item 20112 Áudio - Modelo 13;Áudio;104;408.54
10120;SKU-20113;Item 20113 Vídeo - Modelo 14;Vídeo;111;412.01
10121;SKU-20114;Item 20114 Computadores - Modelo 15;Computadores;118;415.48
10122;SKU-20115;Item 20115 Redes - Modelo 16;Redes;5;418.95
10123;SKU-20116;Item 20116 Impressão - Modelo 17;Impressão;12;422.42
10124;SKU-20117;Item 20117 Acessórios - Modelo 18;Acessórios;19;425.89
10125;SKU-20118;Item 20118 Armazenamento - Modelo 19;Armazenamento;26;429.36
10126;SKU-20119;Item 20119 Energia - Modelo 20;Energia;33;432.83
10127;SKU-20120;Item 20120 Periféricos - Modelo 21;Periféricos;40;436.30
10128;SKU-20121;Item 20121 Monitores - Modelo 22;Monitores;47;439.77
10129;SKU-20122;Item 20122 Áudio - Modelo 23;Áudio;54;443.24
10130;SKU-20123;Item 20123 Vídeo - Modelo 24;Vídeo;61;446.71
10131;SKU-20124;Item 20124 Computadores - Modelo 25;Computadores;68;450.18
10132;SKU-20125;Item 20125 Redes - Modelo 26;Redes;75;453.65
10133;SKU-20126;Item 20126 Impressão - Modelo 27;Impressão;82;457.12
10134;SKU-20127;Item 20127 Acessórios - Modelo 28;Acessórios;89;460.59
10135;SKU-20128;Item 20128 Armazenamento - Modelo 29;Armazenamento;96;464.06
10136;SKU-20129;Item 20129 Energia - Modelo 30;Energia;103;467.53
10137;SKU-20130;Item 20130 Periféricos - Modelo 31;Periféricos;110;471.00
10138;SKU-20131;Item 20131 Monitores - Modelo 32;Monitores;117;474.47
10139;SKU-20132;Item 20132 Áudio - Modelo 33;Áudio;4;477.94
10140;SKU-20133;Item 20133 Vídeo - Modelo 34;Vídeo;11;481.41
10141;SKU-20134;Item 20134 Computadores - Modelo 35;Computadores;18;484.88
10142;SKU-20135;Item 20135 Redes - Modelo 36;Redes;25;488.35
10143;SKU-20136;Item 20136 Impressão - Modelo 37;Impressão;32;491.82
10144;SKU-20137;Item 20137 Acessórios - Modelo 38;Acessórios;39;495.29
10145;SKU-20138;Item 20138 Armazenamento - Modelo 39;Armazenamento;46;498.76
10146;SKU-20139;Item 20139 Energia - Modelo 40;Energia;53;502.23
10147;SKU-20140;Item 20140 Periféricos - Modelo 41;Periféricos;60;505.70
10148;SKU-20141;Item 20141 Monitores - Modelo 42;Monitores;67;509.17
10149;SKU-20142;Item 20142 Áudio - Modelo 43;Áudio;74;512.64
10150;SKU-20143;Item 20143 Vídeo - Modelo 44;Vídeo;81;516.11
10151;SKU-20144;Item 20144 Computadores - Modelo 45;Computadores;88;519.58
10152;SKU-20145;Item 20145 Redes - Modelo 46;Redes;95;523.05
10153;SKU-20146;Item 20146 Impressão - Modelo 47;Impressão;102;526.52
10154;SKU-20147;Item 20147 Acessórios - Modelo 48;Acessórios;109;529.99
10155;SKU-20148;Item 20148 Armazenamento - Modelo 49;Armazenamento;116;533.46
10156;SKU-20149;Item 20149 Energia - Modelo 50;Energia;3;536.93
10157;SKU-20150;Item 20150 Periféricos - Modelo 51;Periféricos;10;540.40
10158;SKU-20151;Item 20151 Monitores - Modelo 52;Monitores;17;543.87
10159;SKU-20152;Item 20152 Áudio - Modelo 53;Áudio;24;547.34
10160;SKU-20153;Item 20153 Vídeo - Modelo 54;Vídeo;31;550.81
10161;SKU-20154;Item 20154 Computadores - Modelo 55;Computadores;38;554.28
10162;SKU-20155;Item 20155 Redes - Modelo 56;Redes;45;557.75
10163;SKU-20156;Item 20156 Impressão - Modelo 57;Impressão;52;561.22
10164;SKU-20157;Item 20157 Acessórios - Modelo 58;Acessórios;59;564.69
10165;SKU-20158;Item 20158 Armazenamento - Modelo 59;Armazenamento;66;568.16
10166;SKU-20159;Item 20159 Energia - Modelo 60;Energia;73;571.63
10167;SKU-20160;Item 20160 Periféricos - Modelo 61;Periféricos;80;575.10
10168;SKU-20161;Item 20161 Monitores - Modelo 62;Monitores;87;578.57
10169;SKU-20162;Item 20162 Áudio - Modelo 63;Áudio;94;582.04
10170;SKU-20163;Item 20163 Vídeo - Modelo 64;Vídeo;101;585.51
10171;SKU-20164;Item 20164 Computadores - Modelo 65;Computadores;108;588.98
10172;SKU-20165;Item 20165 Redes - Modelo 66;Redes;115;592.45
10173;SKU-20166;Item 20166 Impressão - Modelo 67;Impressão;2;595.92
10174;SKU-20167;Item 20167 Acessórios - Modelo 68;Acessórios;9;599.39
10175;SKU-20168;Item 20168 Armazenamento - Modelo 69;Armazenamento;16;602.86
10176;SKU-20169;Item 20169 Energia - Modelo 70;Energia;23;606.33
10177;SKU-20170;Item 20170 Periféricos - Modelo 71;Periféricos;30;609.80
10178;SKU-20171;Item 20171 Monitores - Modelo 72;Monitores;37;613.27
10179;SKU-20172;Item 20172 Áudio - Modelo 73;Áudio;44;616.74
10180;SKU-20173;Item 20173 Vídeo - Modelo 74;Vídeo;51;620.21
10181;SKU-20174;Item 20174 Computadores - Modelo 75;Computadores;58;623.68
10182;SKU-20175;Item 20175 Redes - Modelo 76;Redes;65;627.15
10183;SKU-20176;Item 20176 Impressão - Modelo 77;Impressão;72;630.62
10184;SKU-20177;Item 20177 Acessórios - Modelo 78;Acessórios;79;634.09
10185;SKU-20178;Item 20178 Armazenamento - Modelo 79;Armazenamento;86;637.56
10186;SKU-20179;Item 20179 Energia - Modelo 80;Energia;93;641.03
10187;SKU-20180;Item 20180 Periféricos - Modelo 81;Periféricos;100;644.50
10188;SKU-20181;Item 20181 Monitores - Modelo 82;Monitores;107;647.97
10189;SKU-20182;Item 20182 Áudio - Modelo 83;Áudio;114;651.44
10190;SKU-20183;Item 20183 Vídeo - Modelo 84;Vídeo;1;654.91
10191;SKU-20184;Item 20184 Computadores - Modelo 85;Computadores;8;658.38
10192;SKU-20185;Item 20185 Redes - Modelo 86;Redes;15;661.85
10193;SKU-20186;Item 20186 Impressão - Modelo 87;Impressão;22;665.32
10194;SKU-20187;Item 20187 Acessórios - Modelo 88;Acessórios;29;668.79
10195;SKU-20188;Item 20188 Armazenamento - Modelo 89;Armazenamento;36;672.26
10196;SKU-20189;Item 20189 Energia - Modelo 90;Energia;43;675.73
10197;SKU-20190;Item 20190 Periféricos - Modelo 91;Periféricos;50;679.20
10198;SKU-20191;Item 20191 Monitores - Modelo 92;Monitores;57;682.67
10199;SKU-20192;Item 20192 Áudio - Modelo 93;Áudio;64;686.14
10200;SKU-20193;Item 20193 Vídeo - Modelo 94;Vídeo;71;689.61
10201;SKU-20194;Item 20194 Computadores - Modelo 95;Computadores;78;693.08
10202;SKU-20195;Item 20195 Redes - Modelo 96;Redes;85;696.55
10203;SKU-20196;Item 20196 Impressão - Modelo 97;Impressão;92;700.02
10204;SKU-20197;Item 20197 Acessórios - Modelo 98;Acessórios;99;703.49
10205;SKU-20198;Item 20198 Armazenamento - Modelo 99;Armazenamento;106;706.96
10206;SKU-20199;Item 20199 Energia - Modelo 100;Energia;113;710.43
10207;SKU-20200;Item 20200 Periféricos - Modelo 1;Periféricos;0;713.90
10208;SKU-20201;Item 20201 Monitores - Modelo 2;Monitores;7;717.37
10209;SKU-20202;Item 20202 Áudio - Modelo 3;Áudio;14;720.84
10210;SKU-20203;Item 20203 Vídeo - Modelo 4;Vídeo;21;724.31
10211;SKU-20204;Item 20204 Computadores - Modelo 5;Computadores;28;727.78
10212;SKU-20205;Item 20205 Redes - Modelo 6;Redes;35;731.25
10213;SKU-20206;Item 20206 Impressão - Modelo 7;Impressão;42;734.72
10214;SKU-20207;Item 20207 Acessórios - Modelo 8;Acessórios;49;738.19
10215;SKU-20208;Item 20208 Armazenamento - Modelo 9;Armazenamento;56;741.66
10216;SKU-20209;Item 20209 Energia - Modelo 10;Energia;63;745.13
10217;SKU-20210;Item 20210 Periféricos - Modelo 11;Periféricos;70;748.60
10218;SKU-20211;Item 20211 Monitores - Modelo 12;Monitores;77;752.07
10219;SKU-20212;Item 20212 Áudio - Modelo 13;Áudio;84;755.54
10220;SKU-20213;Item 20213 Vídeo - Modelo 14;Vídeo;91;759.01
10221;SKU-20214;Item 20214 Computadores - Modelo 15;Computadores;98;762.48
10222;SKU-20215;Item 20215 Redes - Modelo 16;Redes;105;765.95
10223;SKU-20216;Item 20216 Impressão - Modelo 17;Impressão;112;769.42
10224;SKU-20217;Item 20217 Acessórios - Modelo 18;Acessórios;119;772.89
10225;SKU-20218;Item 20218 Armazenamento - Modelo 19;Armazenamento;6;776.36
10226;SKU-20219;Item 20219 Energia - Modelo 20;Energia;13;779.83
10227;SKU-20220;Item 20220 Periféricos - Modelo 21;Periféricos;20;783.30
10228;SKU-20221;Item 20221 Monitores - Modelo 22;Monitores;27;786.77
10229;SKU-20222;Item 20222 Áudio - Modelo 23;Áudio;34;790.24
10230;SKU-20223;Item 20223 Vídeo - Modelo 24;Vídeo;41;793.71
10231;SKU-20224;Item 20224 Computadores - Modelo 25;Computadores;48;797.18
10232;SKU-20225;Item 20225 Redes - Modelo 26;Redes;55;800.65
10233;SKU-20226;Item 20226 Impressão - Modelo 27;Impressão;62;804.12
10234;SKU-20227;Item 20227 Acessórios - Modelo 28;Acessórios;69;807.59
10235;SKU-20228;Item 20228 Armazenamento - Modelo 29;Armazenamento;76;811.06
10236;SKU-20229;Item 20229 Energia - Modelo 30;Energia;83;814.53
10237;SKU-20230;Item 20230 Periféricos - Modelo 31;Periféricos;90;818.00
10238;SKU-20231;Item 20231 Monitores - Modelo 32;Monitores;97;821.47
10239;SKU-20232;Item 20232 Áudio - Modelo 33;Áudio;104;824.94
10240;SKU-20233;Item 20233 Vídeo - Modelo 34;Vídeo;111;828.41
10241;SKU-20234;Item 20234 Computadores - Modelo 35;Computadores;118;831.88
10242;SKU-20235;Item 20235 Redes - Modelo 36;Redes;5;835.35
10243;SKU-20236;Item 20236 Impressão - Modelo 37;Impressão;12;838.82
10244;SKU-20237;Item 20237 Acessórios - Modelo 38;Acessórios;19;842.29
10245;SKU-20238;Item 20238 Armazenamento - Modelo 39;Armazenamento;26;845.76
10246;SKU-20239;Item 20239 Energia - Modelo 40;Energia;33;849.23
10247;SKU-20240;Item 20240 Periféricos - Modelo 41;Periféricos;40;852.70
10248;SKU-20241;Item 20241 Monitores - Modelo 42;Monitores;47;856.17
10249;SKU-20242;Item 20242 Áudio - Modelo 43;Áudio;54;859.64
10250;SKU-20243;Item 20243 Vídeo - Modelo 44;Vídeo;61;863.11
10251;SKU-20244;Item 20244 Computadores - Modelo 45;Computadores;68;866.58
10252;SKU-20245;Item 20245 Redes - Modelo 46;Redes;75;870.05
10253;SKU-20246;Item 20246 Impressão - Modelo 47;Impressão;82;873.52
10254;SKU-20247;Item 20247 Acessórios - Modelo 48;Acessórios;89;876.99
10255;SKU-20248;Item 20248 Armazenamento - Modelo 49;Armazenamento;96;880.46
10256;SKU-20249;Item 20249 Energia - Modelo 50;Energia;103;883.93
10257;SKU-20250;Item 20250 Periféricos - Modelo 51;Periféricos;110;887.40
10258;SKU-20251;Item 20251 Monitores - Modelo 52;Monitores;117;890.87
10259;SKU-20252;Item 20252 Áudio - Modelo 53;Áudio;4;894.34
10260;SKU-20253;Item 20253 Vídeo - Modelo 54;Vídeo;11;897.81
10261;SKU-20254;Item 20254 Computadores - Modelo 55;Computadores;18;901.28
10262;SKU-20255;Item 20255 Redes - Modelo 56;Redes;25;904.75
10263;SKU-20256;Item 20256 Impressão - Modelo 57;Impressão;32;908.22
10264;SKU-20257;Item 20257 Acessórios - Modelo 58;Acessórios;39;911.69
10265;SKU-20258;Item 20258 Armazenamento - Modelo 59;Armazenamento;46;915.16
10266;SKU-20259;Item 20259 Energia - Modelo 60;Energia;53;918.63
10267;SKU-20260;Item 20260 Periféricos - Modelo 61;Periféricos;60;922.10
10268;SKU-20261;Item 20261 Monitores - Modelo 62;Monitores;67;925.57
10269;SKU-20262;Item 20262 Áudio - Modelo 63;Áudio;74;929.04
10270;SKU-20263;Item 20263 Vídeo - Modelo 64;Vídeo;81;932.51
10271;SKU-20264;Item 20264 Computadores - Modelo 65;Computadores;88;935.98
10272;SKU-20265;Item 20265 Redes - Modelo 66;Redes;95;939.45
10273;SKU-20266;Item 20266 Impressão - Modelo 67;Impressão;102;942.92
10274;SKU-20267;Item 20267 Acessórios - Modelo 68;Acessórios;109;946.39
10275;SKU-20268;Item 20268 Armazenamento - Modelo 69;Armazenamento;116;949.86
10276;SKU-20269;Item 20269 Energia - Modelo 70;Energia;3;953.33
10277;SKU-20270;Item 20270 Periféricos - Modelo 71;Periféricos;10;956.80
10278;SKU-20271;Item 20271 Monitores - Modelo 72;Monitores;17;960.27
10279;SKU-20272;Item 20272 Áudio - Modelo 73;Áudio;24;963.74
10280;SKU-20273;Item 20273 Vídeo - Modelo 74;Vídeo;31;967.21
10281;SKU-20274;Item 20274 Computadores - Modelo 75;Computadores;38;970.68
10282;SKU-20275;Item 20275 Redes - Modelo 76;Redes;45;974.15
10283;SKU-20276;Item 20276 Impressão - Modelo 77;Impressão;52;977.62
10284;SKU-20277;Item 20277 Acessórios - Modelo 78;Acessórios;59;981.09
10285;SKU-20278;Item 20278 Armazenamento - Modelo 79;Armazenamento;66;984.56
10286;SKU-20279;Item 20279 Energia - Modelo 80;Energia;73;988.03
10287;SKU-20280;Item 20280 Periféricos - Modelo 81;Periféricos;80;991.50
10288;SKU-20281;Item 20281 Monitores - Modelo 82;Monitores;87;994.97
10289;SKU-20282;Item 20282 Áudio - Modelo 83;Áudio;94;998.44
10290;SKU-20283;Item 20283 Vídeo - Modelo 84;Vídeo;101;1001.91
10291;SKU-20284;Item 20284 Computadores - Modelo 85;Computadores;108;1005.38
10292;SKU-20285;Item 20285 Redes - Modelo 86;Redes;115;1008.85
10293;SKU-20286;Item 20286 Impressão - Modelo 87;Impressão;2;1012.32
10294;SKU-20287;Item 20287 Acessórios - Modelo 88;Acessórios;9;1015.79
10295;SKU-20288;Item 20288 Armazenamento - Modelo 89;Armazenamento;16;1019.26
10296;SKU-20289;Item 20289 Energia - Modelo 90;Energia;23;1022.73
10297;SKU-20290;Item 20290 Periféricos - Modelo 91;Periféricos;30;1026.20
10298;SKU-20291;Item 20291 Monitores - Modelo 92;Monitores;37;1029.67
10299;SKU-20292;Item 20292 Áudio - Modelo 93;Áudio;44;1033.14
10300;SKU-20293;Item 20293 Vídeo - Modelo 94;Vídeo;51;1036.61
10301;SKU-20294;Item 20294 Computadores - Modelo 95;Computadores;58;1040.08
10302;SKU-20295;Item 20295 Redes - Modelo 96;Redes;65;1043.55
10303;SKU-20296;Item 20296 Impressão - Modelo 97;Impressão;72;1047.02
10304;SKU-20297;Item 20297 Acessórios - Modelo 98;Acessórios;79;1050.49
10305;SKU-20298;Item 20298 Armazenamento - Modelo 99;Armazenamento;86;1053.96
10306;SKU-20299;Item 20299 Energia - Modelo 100;Energia;93;1057.43
10307;SKU-20300;Item 20300 Periféricos - Modelo 1;Periféricos;100;1060.90
10308;SKU-20301;Item 20301 Monitores - Modelo 2;Monitores;107;1064.37
10309;SKU-20302;Item 20302 Áudio - Modelo 3;Áudio;114;1067.84
10310;SKU-20303;Item 20303 Vídeo - Modelo 4;Vídeo;1;1071.31
10311;SKU-20304;Item 20304 Computadores - Modelo 5;Computadores;8;1074.78
10312;SKU-20305;Item 20305 Redes - Modelo 6;Redes;15;1078.25
10313;SKU-20306;Item 20306 Impressão - Modelo 7;Impressão;22;1081.72
10314;SKU-20307;Item 20307 Acessórios - Modelo 8;Acessórios;29;1085.19
10315;SKU-20308;Item 20308 Armazenamento - Modelo 9;Armazenamento;36;1088.66
10316;SKU-20309;Item 20309 Energia - Modelo 10;Energia;43;1092.13
10317;SKU-20310;Item 20310 Periféricos - Modelo 11;Periféricos;50;1095.60
10318;SKU-20311;Item 20311 Monitores - Modelo 12;Monitores;57;1099.07
10319;SKU-20312;Item 20312 Áudio - Modelo 13;Áudio;64;1102.54
10320;SKU-20313;Item 20313 Vídeo - Modelo 14;Vídeo;71;1106.01
10321;SKU-20314;Item 20314 Computadores - Modelo 15;Computadores;78;1109.48
10322;SKU-20315;Item 20315 Redes - Modelo 16;Redes;85;1112.95
10323;SKU-20316;Item 20316 Impressão - Modelo 17;Impressão;92;1116.42
10324;SKU-20317;Item 20317 Acessórios - Modelo 18;Acessórios;99;1119.89
10325;SKU-20318;Item 20318 Armazenamento - Modelo 19;Armazenamento;106;1123.36
10326;SKU-20319;Item 20319 Energia - Modelo 20;Energia;113;1126.83
10327;SKU-20320;Item 20320 Periféricos - Modelo 21;Periféricos;0;1130.30
10328;SKU-20321;Item 20321 Monitores - Modelo 22;Monitores;7;1133.77
10329;SKU-20322;Item 20322 Áudio - Modelo 23;Áudio;14;1137.24
10330;SKU-20323;Item 20323 Vídeo - Modelo 24;Vídeo;21;1140.71
10331;SKU-20324;Item 20324 Computadores - Modelo 25;Computadores;28;1144.18
10332;SKU-20325;Item 20325 Redes - Modelo 26;Redes;35;1147.65
10333;SKU-20326;Item 20326 Impressão - Modelo 27;Impressão;42;1151.12
10334;SKU-20327;Item 20327 Acessórios - Modelo 28;Acessórios;49;1154.59
10335;SKU-20328;Item 20328 Armazenamento - Modelo 29;Armazenamento;56;1158.06
10336;SKU-20329;Item 20329 Energia - Modelo 30;Energia;63;1161.53
10337;SKU-20330;Item 20330 Periféricos - Modelo 31;Periféricos;70;1165.00
10338;SKU-20331;Item 20331 Monitores - Modelo 32;Monitores;77;1168.47
10339;SKU-20332;Item 20332 Áudio - Modelo 33;Áudio;84;1171.94
10340;SKU-20333;Item 20333 Vídeo - Modelo 34;Vídeo;91;1175.41
10341;SKU-20334;Item 20334 Computadores - Modelo 35;Computadores;98;1178.88
10342;SKU-20335;Item 20335 Redes - Modelo 36;Redes;105;1182.35
10343;SKU-20336;Item 20336 Impressão - Modelo 37;Impressão;112;1185.82
10344;SKU-20337;Item 20337 Acessórios - Modelo 38;Acessórios;119;1189.29
10345;SKU-20338;Item 20338 Armazenamento - Modelo 39;Armazenamento;6;1192.76
10346;SKU-20339;Item 20339 Energia - Modelo 40;Energia;13;1196.23
10347;SKU-20340;Item 20340 Periféricos - Modelo 41;Periféricos;20;1199.70
10348;SKU-20341;Item 20341 Monitores - Modelo 42;Monitores;27;1203.17
10349;SKU-20342;Item 20342 Áudio - Modelo 43;Áudio;34;1206.64
10350;SKU-20343;Item 20343 Vídeo - Modelo 44;Vídeo;41;1210.11
10351;SKU-20344;Item 20344 Computadores - Modelo 45;Computadores;48;1213.58
10352;SKU-20345;Item 20345 Redes - Modelo 46;Redes;55;1217.05
10353;SKU-20346;Item 20346 Impressão - Modelo 47;Impressão;62;1220.52
10354;SKU-20347;Item 20347 Acessórios - Modelo 48;Acessórios;69;1223.99
10355;SKU-20348;Item 20348 Armazenamento - Modelo 49;Armazenamento;76;1227.46
10356;SKU-20349;Item 20349 Energia - Modelo 50;Energia;83;1230.93
10357;SKU-20350;Item 20350 Periféricos - Modelo 51;Periféricos;90;1234.40
10358;SKU-20351;Item 20351 Monitores - Modelo 52;Monitores;97;1237.87
10359;SKU-20352;Item 20352 Áudio - Modelo 53;Áudio;104;1241.34
10360;SKU-20353;Item 20353 Vídeo - Modelo 54;Vídeo;111;1244.81
10361;SKU-20354;Item 20354 Computadores - Modelo 55;Computadores;118;1248.28
10362;SKU-20355;Item 20355 Redes - Modelo 56;Redes;5;1251.75
10363;SKU-20356;Item 20356 Impressão - Modelo 57;Impressão;12;1255.22
10364;SKU-20357;Item 20357 Acessórios - Modelo 58;Acessórios;19;1258.69
10365;SKU-20358;Item 20358 Armazenamento - Modelo 59;Armazenamento;26;1262.16
10366;SKU-20359;Item 20359 Energia - Modelo 60;Energia;33;1265.63
10367;SKU-20360;Item 20360 Periféricos - Modelo 61;Periféricos;40;1269.10
10368;SKU-20361;Item 20361 Monitores - Modelo 62;Monitores;47;1272.57
10369;SKU-20362;Item 20362 Áudio - Modelo 63;Áudio;54;1276.04
10370;SKU-20363;Item 20363 Vídeo - Modelo 64;Vídeo;61;1279.51
10371;SKU-20364;Item 20364 Computadores - Modelo 65;Computadores;68;1282.98
10372;SKU-20365;Item 20365 Redes - Modelo 66;Redes;75;1286.45
10373;SKU-20366;Item 20366 Impressão - Modelo 67;Impressão;82;1289.92
10374;SKU-20367;Item 20367 Acessórios - Modelo 68;Acessórios;89;1293.39
10375;SKU-20368;Item 20368 Armazenamento - Modelo 69;Armazenamento;96;1296.86
10376;SKU-20369;Item 20369 Energia - Modelo 70;Energia;103;1300.33
10377;SKU-20370;Item 20370 Periféricos - Modelo 71;Periféricos;110;1303.80
10378;SKU-20371;Item 20371 Monitores - Modelo 72;Monitores;117;1307.27
10379;SKU-20372;Item 20372 Áudio - Modelo 73;Áudio;4;1310.74
10380;SKU-20373;Item 20373 Vídeo - Modelo 74;Vídeo;11;1314.21
10381;SKU-20374;Item 20374 Computadores - Modelo 75;Computadores;18;1317.68
10382;SKU-20375;Item 20375 Redes - Modelo 76;Redes;25;1321.15
10383;SKU-20376;Item 20376 Impressão - Modelo 77;Impressão;32;1324.62
10384;SKU-20377;Item 20377 Acessórios - Modelo 78;Acessórios;39;1328.09
10385;SKU-20378;Item 20378 Armazenamento - Modelo 79;Armazenamento;46;1331.56
10386;SKU-20379;Item 20379 Energia - Modelo 80;Energia;53;1335.03
10387;SKU-20380;Item 20380 Periféricos - Modelo 81;Periféricos;60;1338.50
10388;SKU-20381;Item 20381 Monitores - Modelo 82;Monitores;67;1341.97
10389;SKU-20382;Item 20382 Áudio - Modelo 83;Áudio;74;1345.44
10390;SKU-20383;Item 20383 Vídeo - Modelo 84;Vídeo;81;1348.91
10391;SKU-20384;Item 20384 Computadores - Modelo 85;Computadores;88;1352.38
10392;SKU-20385;Item 20385 Redes - Modelo 86;Redes;95;1355.85
10393;SKU-20386;Item 20386 Impressão - Modelo 87;Impressão;102;1359.32
10394;SKU-20387;Item 20387 Acessórios - Modelo 88;Acessórios;109;1362.79
10395;SKU-20388;Item 20388 Armazenamento - Modelo 89;Armazenamento;116;1366.26
10396;SKU-20389;Item 20389 Energia - Modelo 90;Energia;3;1369.73
10397;SKU-20390;Item 20390 Periféricos - Modelo 91;Periféricos;10;1373.20
10398;SKU-20391;Item 20391 Monitores - Modelo 92;Monitores;17;1376.67
10399;SKU-20392;Item 20392 Áudio - Modelo 93;Áudio;24;1380.14
10400;SKU-20393;Item 20393 Vídeo - Modelo 94;Vídeo;31;1383.61
10401;SKU-20394;Item 20394 Computadores - Modelo 95;Computadores;38;1387.08
10402;SKU-20395;Item 20395 Redes - Modelo 96;Redes;45;1390.55
10403;SKU-20396;Item 20396 Impressão - Modelo 97;Impressão;52;1394.02
10404;SKU-20397;Item 20397 Acessórios - Modelo 98;Acessórios;59;1397.49
10405;SKU-20398;Item 20398 Armazenamento - Modelo 99;Armazenamento;66;1400.96
10406;SKU-20399;Item 20399 Energia - Modelo 100;Energia;73;1404.43
10407;SKU-20400;Item 20400 Periféricos - Modelo 1;Periféricos;80;1407.90
10408;SKU-20401;Item 20401 Monitores - Modelo 2;Monitores;87;1411.37
10409;SKU-20402;Item 20402 Áudio - Modelo 3;Áudio;94;1414.84
10410;SKU-20403;Item 20403 Vídeo - Modelo 4;Vídeo;101;1418.31
10411;SKU-20404;Item 20404 Computadores - Modelo 5;Computadores;108;1421.78
10412;SKU-20405;Item 20405 Redes - Modelo 6;Redes;115;1425.25
10413;SKU-20406;Item 20406 Impressão - Modelo 7;Impressão;2;1428.72
10414;SKU-20407;Item 20407 Acessórios - Modelo 8;Acessórios;9;1432.19
10415;SKU-20408;Item 20408 Armazenamento - Modelo 9;Armazenamento;16;1435.66
10416;SKU-20409;Item 20409 Energia - Modelo 10;Energia;23;1439.13
10417;SKU-20410;Item 20410 Periféricos - Modelo 11;Periféricos;30;1442.60
10418;SKU-20411;Item 20411 Monitores - Modelo 12;Monitores;37;1446.07
10419;SKU-20412;Item 20412 Áudio - Modelo 13;Áudio;44;1449.54
10420;SKU-20413;Item 20413 Vídeo - Modelo 14;Vídeo;51;1453.01
10421;SKU-20414;Item 20414 Computadores - Modelo 15;Computadores;58;1456.48
10422;SKU-20415;Item 20415 Redes - Modelo 16;Redes;65;1459.95
10423;SKU-20416;Item 20416 Impressão - Modelo 17;Impressão;72;1463.42
10424;SKU-20417;Item 20417 Acessórios - Modelo 18;Acessórios;79;1466.89
10425;SKU-20418;Item 20418 Armazenamento - Modelo 19;Armazenamento;86;1470.36
10426;SKU-20419;Item 20419 Energia - Modelo 20;Energia;93;1473.83
10427;SKU-20420;Item 20420 Periféricos - Modelo 21;Periféricos;100;1477.30
10428;SKU-20421;Item 20421 Monitores - Modelo 22;Monitores;107;1480.77
10429;SKU-20422;Item 20422 Áudio - Modelo 23;Áudio;114;1484.24
10430;SKU-20423;Item 20423 Vídeo - Modelo 24;Vídeo;1;1487.71
10431;SKU-20424;Item 20424 Computadores - Modelo 25;Computadores;8;1491.18
10432;SKU-20425;Item 20425 Redes - Modelo 26;Redes;15;1494.65
10433;SKU-20426;Item 20426 Impressão - Modelo 27;Impressão;22;1498.12
10434;SKU-20427;Item 20427 Acessórios - Modelo 28;Acessórios;29;1501.59
10435;SKU-20428;Item 20428 Armazenamento - Modelo 29;Armazenamento;36;1505.06
10436;SKU-20429;Item 20429 Energia - Modelo 30;Energia;43;1508.53
10437;SKU-20430;Item 20430 Periféricos - Modelo 31;Periféricos;50;1512.00
10438;SKU-20431;Item 20431 Monitores - Modelo 32;Monitores;57;1515.47
10439;SKU-20432;Item 20432 Áudio - Modelo 33;Áudio;64;1518.94
10440;SKU-20433;Item 20433 Vídeo - Modelo 34;Vídeo;71;1522.41
10441;SKU-20434;Item 20434 Computadores - Modelo 35;Computadores;78;1525.88
10442;SKU-20435;Item 20435 Redes - Modelo 36;Redes;85;1529.35
10443;SKU-20436;Item 20436 Impressão - Modelo 37;Impressão;92;1532.82
10444;SKU-20437;Item 20437 Acessórios - Modelo 38;Acessórios;99;1536.29
10445;SKU-20438;Item 20438 Armazenamento - Modelo 39;Armazenamento;106;1539.76
10446;SKU-20439;Item 20439 Energia - Modelo 40;Energia;113;1543.23
10447;SKU-20440;Item 20440 Periféricos - Modelo 41;Periféricos;0;1546.70
10448;SKU-20441;Item 20441 Monitores - Modelo 42;Monitores;7;1550.17
10449;SKU-20442;Item 20442 Áudio - Modelo 43;Áudio;14;1553.64
10450;SKU-20443;Item 20443 Vídeo - Modelo 44;Vídeo;21;1557.11
10451;SKU-20444;Item 20444 Computadores - Modelo 45;Computadores;28;1560.58
10452;SKU-20445;Item 20445 Redes - Modelo 46;Redes;35;1564.05
10453;SKU-20446;Item 20446 Impressão - Modelo 47;Impressão;42;1567.52
10454;SKU-20447;Item 20447 Acessórios - Modelo 48;Acessórios;49;1570.99
10455;SKU-20448;Item 20448 Armazenamento - Modelo 49;Armazenamento;56;1574.46
10456;SKU-20449;Item 20449 Energia - Modelo 50;Energia;63;1577.93
10457;SKU-20450;Item 20450 Periféricos - Modelo 51;Periféricos;70;1581.40
10458;SKU-20451;Item 20451 Monitores - Modelo 52;Monitores;77;1584.87
10459;SKU-20452;Item 20452 Áudio - Modelo 53;Áudio;84;1588.34
10460;SKU-20453;Item 20453 Vídeo - Modelo 54;Vídeo;91;1591.81
10461;SKU-20454;Item 20454 Computadores - Modelo 55;Computadores;98;1595.28
10462;SKU-20455;Item 20455 Redes - Modelo 56;Redes;105;1598.75
10463;SKU-20456;Item 20456 Impressão - Modelo 57;Impressão;112;1602.22
10464;SKU-20457;Item 20457 Acessórios - Modelo 58;Acessórios;119;1605.69
10465;SKU-20458;Item 20458 Armazenamento - Modelo 59;Armazenamento;6;1609.16
10466;SKU-20459;Item 20459 Energia - Modelo 60;Energia;13;1612.63
10467;SKU-20460;Item 20460 Periféricos - Modelo 61;Periféricos;20;1616.10
10468;SKU-20461;Item 20461 Monitores - Modelo 62;Monitores;27;1619.57
10469;SKU-20462;Item 20462 Áudio - Modelo 63;Áudio;34;1623.04
10470;SKU-20463;Item 20463 Vídeo - Modelo 64;Vídeo;41;1626.51
10471;SKU-20464;Item 20464 Computadores - Modelo 65;Computadores;48;1629.98
10472;SKU-20465;Item 20465 Redes - Modelo 66;Redes;55;1633.45
10473;SKU-20466;Item 20466 Impressão - Modelo 67;Impressão;62;1636.92
10474;SKU-20467;Item 20467 Acessórios - Modelo 68;Acessórios;69;1640.39
10475;SKU-20468;Item 20468 Armazenamento - Modelo 69;Armazenamento;76;1643.86
10476;SKU-20469;Item 20469 Energia - Modelo 70;Energia;83;1647.33
10477;SKU-20470;Item 20470 Periféricos - Modelo 71;Periféricos;90;1650.80
10478;SKU-20471;Item 20471 Monitores - Modelo 72;Monitores;97;1654.27
10479;SKU-20472;Item 20472 Áudio - Modelo 73;Áudio;104;1657.74
10480;SKU-20473;Item 20473 Vídeo - Modelo 74;Vídeo;111;1661.21
10481;SKU-20474;Item 20474 Computadores - Modelo 75;Computadores;118;1664.68
10482;SKU-20475;Item 20475 Redes - Modelo 76;Redes;5;1668.15
10483;SKU-20476;Item 20476 Impressão - Modelo 77;Impressão;12;1671.62
10484;SKU-20477;Item 20477 Acessórios - Modelo 78;Acessórios;19;1675.09
10485;SKU-20478;Item 20478 Armazenamento - Modelo 79;Armazenamento;26;1678.56
10486;SKU-20479;Item 20479 Energia - Modelo 80;Energia;33;1682.03
10487;SKU-20480;Item 20480 Periféricos - Modelo 81;Periféricos;40;1685.50
10488;SKU-20481;Item 20481 Monitores - Modelo 82;Monitores;47;1688.97
10489;SKU-20482;Item 20482 Áudio - Modelo 83;Áudio;54;1692.44
10490;SKU-20483;Item 20483 Vídeo - Modelo 84;Vídeo;61;1695.91
10491;SKU-20484;Item 20484 Computadores - Modelo 85;Computadores;68;1699.38
10492;SKU-20485;Item 20485 Redes - Modelo 86;Redes;75;1702.85
10493;SKU-20486;Item 20486 Impressão - Modelo 87;Impressão;82;1706.32
10494;SKU-20487;Item 20487 Acessórios - Modelo 88;Acessórios;89;1709.79
10495;SKU-20488;Item 20488 Armazenamento - Modelo 89;Armazenamento;96;1713.26
10496;SKU-20489;Item 20489 Energia - Modelo 90;Energia;103;1716.73
10497;SKU-20490;Item 20490 Periféricos - Modelo 91;Periféricos;110;1720.20
10498;SKU-20491;Item 20491 Monitores - Modelo 92;Monitores;117;1723.67
10499;SKU-20492;Item 20492 Áudio - Modelo 93;Áudio;4;1727.14
10500;SKU-20493;Item 20493 Vídeo - Modelo 94;Vídeo;11;1730.61
10501;SKU-20494;Item 20494 Computadores - Modelo 95;Computadores;18;1734.08
10502;SKU-20495;Item 20495 Redes - Modelo 96;Redes;25;1737.55
10503;SKU-20496;Item 20496 Impressão - Modelo 97;Impressão;32;1741.02
10504;SKU-20497;Item 20497 Acessórios - Modelo 98;Acessórios;39;1744.49
10505;SKU-20498;Item 20498 Armazenamento - Modelo 99;Armazenamento;46;1747.96
10506;SKU-20499;Item 20499 Energia - Modelo 100;Energia;53;1751.43
10507;SKU-20500;Item 20500 Periféricos - Modelo 1;Periféricos;60;19.90
10508;SKU-20501;Item 20501 Monitores - Modelo 2;Monitores;67;23.37
10509;SKU-20502;Item 20502 Áudio - Modelo 3;Áudio;74;26.84
10510;SKU-20503;Item 20503 Vídeo - Modelo 4;Vídeo;81;30.31
10511;SKU-20504;Item 20504 Computadores - Modelo 5;Computadores;88;33.78
10512;SKU-20505;Item 20505 Redes - Modelo 6;Redes;95;37.25
10513;SKU-20506;Item 20506 Impressão - Modelo 7;Impressão;102;40.72
10514;SKU-20507;Item 20507 Acessórios - Modelo 8;Acessórios;109;44.19
10515;SKU-20508;Item 20508 Armazenamento - Modelo 9;Armazenamento;116;47.66
10516;SKU-20509;Item 20509 Energia - Modelo 10;Energia;3;51.13
10517;SKU-20510;Item 20510 Periféricos - Modelo 11;Periféricos;10;54.60
10518;SKU-20511;Item 20511 Monitores - Modelo 12;Monitores;17;58.07
10519;SKU-20512;Item 20512 Áudio - Modelo 13;Áudio;24;61.54
10520;SKU-20513;Item 20513 Vídeo - Modelo 14;Vídeo;31;65.01
10521;SKU-20514;Item 20514 Computadores - Modelo 15;Computadores;38;68.48
10522;SKU-20515;Item 20515 Redes - Modelo 16;Redes;45;71.95
10523;SKU-20516;Item 20516 Impressão - Modelo 17;Impressão;52;75.42
10524;SKU-20517;Item 20517 Acessórios - Modelo 18;Acessórios;59;78.89
10525;SKU-20518;Item 20518 Armazenamento - Modelo 19;Armazenamento;66;82.36
10526;SKU-20519;Item 20519 Energia - Modelo 20;Energia;73;85.83
10527;SKU-20520;Item 20520 Periféricos - Modelo 21;Periféricos;80;89.30
10528;SKU-20521;Item 20521 Monitores - Modelo 22;Monitores;87;92.77
10529;SKU-20522;Item 20522 Áudio - Modelo 23;Áudio;94;96.24
10530;SKU-20523;Item 20523 Vídeo - Modelo 24;Vídeo;101;99.71
10531;SKU-20524;Item 20524 Computadores - Modelo 25;Computadores;108;103.18
10532;SKU-20525;Item 20525 Redes - Modelo 26;Redes;115;106.65
10533;SKU-20526;Item 20526 Impressão - Modelo 27;Impressão;2;110.12
10534;SKU-20527;Item 20527 Acessórios - Modelo 28;Acessórios;9;113.59
10535;SKU-20528;Item 20528 Armazenamento - Modelo 29;Armazenamento;16;117.06
10536;SKU-20529;Item 20529 Energia - Modelo 30;Energia;23;120.53
10537;SKU-20530;Item 20530 Periféricos - Modelo 31;Periféricos;30;124.00
10538;SKU-20531;Item 20531 Monitores - Modelo 32;Monitores;37;127.47
10539;SKU-20532;Item 20532 Áudio - Modelo 33;Áudio;44;130.94
10540;SKU-20533;Item 20533 Vídeo - Modelo 34;Vídeo;51;134.41
10541;SKU-20534;Item 20534 Computadores - Modelo 35;Computadores;58;137.88
10542;SKU-20535;Item 20535 Redes - Modelo 36;Redes;65;141.35
10543;SKU-20536;Item 20536 Impressão - Modelo 37;Impressão;72;144.82
10544;SKU-20537;Item 20537 Acessórios - Modelo 38;Acessórios;79;148.29
10545;SKU-20538;Item 20538 Armazenamento - Modelo 39;Armazenamento;86;151.76
10546;SKU-20539;Item 20539 Energia - Modelo 40;Energia;93;155.23
10547;SKU-20540;Item 20540 Periféricos - Modelo 41;Periféricos;100;158.70
10548;SKU-20541;Item 20541 Monitores - Modelo 42;Monitores;107;162.17
10549;SKU-20542;Item 20542 Áudio - Modelo 43;Áudio;114;165.64
10550;SKU-20543;Item 20543 Vídeo - Modelo 44;Vídeo;1;169.11
10551;SKU-20544;Item 20544 Computadores - Modelo 45;Computadores;8;172.58
10552;SKU-20545;Item 20545 Redes - Modelo 46;Redes;15;176.05
10553;SKU-20546;Item 20546 Impressão - Modelo 47;Impressão;22;179.52
10554;SKU-20547;Item 20547 Acessórios - Modelo 48;Acessórios;29;182.99
10555;SKU-20548;Item 20548 Armazenamento - Modelo 49;Armazenamento;36;186.46
10556;SKU-20549;Item 20549 Energia - Modelo 50;Energia;43;189.93
10557;SKU-20550;Item 20550 Periféricos - Modelo 51;Periféricos;50;193.40
10558;SKU-20551;Item 20551 Monitores - Modelo 52;Monitores;57;196.87
10559;SKU-20552;Item 20552 Áudio - Modelo 53;Áudio;64;200.34
10560;SKU-20553;Item 20553 Vídeo - Modelo 54;Vídeo;71;203.81
10561;SKU-20554;Item 20554 Computadores - Modelo 55;Computadores;78;207.28
10562;SKU-20555;Item 20555 Redes - Modelo 56;Redes;85;210.75
10563;SKU-20556;Item 20556 Impressão - Modelo 57;Impressão;92;214.22
10564;SKU-20557;Item 20557 Acessórios - Modelo 58;Acessórios;99;217.69
10565;SKU-20558;Item 20558 Armazenamento - Modelo 59;Armazenamento;106;221.16
10566;SKU-20559;Item 20559 Energia - Modelo 60;Energia;113;224.63
10567;SKU-20560;Item 20560 Periféricos - Modelo 61;Periféricos;0;228.10
10568;SKU-20561;Item 20561 Monitores - Modelo 62;Monitores;7;231.57
10569;SKU-20562;Item 20562 Áudio - Modelo 63;Áudio;14;235.04
10570;SKU-20563;Item 20563 Vídeo - Modelo 64;Vídeo;21;238.51
10571;SKU-20564;Item 20564 Computadores - Modelo 65;Computadores;28;241.98
10572;SKU-20565;Item 20565 Redes - Modelo 66;Redes;35;245.45
10573;SKU-20566;Item 20566 Impressão - Modelo 67;Impressão;42;248.92
10574;SKU-20567;Item 20567 Acessórios - Modelo 68;Acessórios;49;252.39
10575;SKU-20568;Item 20568 Armazenamento - Modelo 69;Armazenamento;56;255.86
10576;SKU-20569;Item 20569 Energia - Modelo 70;Energia;63;259.33
10577;SKU-20570;Item 20570 Periféricos - Modelo 71;Periféricos;70;262.80
10578;SKU-20571;Item 20571 Monitores - Modelo 72;Monitores;77;266.27
10579;SKU-20572;Item 20572 Áudio - Modelo 73;Áudio;84;269.74
10580;SKU-20573;Item 20573 Vídeo - Modelo 74;Vídeo;91;273.21
10581;SKU-20574;Item 20574 Computadores - Modelo 75;Computadores;98;276.68
10582;SKU-20575;Item 20575 Redes - Modelo 76;Redes;105;280.15
10583;SKU-20576;Item 20576 Impressão - Modelo 77;Impressão;112;283.62
10584;SKU-20577;Item 20577 Acessórios - Modelo 78;Acessórios;119;287.09
10585;SKU-20578;Item 20578 Armazenamento - Modelo 79;Armazenamento;6;290.56
10586;SKU-20579;Item 20579 Energia - Modelo 80;Energia;13;294.03
10587;SKU-20580;Item 20580 Periféricos - Modelo 81;Periféricos;20;297.50
10588;SKU-20581;Item 20581 Monitores - Modelo 82;Monitores;27;300.97
10589;SKU-20582;Item 20582 Áudio - Modelo 83;Áudio;34;304.44
10590;SKU-20583;Item 20583 Vídeo - Modelo 84;Vídeo;41;307.91
10591;SKU-20584;Item 20584 Computadores - Modelo 85;Computadores;48;311.38
10592;SKU-20585;Item 20585 Redes - Modelo 86;Redes;55;314.85
10593;SKU-20586;Item 20586 Impressão - Modelo 87;Impressão;62;318.32
10594;SKU-20587;Item 20587 Acessórios - Modelo 88;Acessórios;69;321.79
10595;SKU-20588;Item 20588 Armazenamento - Modelo 89;Armazenamento;76;325.26
10596;SKU-20589;Item 20589 Energia - Modelo 90;Energia;83;328.73
10597;SKU-20590;Item 20590 Periféricos - Modelo 91;Periféricos;90;332.20
10598;SKU-20591;Item 20591 Monitores - Modelo 92;Monitores;97;335.67
10599;SKU-20592;Item 20592 Áudio - Modelo 93;Áudio;104;339.14
10600;SKU-20593;Item 20593 Vídeo - Modelo 94;Vídeo;111;342.61
10601;SKU-20594;Item 20594 Computadores - Modelo 95;Computadores;118;346.08
10602;SKU-20595;Item 20595 Redes - Modelo 96;Redes;5;349.55
10603;SKU-20596;Item 20596 Impressão - Modelo 97;Impressão;12;353.02
10604;SKU-20597;Item 20597 Acessórios - Modelo 98;Acessórios;19;356.49
10605;SKU-20598;Item 20598 Armazenamento - Modelo 99;Armazenamento;26;359.96
10606;SKU-20599;Item 20599 Energia - Modelo 100;Energia;33;363.43
10607;SKU-20600;Item 20600 Periféricos - Modelo 1;Periféricos;40;366.90
10608;SKU-20601;Item 20601 Monitores - Modelo 2;Monitores;47;370.37
10609;SKU-20602;Item 20602 Áudio - Modelo 3;Áudio;54;373.84
10610;SKU-20603;Item 20603 Vídeo - Modelo 4;Vídeo;61;377.31
10611;SKU-20604;Item 20604 Computadores - Modelo 5;Computadores;68;380.78
10612;SKU-20605;Item 20605 Redes - Modelo 6;Redes;75;384.25
10613;SKU-20606;Item 20606 Impressão - Modelo 7;Impressão;82;387.72
10614;SKU-20607;Item 20607 Acessórios - Modelo 8;Acessórios;89;391.19
10615;SKU-20608;Item 20608 Armazenamento - Modelo 9;Armazenamento;96;394.66
10616;SKU-20609;Item 20609 Energia - Modelo 10;Energia;103;398.13
10617;SKU-20610;Item 20610 Periféricos - Modelo 11;Periféricos;110;401.60
10618;SKU-20611;Item 20611 Monitores - Modelo 12;Monitores;117;405.07
10619;SKU-20612;Item 20612 Áudio - Modelo 13;Áudio;4;408.54
10620;SKU-20613;Item 20613 Vídeo - Modelo 14;Vídeo;11;412.01
10621;SKU-20614;Item 20614 Computadores - Modelo 15;Computadores;18;415.48
10622;SKU-20615;Item 20615 Redes - Modelo 16;Redes;25;418.95
10623;SKU-20616;Item 20616 Impressão - Modelo 17;Impressão;32;422.42
10624;SKU-20617;Item 20617 Acessórios - Modelo 18;Acessórios;39;425.89
10625;SKU-20618;Item 20618 Armazenamento - Modelo 19;Armazenamento;46;429.36
10626;SKU-20619;Item 20619 Energia - Modelo 20;Energia;53;432.83
10627;SKU-20620;Item 20620 Periféricos - Modelo 21;Periféricos;60;436.30
10628;SKU-20621;Item 20621 Monitores - Modelo 22;Monitores;67;439.77
10629;SKU-20622;Item 20622 Áudio - Modelo 23;Áudio;74;443.24
10630;SKU-20623;Item 20623 Vídeo - Modelo 24;Vídeo;81;446.71
10631;SKU-20624;Item 20624 Computadores - Modelo 25;Computadores;88;450.18
10632;SKU-20625;Item 20625 Redes - Modelo 26;Redes;95;453.65
10633;SKU-20626;Item 20626 Impressão - Modelo 27;Impressão;102;457.12
10634;SKU-20627;Item 20627 Acessórios - Modelo 28;Acessórios;109;460.59
10635;SKU-20628;Item 20628 Armazenamento - Modelo 29;Armazenamento;116;464.06
10636;SKU-20629;Item 20629 Energia - Modelo 30;Energia;3;467.53
10637;SKU-20630;Item 20630 Periféricos - Modelo 31;Periféricos;10;471.00
10638;SKU-20631;Item 20631 Monitores - Modelo 32;Monitores;17;474.47
10639;SKU-20632;Item 20632 Áudio - Modelo 33;Áudio;24;477.94
10640;SKU-20633;Item 20633 Vídeo - Modelo 34;Vídeo;31;481.41
10641;SKU-20634;Item 20634 Computadores - Modelo 35;Computadores;38;484.88
10642;SKU-20635;Item 20635 Redes - Modelo 36;Redes;45;488.35
10643;SKU-20636;Item 20636 Impressão - Modelo 37;Impressão;52;491.82
10644;SKU-20637;Item 20637 Acessórios - Modelo 38;Acessórios;59;495.29
10645;SKU-20638;Item 20638 Armazenamento - Modelo 39;Armazenamento;66;498.76
10646;SKU-20639;Item 20639 Energia - Modelo 40;Energia;73;502.23
10647;SKU-20640;Item 20640 Periféricos - Modelo 41;Periféricos;80;505.70
10648;SKU-20641;Item 20641 Monitores - Modelo 42;Monitores;87;509.17
10649;SKU-20642;Item 20642 Áudio - Modelo 43;Áudio;94;512.64
10650;SKU-20643;Item 20643 Vídeo - Modelo 44;Vídeo;101;516.11
10651;SKU-20644;Item 20644 Computadores - Modelo 45;Computadores;108;519.58
10652;SKU-20645;Item 20645 Redes - Modelo 46;Redes;115;523.05
10653;SKU-20646;Item 20646 Impressão - Modelo 47;Impressão;2;526.52
10654;SKU-20647;Item 20647 Acessórios - Modelo 48;Acessórios;9;529.99
10655;SKU-20648;Item 20648 Armazenamento - Modelo 49;Armazenamento;16;533.46
10656;SKU-20649;Item 20649 Energia - Modelo 50;Energia;23;536.93
10657;SKU-20650;Item 20650 Periféricos - Modelo 51;Periféricos;30;540.40
10658;SKU-20651;Item 20651 Monitores - Modelo 52;Monitores;37;543.87
10659;SKU-20652;Item 20652 Áudio - Modelo 53;Áudio;44;547.34
10660;SKU-20653;Item 20653 Vídeo - Modelo 54;Vídeo;51;550.81
10661;SKU-20654;Item 20654 Computadores - Modelo 55;Computadores;58;554.28
10662;SKU-20655;Item 20655 Redes - Modelo 56;Redes;65;557.75
10663;SKU-20656;Item 20656 Impressão - Modelo 57;Impressão;72;561.22
10664;SKU-20657;Item 20657 Acessórios - Modelo 58;Acessórios;79;564.69
10665;SKU-20658;Item 20658 Armazenamento - Modelo 59;Armazenamento;86;568.16
10666;SKU-20659;Item 20659 Energia - Modelo 60;Energia;93;571.63
10667;SKU-20660;Item 20660 Periféricos - Modelo 61;Periféricos;100;575.10
10668;SKU-20661;Item 20661 Monitores - Modelo 62;Monitores;107;578.57
10669;SKU-20662;Item 20662 Áudio - Modelo 63;Áudio;114;582.04
10670;SKU-20663;Item 20663 Vídeo - Modelo 64;Vídeo;1;585.51
10671;SKU-20664;Item 20664 Computadores - Modelo 65;Computadores;8;588.98
10672;SKU-20665;Item 20665 Redes - Modelo 66;Redes;15;592.45
10673;SKU-20666;Item 20666 Impressão - Modelo 67;Impressão;22;595.92
10674;SKU-20667;Item 20667 Acessórios - Modelo 68;Acessórios;29;599.39
10675;SKU-20668;Item 20668 Armazenamento - Modelo 69;Armazenamento;36;602.86
10676;SKU-20669;Item 20669 Energia - Modelo 70;Energia;43;606.33
10677;SKU-20670;Item 20670 Periféricos - Modelo 71;Periféricos;50;609.80
10678;SKU-20671;Item 20671 Monitores - Modelo 72;Monitores;57;613.27
10679;SKU-20672;Item 20672 Áudio - Modelo 73;Áudio;64;616.74
10680;SKU-20673;Item 20673 Vídeo - Modelo 74;Vídeo;71;620.21
10681;SKU-20674;Item 20674 Computadores - Modelo 75;Computadores;78;623.68
10682;SKU-20675;Item 20675 Redes - Modelo 76;Redes;85;627.15
10683;SKU-20676;Item 20676 Impressão - Modelo 77;Impressão;92;630.62
10684;SKU-20677;Item 20677 Acessórios - Modelo 78;Acessórios;99;634.09
10685;SKU-20678;Item 20678 Armazenamento - Modelo 79;Armazenamento;106;637.56
10686;SKU-20679;Item 20679 Energia - Modelo 80;Energia;113;641.03
10687;SKU-20680;Item 20680 Periféricos - Modelo 81;Periféricos;0;644.50
10688;SKU-20681;Item 20681 Monitores - Modelo 82;Monitores;7;647.97
10689;SKU-20682;Item 20682 Áudio - Modelo 83;Áudio;14;651.44
10690;SKU-20683;Item 20683 Vídeo - Modelo 84;Vídeo;21;654.91
10691;SKU-20684;Item 20684 Computadores - Modelo 85;Computadores;28;658.38
10692;SKU-20685;Item 20685 Redes - Modelo 86;Redes;35;661.85
10693;SKU-20686;Item 20686 Impressão - Modelo 87;Impressão;42;665.32
10694;SKU-20687;Item 20687 Acessórios - Modelo 88;Acessórios;49;668.79
10695;SKU-20688;Item 20688 Armazenamento - Modelo 89;Armazenamento;56;672.26
10696;SKU-20689;Item 20689 Energia - Modelo 90;Energia;63;675.73
10697;SKU-20690;Item 20690 Periféricos - Modelo 91;Periféricos;70;679.20
10698;SKU-20691;Item 20691 Monitores - Modelo 92;Monitores;77;682.67
10699;SKU-20692;Item 20692 Áudio - Modelo 93;Áudio;84;686.14
10700;SKU-20693;Item 20693 Vídeo - Modelo 94;Vídeo;91;689.61
10701;SKU-20694;Item 20694 Computadores - Modelo 95;Computadores;98;693.08
10702;SKU-20695;Item 20695 Redes - Modelo 96;Redes;105;696.55
10703;SKU-20696;Item 20696 Impressão - Modelo 97;Impressão;112;700.02
10704;SKU-20697;Item 20697 Acessórios - Modelo 98;Acessórios;119;703.49
10705;SKU-20698;Item 20698 Armazenamento - Modelo 99;Armazenamento;6;706.96
10706;SKU-20699;Item 20699 Energia - Modelo 100;Energia;13;710.43
10707;SKU-20700;Item 20700 Periféricos - Modelo 1;Periféricos;20;713.90
10708;SKU-20701;Item 20701 Monitores - Modelo 2;Monitores;27;717.37
10709;SKU-20702;Item 20702 Áudio - Modelo 3;Áudio;34;720.84
10710;SKU-20703;Item 20703 Vídeo - Modelo 4;Vídeo;41;724.31
10711;SKU-20704;Item 20704 Computadores - Modelo 5;Computadores;48;727.78
10712;SKU-20705;Item 20705 Redes - Modelo 6;Redes;55;731.25
10713;SKU-20706;Item 20706 Impressão - Modelo 7;Impressão;62;734.72
10714;SKU-20707;Item 20707 Acessórios - Modelo 8;Acessórios;69;738.19
10715;SKU-20708;Item 20708 Armazenamento - Modelo 9;Armazenamento;76;741.66
10716;SKU-20709;Item 20709 Energia - Modelo 10;Energia;83;745.13
10717;SKU-20710;Item 20710 Periféricos - Modelo 11;Periféricos;90;748.60
10718;SKU-20711;Item 20711 Monitores - Modelo 12;Monitores;97;752.07
10719;SKU-20712;Item 20712 Áudio - Modelo 13;Áudio;104;755.54
10720;SKU-20713;Item 20713 Vídeo - Modelo 14;Vídeo;111;759.01
10721;SKU-20714;Item 20714 Computadores - Modelo 15;Computadores;118;762.48
10722;SKU-20715;Item 20715 Redes - Modelo 16;Redes;5;765.95
10723;SKU-20716;Item 20716 Impressão - Modelo 17;Impressão;12;769.42
10724;SKU-20717;Item 20717 Acessórios - Modelo 18;Acessórios;19;772.89
10725;SKU-20718;Item 20718 Armazenamento - Modelo 19;Armazenamento;26;776.36
10726;SKU-20719;Item 20719 Energia - Modelo 20;Energia;33;779.83
10727;SKU-20720;Item 20720 Periféricos - Modelo 21;Periféricos;40;783.30
10728;SKU-20721;Item 20721 Monitores - Modelo 22;Monitores;47;786.77
10729;SKU-20722;Item 20722 Áudio - Modelo 23;Áudio;54;790.24
10730;SKU-20723;Item 20723 Vídeo - Modelo 24;Vídeo;61;793.71
10731;SKU-20724;Item 20724 Computadores - Modelo 25;Computadores;68;797.18
10732;SKU-20725;Item 20725 Redes - Modelo 26;Redes;75;800.65
10733;SKU-20726;Item 20726 Impressão - Modelo 27;Impressão;82;804.12
10734;SKU-20727;Item 20727 Acessórios - Modelo 28;Acessórios;89;807.59
10735;SKU-20728;Item 20728 Armazenamento - Modelo 29;Armazenamento;96;811.06
10736;SKU-20729;Item 20729 Energia - Modelo 30;Energia;103;814.53
10737;SKU-20730;Item 20730 Periféricos - Modelo 31;Periféricos;110;818.00
10738;SKU-20731;Item 20731 Monitores - Modelo 32;Monitores;117;821.47
10739;SKU-20732;Item 20732 Áudio - Modelo 33;Áudio;4;824.94
10740;SKU-20733;Item 20733 Vídeo - Modelo 34;Vídeo;11;828.41
10741;SKU-20734;Item 20734 Computadores - Modelo 35;Computadores;18;831.88
10742;SKU-20735;Item 20735 Redes - Modelo 36;Redes;25;835.35
10743;SKU-20736;Item 20736 Impressão - Modelo 37;Impressão;32;838.82
10744;SKU-20737;Item 20737 Acessórios - Modelo 38;Acessórios;39;842.29
10745;SKU-20738;Item 20738 Armazenamento - Modelo 39;Armazenamento;46;845.76
10746;SKU-20739;Item 20739 Energia - Modelo 40;Energia;53;849.23
10747;SKU-20740;Item 20740 Periféricos - Modelo 41;Periféricos;60;852.70
10748;SKU-20741;Item 20741 Monitores - Modelo 42;Monitores;67;856.17
10749;SKU-20742;Item 20742 Áudio - Modelo 43;Áudio;74;859.64
10750;SKU-20743;Item 20743 Vídeo - Modelo 44;Vídeo;81;863.11
10751;SKU-20744;Item 20744 Computadores - Modelo 45;Computadores;88;866.58
10752;SKU-20745;Item 20745 Redes - Modelo 46;Redes;95;870.05
10753;SKU-20746;Item 20746 Impressão - Modelo 47;Impressão;102;873.52
10754;SKU-20747;Item 20747 Acessórios - Modelo 48;Acessórios;109;876.99
10755;SKU-20748;Item 20748 Armazenamento - Modelo 49;Armazenamento;116;880.46
10756;SKU-20749;Item 20749 Energia - Modelo 50;Energia;3;883.93
10757;SKU-20750;Item 20750 Periféricos - Modelo 51;Periféricos;10;887.40
10758;SKU-20751;Item 20751 Monitores - Modelo 52;Monitores;17;890.87
10759;SKU-20752;Item 20752 Áudio - Modelo 53;Áudio;24;894.34
10760;SKU-20753;Item 20753 Vídeo - Modelo 54;Vídeo;31;897.81
10761;SKU-20754;Item 20754 Computadores - Modelo 55;Computadores;38;901.28
10762;SKU-20755;Item 20755 Redes - Modelo 56;Redes;45;904.75
10763;SKU-20756;Item 20756 Impressão - Modelo 57;Impressão;52;908.22
10764;SKU-20757;Item 20757 Acessórios - Modelo 58;Acessórios;59;911.69
10765;SKU-20758;Item 20758 Armazenamento - Modelo 59;Armazenamento;66;915.16
10766;SKU-20759;Item 20759 Energia - Modelo 60;Energia;73;918.63
10767;SKU-20760;Item 20760 Periféricos - Modelo 61;Periféricos;80;922.10
10768;SKU-20761;Item 20761 Monitores - Modelo 62;Monitores;87;925.57
10769;SKU-20762;Item 20762 Áudio - Modelo 63;Áudio;94;929.04
10770;SKU-20763;Item 20763 Vídeo - Modelo 64;Vídeo;101;932.51
10771;SKU-20764;Item 20764 Computadores - Modelo 65;Computadores;108;935.98
10772;SKU-20765;Item 20765 Redes - Modelo 66;Redes;115;939.45
10773;SKU-20766;Item 20766 Impressão - Modelo 67;Impressão;2;942.92
10774;SKU-20767;Item 20767 Acessórios - Modelo 68;Acessórios;9;946.39
10775;SKU-20768;Item 20768 Armazenamento - Modelo 69;Armazenamento;16;949.86
10776;SKU-20769;Item 20769 Energia - Modelo 70;Energia;23;953.33
10777;SKU-20770;Item 20770 Periféricos - Modelo 71;Periféricos;30;956.80
10778;SKU-20771;Item 20771 Monitores - Modelo 72;Monitores;37;960.27
10779;SKU-20772;Item 20772 Áudio - Modelo 73;Áudio;44;963.74
10780;SKU-20773;Item 20773 Vídeo - Modelo 74;Vídeo;51;967.21
10781;SKU-20774;Item 20774 Computadores - Modelo 75;Computadores;58;970.68
10782;SKU-20775;Item 20775 Redes - Modelo 76;Redes;65;974.15
10783;SKU-20776;Item 20776 Impressão - Modelo 77;Impressão;72;977.62
10784;SKU-20777;Item 20777 Acessórios - Modelo 78;Acessórios;79;981.09
10785;SKU-20778;Item 20778 Armazenamento - Modelo 79;Armazenamento;86;984.56
10786;SKU-20779;Item 20779 Energia - Modelo 80;Energia;93;988.03
10787;SKU-20780;Item 20780 Periféricos - Modelo 81;Periféricos;100;991.50
10788;SKU-20781;Item 20781 Monitores - Modelo 82;Monitores;107;994.97
10789;SKU-20782;Item 20782 Áudio - Modelo 83;Áudio;114;998.44
10790;SKU-20783;Item 20783 Vídeo - Modelo 84;Vídeo;1;1001.91
10791;SKU-20784;Item 20784 Computadores - Modelo 85;Computadores;8;1005.38
10792;SKU-20785;Item 20785 Redes - Modelo 86;Redes;15;1008.85
10793;SKU-20786;Item 20786 Impressão - Modelo 87;Impressão;22;1012.32
10794;SKU-20787;Item 20787 Acessórios - Modelo 88;Acessórios;29;1015.79
10795;SKU-20788;Item 20788 Armazenamento - Modelo 89;Armazenamento;36;1019.26
10796;SKU-20789;Item 20789 Energia - Modelo 90;Energia;43;1022.73
10797;SKU-20790;Item 20790 Periféricos - Modelo 91;Periféricos;50;1026.20
10798;SKU-20791;Item 20791 Monitores - Modelo 92;Monitores;57;1029.67
10799;SKU-20792;Item 20792 Áudio - Modelo 93;Áudio;64;1033.14
10800;SKU-20793;Item 20793 Vídeo - Modelo 94;Vídeo;71;1036.61
10801;SKU-20794;Item 20794 Computadores - Modelo 95;Computadores;78;1040.08
10802;SKU-20795;Item 20795 Redes - Modelo 96;Redes;85;1043.55
10803;SKU-20796;Item 20796 Impressão - Modelo 97;Impressão;92;1047.02
10804;SKU-20797;Item 20797 Acessórios - Modelo 98;Acessórios;99;1050.49
10805;SKU-20798;Item 20798 Armazenamento - Modelo 99;Armazenamento;106;1053.96
10806;SKU-20799;Item 20799 Energia - Modelo 100;Energia;113;1057.43
10807;SKU-20800;Item 20800 Periféricos - Modelo 1;Periféricos;0;1060.90
10808;SKU-20801;Item 20801 Monitores - Modelo 2;Monitores;7;1064.37
10809;SKU-20802;Item 20802 Áudio - Modelo 3;Áudio;14;1067.84
10810;SKU-20803;Item 20803 Vídeo - Modelo 4;Vídeo;21;1071.31
10811;SKU-20804;Item 20804 Computadores - Modelo 5;Computadores;28;1074.78
10812;SKU-20805;Item 20805 Redes - Modelo 6;Redes;35;1078.25
10813;SKU-20806;Item 20806 Impressão - Modelo 7;Impressão;42;1081.72
10814;SKU-20807;Item 20807 Acessórios - Modelo 8;Acessórios;49;1085.19
10815;SKU-20808;Item 20808 Armazenamento - Modelo 9;Armazenamento;56;1088.66
10816;SKU-20809;Item 20809 Energia - Modelo 10;Energia;63;1092.13
10817;SKU-20810;Item 20810 Periféricos - Modelo 11;Periféricos;70;1095.60
10818;SKU-20811;Item 20811 Monitores - Modelo 12;Monitores;77;1099.07
10819;SKU-20812;Item 20812 Áudio - Modelo 13;Áudio;84;1102.54
10820;SKU-20813;Item 20813 Vídeo - Modelo 14;Vídeo;91;1106.01
10821;SKU-20814;Item 20814 Computadores - Modelo 15;Computadores;98;1109.48
10822;SKU-20815;Item 20815 Redes - Modelo 16;Redes;105;1112.95
10823;SKU-20816;Item 20816 Impressão - Modelo 17;Impressão;112;1116.42
10824;SKU-20817;Item 20817 Acessórios - Modelo 18;Acessórios;119;1119.89
10825;SKU-20818;Item 20818 Armazenamento - Modelo 19;Armazenamento;6;1123.36
10826;SKU-20819;Item 20819 Energia - Modelo 20;Energia;13;1126.83
10827;SKU-20820;Item 20820 Periféricos - Modelo 21;Periféricos;20;1130.30
10828;SKU-20821;Item 20821 Monitores - Modelo 22;Monitores;27;1133.77
10829;SKU-20822;Item 20822 Áudio - Modelo 23;Áudio;34;1137.24
10830;SKU-20823;Item 20823 Vídeo - Modelo 24;Vídeo;41;1140.71
10831;SKU-20824;Item 20824 Computadores - Modelo 25;Computadores;48;1144.18
10832;SKU-20825;Item 20825 Redes - Modelo 26;Redes;55;1147.65
10833;SKU-20826;Item 20826 Impressão - Modelo 27;Impressão;62;1151.12
10834;SKU-20827;Item 20827 Acessórios - Modelo 28;Acessórios;69;1154.59
10835;SKU-20828;Item 20828 Armazenamento - Modelo 29;Armazenamento;76;1158.06
10836;SKU-20829;Item 20829 Energia - Modelo 30;Energia;83;1161.53
10837;SKU-20830;Item 20830 Periféricos - Modelo 31;Periféricos;90;1165.00
10838;SKU-20831;Item 20831 Monitores - Modelo 32;Monitores;97;1168.47
10839;SKU-20832;Item 20832 Áudio - Modelo 33;Áudio;104;1171.94
10840;SKU-20833;Item 20833 Vídeo - Modelo 34;Vídeo;111;1175.41
10841;SKU-20834;Item 20834 Computadores - Modelo 35;Computadores;118;1178.88
10842;SKU-20835;Item 20835 Redes - Modelo 36;Redes;5;1182.35
10843;SKU-20836;Item 20836 Impressão - Modelo 37;Impressão;12;1185.82
10844;SKU-20837;Item 20837 Acessórios - Modelo 38;Acessórios;19;1189.29
10845;SKU-20838;Item 20838 Armazenamento - Modelo 39;Armazenamento;26;1192.76
10846;SKU-20839;Item 20839 Energia - Modelo 40;Energia;33;1196.23
10847;SKU-20840;Item 20840 Periféricos - Modelo 41;Periféricos;40;1199.70
10848;SKU-20841;Item 20841 Monitores - Modelo 42;Monitores;47;1203.17
10849;SKU-20842;Item 20842 Áudio - Modelo 43;Áudio;54;1206.64
10850;SKU-20843;Item 20843 Vídeo - Modelo 44;Vídeo;61;1210.11
10851;SKU-20844;Item 20844 Computadores - Modelo 45;Computadores;68;1213.58
10852;SKU-20845;Item 20845 Redes - Modelo 46;Redes;75;1217.05
10853;SKU-20846;Item 20846 Impressão - Modelo 47;Impressão;82;1220.52
10854;SKU-20847;Item 20847 Acessórios - Modelo 48;Acessórios;89;1223.99
10855;SKU-20848;Item 20848 Armazenamento - Modelo 49;Armazenamento;96;1227.46
10856;SKU-20849;Item 20849 Energia - Modelo 50;Energia;103;1230.93
10857;SKU-20850;Item 20850 Periféricos - Modelo 51;Periféricos;110;1234.40
10858;SKU-20851;Item 20851 Monitores - Modelo 52;Monitores;117;1237.87
10859;SKU-20852;Item 20852 Áudio - Modelo 53;Áudio;4;1241.34
10860;SKU-20853;Item 20853 Vídeo - Modelo 54;Vídeo;11;1244.81
10861;SKU-20854;Item 20854 Computadores - Modelo 55;Computadores;18;1248.28
10862;SKU-20855;Item 20855 Redes - Modelo 56;Redes;25;1251.75
10863;SKU-20856;Item 20856 Impressão - Modelo 57;Impressão;32;1255.22
10864;SKU-20857;Item 20857 Acessórios - Modelo 58;Acessórios;39;1258.69
10865;SKU-20858;Item 20858 Armazenamento - Modelo 59;Armazenamento;46;1262.16
10866;SKU-20859;Item 20859 Energia - Modelo 60;Energia;53;1265.63
10867;SKU-20860;Item 20860 Periféricos - Modelo 61;Periféricos;60;1269.10
10868;SKU-20861;Item 20861 Monitores - Modelo 62;Monitores;67;1272.57
10869;SKU-20862;Item 20862 Áudio - Modelo 63;Áudio;74;1276.04
10870;SKU-20863;Item 20863 Vídeo - Modelo 64;Vídeo;81;1279.51
10871;SKU-20864;Item 20864 Computadores - Modelo 65;Computadores;88;1282.98
10872;SKU-20865;Item 20865 Redes - Modelo 66;Redes;95;1286.45
10873;SKU-20866;Item 20866 Impressão - Modelo 67;Impressão;102;1289.92
10874;SKU-20867;Item 20867 Acessórios - Modelo 68;Acessórios;109;1293.39
10875;SKU-20868;Item 20868 Armazenamento - Modelo 69;Armazenamento;116;1296.86
10876;SKU-20869;Item 20869 Energia - Modelo 70;Energia;3;1300.33
10877;SKU-20870;Item 20870 Periféricos - Modelo 71;Periféricos;10;1303.80
10878;SKU-20871;Item 20871 Monitores - Modelo 72;Monitores;17;1307.27
10879;SKU-20872;Item 20872 Áudio - Modelo 73;Áudio;24;1310.74
10880;SKU-20873;Item 20873 Vídeo - Modelo 74;Vídeo;31;1314.21
10881;SKU-20874;Item 20874 Computadores - Modelo 75;Computadores;38;1317.68
10882;SKU-20875;Item 20875 Redes - Modelo 76;Redes;45;1321.15
10883;SKU-20876;Item 20876 Impressão - Modelo 77;Impressão;52;1324.62
10884;SKU-20877;Item 20877 Acessórios - Modelo 78;Acessórios;59;1328.09
10885;SKU-20878;Item 20878 Armazenamento - Modelo 79;Armazenamento;66;1331.56
10886;SKU-20879;Item 20879 Energia - Modelo 80;Energia;73;1335.03
10887;SKU-20880;Item 20880 Periféricos - Modelo 81;Periféricos;80;1338.50
10888;SKU-20881;Item 20881 Monitores - Modelo 82;Monitores;87;1341.97
10889;SKU-20882;Item 20882 Áudio - Modelo 83;Áudio;94;1345.44
10890;SKU-20883;Item 20883 Vídeo - Modelo 84;Vídeo;101;1348.91
10891;SKU-20884;Item 20884 Computadores - Modelo 85;Computadores;108;1352.38
10892;SKU-20885;Item 20885 Redes - Modelo 86;Redes;115;1355.85
10893;SKU-20886;Item 20886 Impressão - Modelo 87;Impressão;2;1359.32
10894;SKU-20887;Item 20887 Acessórios - Modelo 88;Acessórios;9;1362.79
10895;SKU-20888;Item 20888 Armazenamento - Modelo 89;Armazenamento;16;1366.26
10896;SKU-20889;Item 20889 Energia - Modelo 90;Energia;23;1369.73
10897;SKU-20890;Item 20890 Periféricos - Modelo 91;Periféricos;30;1373.20
10898;SKU-20891;Item 20891 Monitores - Modelo 92;Monitores;37;1376.67
10899;SKU-20892;Item 20892 Áudio - Modelo 93;Áudio;44;1380.14
10900;SKU-20893;Item 20893 Vídeo - Modelo 94;Vídeo;51;1383.61
10901;SKU-20894;Item 20894 Computadores - Modelo 95;Computadores;58;1387.08
10902;SKU-20895;Item 20895 Redes - Modelo 96;Redes;65;1390.55
10903;SKU-20896;Item 20896 Impressão - Modelo 97;Impressão;72;1394.02
10904;SKU-20897;Item 20897 Acessórios - Modelo 98;Acessórios;79;1397.49
10905;SKU-20898;Item 20898 Armazenamento - Modelo 99;Armazenamento;86;1400.96
10906;SKU-20899;Item 20899 Energia - Modelo 100;Energia;93;1404.43
10907;SKU-20900;Item 20900 Periféricos - Modelo 1;Periféricos;100;1407.90
10908;SKU-20901;Item 20901 Monitores - Modelo 2;Monitores;107;1411.37
10909;SKU-20902;Item 20902 Áudio - Modelo 3;Áudio;114;1414.84
10910;SKU-20903;Item 20903 Vídeo - Modelo 4;Vídeo;1;1418.31
10911;SKU-20904;Item 20904 Computadores - Modelo 5;Computadores;8;1421.78
10912;SKU-20905;Item 20905 Redes - Modelo 6;Redes;15;1425.25
10913;SKU-20906;Item 20906 Impressão - Modelo 7;Impressão;22;1428.72
10914;SKU-20907;Item 20907 Acessórios - Modelo 8;Acessórios;29;1432.19
10915;SKU-20908;Item 20908 Armazenamento - Modelo 9;Armazenamento;36;1435.66
10916;SKU-20909;Item 20909 Energia - Modelo 10;Energia;43;1439.13
10917;SKU-20910;Item 20910 Periféricos - Modelo 11;Periféricos;50;1442.60
10918;SKU-20911;Item 20911 Monitores - Modelo 12;Monitores;57;1446.07
10919;SKU-20912;Item 20912 Áudio - Modelo 13;Áudio;64;1449.54
10920;SKU-20913;Item 20913 Vídeo - Modelo 14;Vídeo;71;1453.01
10921;SKU-20914;Item 20914 Computadores - Modelo 15;Computadores;78;1456.48
10922;SKU-20915;Item 20915 Redes - Modelo 16;Redes;85;1459.95
10923;SKU-20916;Item 20916 Impressão - Modelo 17;Impressão;92;1463.42
10924;SKU-20917;Item 20917 Acessórios - Modelo 18;Acessórios;99;1466.89
10925;SKU-20918;Item 20918 Armazenamento - Modelo 19;Armazenamento;106;1470.36
10926;SKU-20919;Item 20919 Energia - Modelo 20;Energia;113;1473.83
10927;SKU-20920;Item 20920 Periféricos - Modelo 21;Periféricos;0;1477.30
10928;SKU-20921;Item 20921 Monitores - Modelo 22;Monitores;7;1480.77
10929;SKU-20922;Item 20922 Áudio - Modelo 23;Áudio;14;1484.24
10930;SKU-20923;Item 20923 Vídeo - Modelo 24;Vídeo;21;1487.71
10931;SKU-20924;Item 20924 Computadores - Modelo 25;Computadores;28;1491.18
10932;SKU-20925;Item 20925 Redes - Modelo 26;Redes;35;1494.65
10933;SKU-20926;Item 20926 Impressão - Modelo 27;Impressão;42;1498.12
10934;SKU-20927;Item 20927 Acessórios - Modelo 28;Acessórios;49;1501.59
10935;SKU-20928;Item 20928 Armazenamento - Modelo 29;Armazenamento;56;1505.06
10936;SKU-20929;Item 20929 Energia - Modelo 30;Energia;63;1508.53
10937;SKU-20930;Item 20930 Periféricos - Modelo 31;Periféricos;70;1512.00
10938;SKU-20931;Item 20931 Monitores - Modelo 32;Monitores;77;1515.47
10939;SKU-20932;Item 20932 Áudio - Modelo 33;Áudio;84;1518.94
10940;SKU-20933;Item 20933 Vídeo - Modelo 34;Vídeo;91;1522.41
10941;SKU-20934;Item 20934 Computadores - Modelo 35;Computadores;98;1525.88
10942;SKU-20935;Item 20935 Redes - Modelo 36;Redes;105;1529.35
10943;SKU-20936;Item 20936 Impressão - Modelo 37;Impressão;112;1532.82
10944;SKU-20937;Item 20937 Acessórios - Modelo 38;Acessórios;119;1536.29
10945;SKU-20938;Item 20938 Armazenamento - Modelo 39;Armazenamento;6;1539.76
10946;SKU-20939;Item 20939 Energia - Modelo 40;Energia;13;1543.23
10947;SKU-20940;Item 20940 Periféricos - Modelo 41;Periféricos;20;1546.70
10948;SKU-20941;Item 20941 Monitores - Modelo 42;Monitores;27;1550.17
10949;SKU-20942;Item 20942 Áudio - Modelo 43;Áudio;34;1553.64
10950;SKU-20943;Item 20943 Vídeo - Modelo 44;Vídeo;41;1557.11
10951;SKU-20944;Item 20944 Computadores - Modelo 45;Computadores;48;1560.58
10952;SKU-20945;Item 20945 Redes - Modelo 46;Redes;55;1564.05
10953;SKU-20946;Item 20946 Impressão - Modelo 47;Impressão;62;1567.52
10954;SKU-20947;Item 20947 Acessórios - Modelo 48;Acessórios;69;1570.99
10955;SKU-20948;Item 20948 Armazenamento - Modelo 49;Armazenamento;76;1574.46
10956;SKU-20949;Item 20949 Energia - Modelo 50;Energia;83;1577.93
10957;SKU-20950;Item 20950 Periféricos - Modelo 51;Periféricos;90;1581.40
10958;SKU-20951;Item 20951 Monitores - Modelo 52;Monitores;97;1584.87
10959;SKU-20952;Item 20952 Áudio - Modelo 53;Áudio;104;1588.34
10960;SKU-20953;Item 20953 Vídeo - Modelo 54;Vídeo;111;1591.81
10961;SKU-20954;Item 20954 Computadores - Modelo 55;Computadores;118;1595.28
10962;SKU-20955;Item 20955 Redes - Modelo 56;Redes;5;1598.75
10963;SKU-20956;Item 20956 Impressão - Modelo 57;Impressão;12;1602.22
10964;SKU-20957;Item 20957 Acessórios - Modelo 58;Acessórios;19;1605.69
10965;SKU-20958;Item 20958 Armazenamento - Modelo 59;Armazenamento;26;1609.16
10966;SKU-20959;Item 20959 Energia - Modelo 60;Energia;33;1612.63
10967;SKU-20960;Item 20960 Periféricos - Modelo 61;Periféricos;40;1616.10
10968;SKU-20961;Item 20961 Monitores - Modelo 62;Monitores;47;1619.57
10969;SKU-20962;Item 20962 Áudio - Modelo 63;Áudio;54;1623.04
10970;SKU-20963;Item 20963 Vídeo - Modelo 64;Vídeo;61;1626.51
10971;SKU-20964;Item 20964 Computadores - Modelo 65;Computadores;68;1629.98
10972;SKU-20965;Item 20965 Redes - Modelo 66;Redes;75;1633.45
10973;SKU-20966;Item 20966 Impressão - Modelo 67;Impressão;82;1636.92
10974;SKU-20967;Item 20967 Acessórios - Modelo 68;Acessórios;89;1640.39
10975;SKU-20968;Item 20968 Armazenamento - Modelo 69;Armazenamento;96;1643.86
10976;SKU-20969;Item 20969 Energia - Modelo 70;Energia;103;1647.33
10977;SKU-20970;Item 20970 Periféricos - Modelo 71;Periféricos;110;1650.80
10978;SKU-20971;Item 20971 Monitores - Modelo 72;Monitores;117;1654.27
10979;SKU-20972;Item 20972 Áudio - Modelo 73;Áudio;4;1657.74
10980;SKU-20973;Item 20973 Vídeo - Modelo 74;Vídeo;11;1661.21
10981;SKU-20974;Item 20974 Computadores - Modelo 75;Computadores;18;1664.68
10982;SKU-20975;Item 20975 Redes - Modelo 76;Redes;25;1668.15
10983;SKU-20976;Item 20976 Impressão - Modelo 77;Impressão;32;1671.62
10984;SKU-20977;Item 20977 Acessórios - Modelo 78;Acessórios;39;1675.09
10985;SKU-20978;Item 20978 Armazenamento - Modelo 79;Armazenamento;46;1678.56
10986;SKU-20979;Item 20979 Energia - Modelo 80;Energia;53;1682.03
10987;SKU-20980;Item 20980 Periféricos - Modelo 81;Periféricos;60;1685.50
10988;SKU-20981;Item 20981 Monitores - Modelo 82;Monitores;67;1688.97
10989;SKU-20982;Item 20982 Áudio - Modelo 83;Áudio;74;1692.44
10990;SKU-20983;Item 20983 Vídeo - Modelo 84;Vídeo;81;1695.91
10991;SKU-20984;Item 20984 Computadores - Modelo 85;Computadores;88;1699.38
10992;SKU-20985;Item 20985 Redes - Modelo 86;Redes;95;1702.85
10993;SKU-20986;Item 20986 Impressão - Modelo 87;Impressão;102;1706.32
10994;SKU-20987;Item 20987 Acessórios - Modelo 88;Acessórios;109;1709.79
10995;SKU-20988;Item 20988 Armazenamento - Modelo 89;Armazenamento;116;1713.26
10996;SKU-20989;Item 20989 Energia - Modelo 90;Energia;3;1716.73
10997;SKU-20990;Item 20990 Periféricos - Modelo 91;Periféricos;10;1720.20
10998;SKU-20991;Item 20991 Monitores - Modelo 92;Monitores;17;1723.67
10999;SKU-20992;Item 20992 Áudio - Modelo 93;Áudio;24;1727.14
11000;SKU-20993;Item 20993 Vídeo - Modelo 94;Vídeo;31;1730.61
11001;SKU-20994;Item 20994 Computadores - Modelo 95;Computadores;38;1734.08
11002;SKU-20995;Item 20995 Redes - Modelo 96;Redes;45;1737.55
11003;SKU-20996;Item 20996 Impressão - Modelo 97;Impressão;52;1741.02
11004;SKU-20997;Item 20997 Acessórios - Modelo 98;Acessórios;59;1744.49
11005;SKU-20998;Item 20998 Armazenamento - Modelo 99;Armazenamento;66;1747.96
11006;SKU-20999;Item 20999 Energia - Modelo 100;Energia;73;1751.43
11007;SKU-21000;Item 21000 Periféricos - Modelo 1;Periféricos;80;19.90
11008;SKU-21001;Item 21001 Monitores - Modelo 2;Monitores;87;23.37
11009;SKU-21002;Item 21002 Áudio - Modelo 3;Áudio;94;26.84
11010;SKU-21003;Item 21003 Vídeo - Modelo 4;Vídeo;101;30.31
11011;SKU-21004;Item 21004 Computadores - Modelo 5;Computadores;108;33.78
11012;SKU-21005;Item 21005 Redes - Modelo 6;Redes;115;37.25
11013;SKU-21006;Item 21006 Impressão - Modelo 7;Impressão;2;40.72
11014;SKU-21007;Item 21007 Acessórios - Modelo 8;Acessórios;9;44.19
11015;SKU-21008;Item 21008 Armazenamento - Modelo 9;Armazenamento;16;47.66
11016;SKU-21009;Item 21009 Energia - Modelo 10;Energia;23;51.13
11017;SKU-21010;Item 21010 Periféricos - Modelo 11;Periféricos;30;54.60
11018;SKU-21011;Item 21011 Monitores - Modelo 12;Monitores;37;58.07
11019;SKU-21012;Item 21012 Áudio - Modelo 13;Áudio;44;61.54
11020;SKU-21013;Item 21013 Vídeo - Modelo 14;Vídeo;51;65.01
11021;SKU-21014;Item 21014 Computadores - Modelo 15;Computadores;58;68.48
11022;SKU-21015;Item 21015 Redes - Modelo 16;Redes;65;71.95
11023;SKU-21016;Item 21016 Impressão - Modelo 17;Impressão;72;75.42
11024;SKU-21017;Item 21017 Acessórios - Modelo 18;Acessórios;79;78.89
11025;SKU-21018;Item 21018 Armazenamento - Modelo 19;Armazenamento;86;82.36
11026;SKU-21019;Item 21019 Energia - Modelo 20;Energia;93;85.83
11027;SKU-21020;Item 21020 Periféricos - Modelo 21;Periféricos;100;89.30
11028;SKU-21021;Item 21021 Monitores - Modelo 22;Monitores;107;92.77
11029;SKU-21022;Item 21022 Áudio - Modelo 23;Áudio;114;96.24
11030;SKU-21023;Item 21023 Vídeo - Modelo 24;Vídeo;1;99.71
11031;SKU-21024;Item 21024 Computadores - Modelo 25;Computadores;8;103.18
11032;SKU-21025;Item 21025 Redes - Modelo 26;Redes;15;106.65
11033;SKU-21026;Item 21026 Impressão - Modelo 27;Impressão;22;110.12
11034;SKU-21027;Item 21027 Acessórios - Modelo 28;Acessórios;29;113.59
11035;SKU-21028;Item 21028 Armazenamento - Modelo 29;Armazenamento;36;117.06
11036;SKU-21029;Item 21029 Energia - Modelo 30;Energia;43;120.53
11037;SKU-21030;Item 21030 Periféricos - Modelo 31;Periféricos;50;124.00
11038;SKU-21031;Item 21031 Monitores - Modelo 32;Monitores;57;127.47
11039;SKU-21032;Item 21032 Áudio - Modelo 33;Áudio;64;130.94
11040;SKU-21033;Item 21033 Vídeo - Modelo 34;Vídeo;71;134.41
11041;SKU-21034;Item 21034 Computadores - Modelo 35;Computadores;78;137.88
11042;SKU-21035;Item 21035 Redes - Modelo 36;Redes;85;141.35
11043;SKU-21036;Item 21036 Impressão - Modelo 37;Impressão;92;144.82
11044;SKU-21037;Item 21037 Acessórios - Modelo 38;Acessórios;99;148.29
11045;SKU-21038;Item 21038 Armazenamento - Modelo 39;Armazenamento;106;151.76
11046;SKU-21039;Item 21039 Energia - Modelo 40;Energia;113;155.23
11047;SKU-21040;Item 21040 Periféricos - Modelo 41;Periféricos;0;158.70
11048;SKU-21041;Item 21041 Monitores - Modelo 42;Monitores;7;162.17
11049;SKU-21042;Item 21042 Áudio - Modelo 43;Áudio;14;165.64
11050;SKU-21043;Item 21043 Vídeo - Modelo 44;Vídeo;21;169.11
11051;SKU-21044;Item 21044 Computadores - Modelo 45;Computadores;28;172.58
11052;SKU-21045;Item 21045 Redes - Modelo 46;Redes;35;176.05
11053;SKU-21046;Item 21046 Impressão - Modelo 47;Impressão;42;179.52
11054;SKU-21047;Item 21047 Acessórios - Modelo 48;Acessórios;49;182.99
11055;SKU-21048;Item 21048 Armazenamento - Modelo 49;Armazenamento;56;186.46
11056;SKU-21049;Item 21049 Energia - Modelo 50;Energia;63;189.93
11057;SKU-21050;Item 21050 Periféricos - Modelo 51;Periféricos;70;193.40
11058;SKU-21051;Item 21051 Monitores - Modelo 52;Monitores;77;196.87
11059;SKU-21052;Item 21052 Áudio - Modelo 53;Áudio;84;200.34
11060;SKU-21053;Item 21053 Vídeo - Modelo 54;Vídeo;91;203.81
11061;SKU-21054;Item 21054 Computadores - Modelo 55;Computadores;98;207.28
11062;SKU-21055;Item 21055 Redes - Modelo 56;Redes;105;210.75
11063;SKU-21056;Item 21056 Impressão - Modelo 57;Impressão;112;214.22
11064;SKU-21057;Item 21057 Acessórios - Modelo 58;Acessórios;119;217.69
11065;SKU-21058;Item 21058 Armazenamento - Modelo 59;Armazenamento;6;221.16
11066;SKU-21059;Item 21059 Energia - Modelo 60;Energia;13;224.63
11067;SKU-21060;Item 21060 Periféricos - Modelo 61;Periféricos;20;228.10
11068;SKU-21061;Item 21061 Monitores - Modelo 62;Monitores;27;231.57
11069;SKU-21062;Item 21062 Áudio - Modelo 63;Áudio;34;235.04
11070;SKU-21063;Item 21063 Vídeo - Modelo 64;Vídeo;41;238.51
11071;SKU-21064;Item 21064 Computadores - Modelo 65;Computadores;48;241.98
11072;SKU-21065;Item 21065 Redes - Modelo 66;Redes;55;245.45
11073;SKU-21066;Item 21066 Impressão - Modelo 67;Impressão;62;248.92
11074;SKU-21067;Item 21067 Acessórios - Modelo 68;Acessórios;69;252.39
11075;SKU-21068;Item 21068 Armazenamento - Modelo 69;Armazenamento;76;255.86
11076;SKU-21069;Item 21069 Energia - Modelo 70;Energia;83;259.33
11077;SKU-21070;Item 21070 Periféricos - Modelo 71;Periféricos;90;262.80
11078;SKU-21071;Item 21071 Monitores - Modelo 72;Monitores;97;266.27
11079;SKU-21072;Item 21072 Áudio - Modelo 73;Áudio;104;269.74
11080;SKU-21073;Item 21073 Vídeo - Modelo 74;Vídeo;111;273.21
11081;SKU-21074;Item 21074 Computadores - Modelo 75;Computadores;118;276.68
11082;SKU-21075;Item 21075 Redes - Modelo 76;Redes;5;280.15
11083;SKU-21076;Item 21076 Impressão - Modelo 77;Impressão;12;283.62
11084;SKU-21077;Item 21077 Acessórios - Modelo 78;Acessórios;19;287.09
11085;SKU-21078;Item 21078 Armazenamento - Modelo 79;Armazenamento;26;290.56
11086;SKU-21079;Item 21079 Energia - Modelo 80;Energia;33;294.03
11087;SKU-21080;Item 21080 Periféricos - Modelo 81;Periféricos;40;297.50
11088;SKU-21081;Item 21081 Monitores - Modelo 82;Monitores;47;300.97
11089;SKU-21082;Item 21082 Áudio - Modelo 83;Áudio;54;304.44
11090;SKU-21083;Item 21083 Vídeo - Modelo 84;Vídeo;61;307.91
11091;SKU-21084;Item 21084 Computadores - Modelo 85;Computadores;68;311.38
11092;SKU-21085;Item 21085 Redes - Modelo 86;Redes;75;314.85
11093;SKU-21086;Item 21086 Impressão - Modelo 87;Impressão;82;318.32
11094;SKU-21087;Item 21087 Acessórios - Modelo 88;Acessórios;89;321.79
11095;SKU-21088;Item 21088 Armazenamento - Modelo 89;Armazenamento;96;325.26
11096;SKU-21089;Item 21089 Energia - Modelo 90;Energia;103;328.73
11097;SKU-21090;Item 21090 Periféricos - Modelo 91;Periféricos;110;332.20
11098;SKU-21091;Item 21091 Monitores - Modelo 92;Monitores;117;335.67
11099;SKU-21092;Item 21092 Áudio - Modelo 93;Áudio;4;339.14
11100;SKU-21093;Item 21093 Vídeo - Modelo 94;Vídeo;11;342.61
11101;SKU-21094;Item 21094 Computadores - Modelo 95;Computadores;18;346.08
11102;SKU-21095;Item 21095 Redes - Modelo 96;Redes;25;349.55
11103;SKU-21096;Item 21096 Impressão - Modelo 97;Impressão;32;353.02
11104;SKU-21097;Item 21097 Acessórios - Modelo 98;Acessórios;39;356.49
11105;SKU-21098;Item 21098 Armazenamento - Modelo 99;Armazenamento;46;359.96
11106;SKU-21099;Item 21099 Energia - Modelo 100;Energia;53;363.43
11107;SKU-21100;Item 21100 Periféricos - Modelo 1;Periféricos;60;366.90
11108;SKU-21101;Item 21101 Monitores - Modelo 2;Monitores;67;370.37
11109;SKU-21102;Item 21102 Áudio - Modelo 3;Áudio;74;373.84
11110;SKU-21103;Item 21103 Vídeo - Modelo 4;Vídeo;81;377.31
11111;SKU-21104;Item 21104 Computadores - Modelo 5;Computadores;88;380.78
11112;SKU-21105;Item 21105 Redes - Modelo 6;Redes;95;384.25
11113;SKU-21106;Item 21106 Impressão - Modelo 7;Impressão;102;387.72
11114;SKU-21107;Item 21107 Acessórios - Modelo 8;Acessórios;109;391.19
11115;SKU-21108;Item 21108 Armazenamento - Modelo 9;Armazenamento;116;394.66
11116;SKU-21109;Item 21109 Energia - Modelo 10;Energia;3;398.13
11117;SKU-21110;Item 21110 Periféricos - Modelo 11;Periféricos;10;401.60
11118;SKU-21111;Item 21111 Monitores - Modelo 12;Monitores;17;405.07
11119;SKU-21112;Item 21112 Áudio - Modelo 13;Áudio;24;408.54
11120;SKU-21113;Item 21113 Vídeo - Modelo 14;Vídeo;31;412.01
11121;SKU-21114;Item 21114 Computadores - Modelo 15;Computadores;38;415.48
11122;SKU-21115;Item 21115 Redes - Modelo 16;Redes;45;418.95
11123;SKU-21116;Item 21116 Impressão - Modelo 17;Impressão;52;422.42
11124;SKU-21117;Item 21117 Acessórios - Modelo 18;Acessórios;59;425.89
11125;SKU-21118;Item 21118 Armazenamento - Modelo 19;Armazenamento;66;429.36
11126;SKU-21119;Item 21119 Energia - Modelo 20;Energia;73;432.83
11127;SKU-21120;Item 21120 Periféricos - Modelo 21;Periféricos;80;436.30
11128;SKU-21121;Item 21121 Monitores - Modelo 22;Monitores;87;439.77
11129;SKU-21122;Item 21122 Áudio - Modelo 23;Áudio;94;443.24
11130;SKU-21123;Item 21123 Vídeo - Modelo 24;Vídeo;101;446.71
11131;SKU-21124;Item 21124 Computadores - Modelo 25;Computadores;108;450.18
11132;SKU-21125;Item 21125 Redes - Modelo 26;Redes;115;453.65
11133;SKU-21126;Item 21126 Impressão - Modelo 27;Impressão;2;457.12
11134;SKU-21127;Item 21127 Acessórios - Modelo 28;Acessórios;9;460.59
11135;SKU-21128;Item 21128 Armazenamento - Modelo 29;Armazenamento;16;464.06
11136;SKU-21129;Item 21129 Energia - Modelo 30;Energia;23;467.53
11137;SKU-21130;Item 21130 Periféricos - Modelo 31;Periféricos;30;471.00
11138;SKU-21131;Item 21131 Monitores - Modelo 32;Monitores;37;474.47
11139;SKU-21132;Item 21132 Áudio - Modelo 33;Áudio;44;477.94
11140;SKU-21133;Item 21133 Vídeo - Modelo 34;Vídeo;51;481.41
11141;SKU-21134;Item 21134 Computadores - Modelo 35;Computadores;58;484.88
11142;SKU-21135;Item 21135 Redes - Modelo 36;Redes;65;488.35
11143;SKU-21136;Item 21136 Impressão - Modelo 37;Impressão;72;491.82
11144;SKU-21137;Item 21137 Acessórios - Modelo 38;Acessórios;79;495.29
11145;SKU-21138;Item 21138 Armazenamento - Modelo 39;Armazenamento;86;498.76
11146;SKU-21139;Item 21139 Energia - Modelo 40;Energia;93;502.23
11147;SKU-21140;Item 21140 Periféricos - Modelo 41;Periféricos;100;505.70
11148;SKU-21141;Item 21141 Monitores - Modelo 42;Monitores;107;509.17
11149;SKU-21142;Item 21142 Áudio - Modelo 43;Áudio;114;512.64
11150;SKU-21143;Item 21143 Vídeo - Modelo 44;Vídeo;1;516.11
11151;SKU-21144;Item 21144 Computadores - Modelo 45;Computadores;8;519.58
11152;SKU-21145;Item 21145 Redes - Modelo 46;Redes;15;523.05
11153;SKU-21146;Item 21146 Impressão - Modelo 47;Impressão;22;526.52
11154;SKU-21147;Item 21147 Acessórios - Modelo 48;Acessórios;29;529.99
11155;SKU-21148;Item 21148 Armazenamento - Modelo 49;Armazenamento;36;533.46
11156;SKU-21149;Item 21149 Energia - Modelo 50;Energia;43;536.93
11157;SKU-21150;Item 21150 Periféricos - Modelo 51;Periféricos;50;540.40
11158;SKU-21151;Item 21151 Monitores - Modelo 52;Monitores;57;543.87
11159;SKU-21152;Item 21152 Áudio - Modelo 53;Áudio;64;547.34
11160;SKU-21153;Item 21153 Vídeo - Modelo 54;Vídeo;71;550.81
11161;SKU-21154;Item 21154 Computadores - Modelo 55;Computadores;78;554.28
11162;SKU-21155;Item 21155 Redes - Modelo 56;Redes;85;557.75
11163;SKU-21156;Item 21156 Impressão - Modelo 57;Impressão;92;561.22
11164;SKU-21157;Item 21157 Acessórios - Modelo 58;Acessórios;99;564.69
11165;SKU-21158;Item 21158 Armazenamento - Modelo 59;Armazenamento;106;568.16
11166;SKU-21159;Item 21159 Energia - Modelo 60;Energia;113;571.63
11167;SKU-21160;Item 21160 Periféricos - Modelo 61;Periféricos;0;575.10
11168;SKU-21161;Item 21161 Monitores - Modelo 62;Monitores;7;578.57
11169;SKU-21162;Item 21162 Áudio - Modelo 63;Áudio;14;582.04
11170;SKU-21163;Item 21163 Vídeo - Modelo 64;Vídeo;21;585.51
11171;SKU-21164;Item 21164 Computadores - Modelo 65;Computadores;28;588.98
11172;SKU-21165;Item 21165 Redes - Modelo 66;Redes;35;592.45
11173;SKU-21166;Item 21166 Impressão - Modelo 67;Impressão;42;595.92
11174;SKU-21167;Item 21167 Acessórios - Modelo 68;Acessórios;49;599.39
11175;SKU-21168;Item 21168 Armazenamento - Modelo 69;Armazenamento;56;602.86
11176;SKU-21169;Item 21169 Energia - Modelo 70;Energia;63;606.33
11177;SKU-21170;Item 21170 Periféricos - Modelo 71;Periféricos;70;609.80
11178;SKU-21171;Item 21171 Monitores - Modelo 72;Monitores;77;613.27
11179;SKU-21172;Item 21172 Áudio - Modelo 73;Áudio;84;616.74
11180;SKU-21173;Item 21173 Vídeo - Modelo 74;Vídeo;91;620.21
11181;SKU-21174;Item 21174 Computadores - Modelo 75;Computadores;98;623.68
11182;SKU-21175;Item 21175 Redes - Modelo 76;Redes;105;627.15
11183;SKU-21176;Item 21176 Impressão - Modelo 77;Impressão;112;630.62
11184;SKU-21177;Item 21177 Acessórios - Modelo 78;Acessórios;119;634.09
11185;SKU-21178;Item 21178 Armazenamento - Modelo 79;Armazenamento;6;637.56
11186;SKU-21179;Item 21179 Energia - Modelo 80;Energia;13;641.03
11187;SKU-21180;Item 21180 Periféricos - Modelo 81;Periféricos;20;644.50
11188;SKU-21181;Item 21181 Monitores - Modelo 82;Monitores;27;647.97
11189;SKU-21182;Item 21182 Áudio - Modelo 83;Áudio;34;651.44
11190;SKU-21183;Item 21183 Vídeo - Modelo 84;Vídeo;41;654.91
11191;SKU-21184;Item 21184 Computadores - Modelo 85;Computadores;48;658.38
11192;SKU-21185;Item 21185 Redes - Modelo 86;Redes;55;661.85
11193;SKU-21186;Item 21186 Impressão - Modelo 87;Impressão;62;665.32
11194;SKU-21187;Item 21187 Acessórios - Modelo 88;Acessórios;69;668.79
11195;SKU-21188;Item 21188 Armazenamento - Modelo 89;Armazenamento;76;672.26
11196;SKU-21189;Item 21189 Energia - Modelo 90;Energia;83;675.73
11197;SKU-21190;Item 21190 Periféricos - Modelo 91;Periféricos;90;679.20
11198;SKU-21191;Item 21191 Monitores - Modelo 92;Monitores;97;682.67
11199;SKU-21192;Item 21192 Áudio - Modelo 93;Áudio;104;686.14
11200;SKU-21193;Item 21193 Vídeo - Modelo 94;Vídeo;111;689.61
11201;SKU-21194;Item 21194 Computadores - Modelo 95;Computadores;118;693.08
11202;SKU-21195;Item 21195 Redes - Modelo 96;Redes;5;696.55
11203;SKU-21196;Item 21196 Impressão - Modelo 97;Impressão;12;700.02
11204;SKU-21197;Item 21197 Acessórios - Modelo 98;Acessórios;19;703.49
11205;SKU-21198;Item 21198 Armazenamento - Modelo 99;Armazenamento;26;706.96
11206;SKU-21199;Item 21199 Energia - Modelo 100;Energia;33;710.43
11207;SKU-21200;Item 21200 Periféricos - Modelo 1;Periféricos;40;713.90
11208;SKU-21201;Item 21201 Monitores - Modelo 2;Monitores;47;717.37
11209;SKU-21202;Item 21202 Áudio - Modelo 3;Áudio;54;720.84
11210;SKU-21203;Item 21203 Vídeo - Modelo 4;Vídeo;61;724.31
11211;SKU-21204;Item 21204 Computadores - Modelo 5;Computadores;68;727.78
11212;SKU-21205;Item 21205 Redes - Modelo 6;Redes;75;731.25
11213;SKU-21206;Item 21206 Impressão - Modelo 7;Impressão;82;734.72
11214;SKU-21207;Item 21207 Acessórios - Modelo 8;Acessórios;89;738.19
11215;SKU-21208;Item 21208 Armazenamento - Modelo 9;Armazenamento;96;741.66
11216;SKU-21209;Item 21209 Energia - Modelo 10;Energia;103;745.13
11217;SKU-21210;Item 21210 Periféricos - Modelo 11;Periféricos;110;748.60
11218;SKU-21211;Item 21211 Monitores - Modelo 12;Monitores;117;752.07
11219;SKU-21212;Item 21212 Áudio - Modelo 13;Áudio;4;755.54
11220;SKU-21213;Item 21213 Vídeo - Modelo 14;Vídeo;11;759.01
11221;SKU-21214;Item 21214 Computadores - Modelo 15;Computadores;18;762.48
11222;SKU-21215;Item 21215 Redes - Modelo 16;Redes;25;765.95
11223;SKU-21216;Item 21216 Impressão - Modelo 17;Impressão;32;769.42
11224;SKU-21217;Item 21217 Acessórios - Modelo 18;Acessórios;39;772.89
11225;SKU-21218;Item 21218 Armazenamento - Modelo 19;Armazenamento;46;776.36
11226;SKU-21219;Item 21219 Energia - Modelo 20;Energia;53;779.83
11227;SKU-21220;Item 21220 Periféricos - Modelo 21;Periféricos;60;783.30
11228;SKU-21221;Item 21221 Monitores - Modelo 22;Monitores;67;786.77
11229;SKU-21222;Item 21222 Áudio - Modelo 23;Áudio;74;790.24
11230;SKU-21223;Item 21223 Vídeo - Modelo 24;Vídeo;81;793.71
11231;SKU-21224;Item 21224 Computadores - Modelo 25;Computadores;88;797.18
11232;SKU-21225;Item 21225 Redes - Modelo 26;Redes;95;800.65
11233;SKU-21226;Item 21226 Impressão - Modelo 27;Impressão;102;804.12
11234;SKU-21227;Item 21227 Acessórios - Modelo 28;Acessórios;109;807.59
11235;SKU-21228;Item 21228 Armazenamento - Modelo 29;Armazenamento;116;811.06
11236;SKU-21229;Item 21229 Energia - Modelo 30;Energia;3;814.53
11237;SKU-21230;Item 21230 Periféricos - Modelo 31;Periféricos;10;818.00
11238;SKU-21231;Item 21231 Monitores - Modelo 32;Monitores;17;821.47
11239;SKU-21232;Item 21232 Áudio - Modelo 33;Áudio;24;824.94
11240;SKU-21233;Item 21233 Vídeo - Modelo 34;Vídeo;31;828.41
11241;SKU-21234;Item 21234 Computadores - Modelo 35;Computadores;38;831.88
11242;SKU-21235;Item 21235 Redes - Modelo 36;Redes;45;835.35
11243;SKU-21236;Item 21236 Impressão - Modelo 37;Impressão;52;838.82
11244;SKU-21237;Item 21237 Acessórios - Modelo 38;Acessórios;59;842.29
11245;SKU-21238;Item 21238 Armazenamento - Modelo 39;Armazenamento;66;845.76
11246;SKU-21239;Item 21239 Energia - Modelo 40;Energia;73;849.23
11247;SKU-21240;Item 21240 Periféricos - Modelo 41;Periféricos;80;852.70
11248;SKU-21241;Item 21241 Monitores - Modelo 42;Monitores;87;856.17
11249;SKU-21242;Item 21242 Áudio - Modelo 43;Áudio;94;859.64
11250;SKU-21243;Item 21243 Vídeo - Modelo 44;Vídeo;101;863.11
11251;SKU-21244;Item 21244 Computadores - Modelo 45;Computadores;108;866.58
11252;SKU-21245;Item 21245 Redes - Modelo 46;Redes;115;870.05
11253;SKU-21246;Item 21246 Impressão - Modelo 47;Impressão;2;873.52
11254;SKU-21247;Item 21247 Acessórios - Modelo 48;Acessórios;9;876.99
11255;SKU-21248;Item 21248 Armazenamento - Modelo 49;Armazenamento;16;880.46
11256;SKU-21249;Item 21249 Energia - Modelo 50;Energia;23;883.93
11257;SKU-21250;Item 21250 Periféricos - Modelo 51;Periféricos;30;887.40
11258;SKU-21251;Item 21251 Monitores - Modelo 52;Monitores;37;890.87
11259;SKU-21252;Item 21252 Áudio - Modelo 53;Áudio;44;894.34
11260;SKU-21253;Item 21253 Vídeo - Modelo 54;Vídeo;51;897.81
11261;SKU-21254;Item 21254 Computadores - Modelo 55;Computadores;58;901.28
11262;SKU-21255;Item 21255 Redes - Modelo 56;Redes;65;904.75
11263;SKU-21256;Item 21256 Impressão - Modelo 57;Impressão;72;908.22
11264;SKU-21257;Item 21257 Acessórios - Modelo 58;Acessórios;79;911.69
11265;SKU-21258;Item 21258 Armazenamento - Modelo 59;Armazenamento;86;915.16
11266;SKU-21259;Item 21259 Energia - Modelo 60;Energia;93;918.63
11267;SKU-21260;Item 21260 Periféricos - Modelo 61;Periféricos;100;922.10
11268;SKU-21261;Item 21261 Monitores - Modelo 62;Monitores;107;925.57
11269;SKU-21262;Item 21262 Áudio - Modelo 63;Áudio;114;929.04
11270;SKU-21263;Item 21263 Vídeo - Modelo 64;Vídeo;1;932.51
11271;SKU-21264;Item 21264 Computadores - Modelo 65;Computadores;8;935.98
11272;SKU-21265;Item 21265 Redes - Modelo 66;Redes;15;939.45
11273;SKU-21266;Item 21266 Impressão - Modelo 67;Impressão;22;942.92
11274;SKU-21267;Item 21267 Acessórios - Modelo 68;Acessórios;29;946.39
11275;SKU-21268;Item 21268 Armazenamento - Modelo 69;Armazenamento;36;949.86
11276;SKU-21269;Item 21269 Energia - Modelo 70;Energia;43;953.33
11277;SKU-21270;Item 21270 Periféricos - Modelo 71;Periféricos;50;956.80
11278;SKU-21271;Item 21271 Monitores - Modelo 72;Monitores;57;960.27
11279;SKU-21272;Item 21272 Áudio - Modelo 73;Áudio;64;963.74
11280;SKU-21273;Item 21273 Vídeo - Modelo 74;Vídeo;71;967.21
11281;SKU-21274;Item 21274 Computadores - Modelo 75;Computadores;78;970.68
11282;SKU-21275;Item 21275 Redes - Modelo 76;Redes;85;974.15
11283;SKU-21276;Item 21276 Impressão - Modelo 77;Impressão;92;977.62
11284;SKU-21277;Item 21277 Acessórios - Modelo 78;Acessórios;99;981.09
11285;SKU-21278;Item 21278 Armazenamento - Modelo 79;Armazenamento;106;984.56
11286;SKU-21279;Item 21279 Energia - Modelo 80;Energia;113;988.03
11287;SKU-21280;Item 21280 Periféricos - Modelo 81;Periféricos;0;991.50
11288;SKU-21281;Item 21281 Monitores - Modelo 82;Monitores;7;994.97
11289;SKU-21282;Item 21282 Áudio - Modelo 83;Áudio;14;998.44
11290;SKU-21283;Item 21283 Vídeo - Modelo 84;Vídeo;21;1001.91
11291;SKU-21284;Item 21284 Computadores - Modelo 85;Computadores;28;1005.38
11292;SKU-21285;Item 21285 Redes - Modelo 86;Redes;35;1008.85
11293;SKU-21286;Item 21286 Impressão - Modelo 87;Impressão;42;1012.32
11294;SKU-21287;Item 21287 Acessórios - Modelo 88;Acessórios;49;1015.79
11295;SKU-21288;Item 21288 Armazenamento - Modelo 89;Armazenamento;56;1019.26
11296;SKU-21289;Item 21289 Energia - Modelo 90;Energia;63;1022.73
11297;SKU-21290;Item 21290 Periféricos - Modelo 91;Periféricos;70;1026.20
11298;SKU-21291;Item 21291 Monitores - Modelo 92;Monitores;77;1029.67
11299;SKU-21292;Item 21292 Áudio - Modelo 93;Áudio;84;1033.14
11300;SKU-21293;Item 21293 Vídeo - Modelo 94;Vídeo;91;1036.61
11301;SKU-21294;Item 21294 Computadores - Modelo 95;Computadores;98;1040.08
11302;SKU-21295;Item 21295 Redes - Modelo 96;Redes;105;1043.55
11303;SKU-21296;Item 21296 Impressão - Modelo 97;Impressão;112;1047.02
11304;SKU-21297;Item 21297 Acessórios - Modelo 98;Acessórios;119;1050.49
11305;SKU-21298;Item 21298 Armazenamento - Modelo 99;Armazenamento;6;1053.96
11306;SKU-21299;Item 21299 Energia - Modelo 100;Energia;13;1057.43
11307;SKU-21300;Item 21300 Periféricos - Modelo 1;Periféricos;20;1060.90
11308;SKU-21301;Item 21301 Monitores - Modelo 2;Monitores;27;1064.37
11309;SKU-21302;Item 21302 Áudio - Modelo 3;Áudio;34;1067.84
11310;SKU-21303;Item 21303 Vídeo - Modelo 4;Vídeo;41;1071.31
11311;SKU-21304;Item 21304 Computadores - Modelo 5;Computadores;48;1074.78
11312;SKU-21305;Item 21305 Redes - Modelo 6;Redes;55;1078.25
11313;SKU-21306;Item 21306 Impressão - Modelo 7;Impressão;62;1081.72
11314;SKU-21307;Item 21307 Acessórios - Modelo 8;Acessórios;69;1085.19
11315;SKU-21308;Item 21308 Armazenamento - Modelo 9;Armazenamento;76;1088.66
11316;SKU-21309;Item 21309 Energia - Modelo 10;Energia;83;1092.13
11317;SKU-21310;Item 21310 Periféricos - Modelo 11;Periféricos;90;1095.60
11318;SKU-21311;Item 21311 Monitores - Modelo 12;Monitores;97;1099.07
11319;SKU-21312;Item 21312 Áudio - Modelo 13;Áudio;104;1102.54
11320;SKU-21313;Item 21313 Vídeo - Modelo 14;Vídeo;111;1106.01
11321;SKU-21314;Item 21314 Computadores - Modelo 15;Computadores;118;1109.48
11322;SKU-21315;Item 21315 Redes - Modelo 16;Redes;5;1112.95
11323;SKU-21316;Item 21316 Impressão - Modelo 17;Impressão;12;1116.42
11324;SKU-21317;Item 21317 Acessórios - Modelo 18;Acessórios;19;1119.89
11325;SKU-21318;Item 21318 Armazenamento - Modelo 19;Armazenamento;26;1123.36
11326;SKU-21319;Item 21319 Energia - Modelo 20;Energia;33;1126.83
11327;SKU-21320;Item 21320 Periféricos - Modelo 21;Periféricos;40;1130.30
11328;SKU-21321;Item 21321 Monitores - Modelo 22;Monitores;47;1133.77
11329;SKU-21322;Item 21322 Áudio - Modelo 23;Áudio;54;1137.24
11330;SKU-21323;Item 21323 Vídeo - Modelo 24;Vídeo;61;1140.71
11331;SKU-21324;Item 21324 Computadores - Modelo 25;Computadores;68;1144.18
11332;SKU-21325;Item 21325 Redes - Modelo 26;Redes;75;1147.65
11333;SKU-21326;Item 21326 Impressão - Modelo 27;Impressão;82;1151.12
11334;SKU-21327;Item 21327 Acessórios - Modelo 28;Acessórios;89;1154.59
11335;SKU-21328;Item 21328 Armazenamento - Modelo 29;Armazenamento;96;1158.06
11336;SKU-21329;Item 21329 Energia - Modelo 30;Energia;103;1161.53
11337;SKU-21330;Item 21330 Periféricos - Modelo 31;Periféricos;110;1165.00
11338;SKU-21331;Item 21331 Monitores - Modelo 32;Monitores;117;1168.47
11339;SKU-21332;Item 21332 Áudio - Modelo 33;Áudio;4;1171.94
11340;SKU-21333;Item 21333 Vídeo - Modelo 34;Vídeo;11;1175.41
11341;SKU-21334;Item 21334 Computadores - Modelo 35;Computadores;18;1178.88
11342;SKU-21335;Item 21335 Redes - Modelo 36;Redes;25;1182.35
11343;SKU-21336;Item 21336 Impressão - Modelo 37;Impressão;32;1185.82
11344;SKU-21337;Item 21337 Acessórios - Modelo 38;Acessórios;39;1189.29
11345;SKU-21338;Item 21338 Armazenamento - Modelo 39;Armazenamento;46;1192.76
11346;SKU-21339;Item 21339 Energia - Modelo 40;Energia;53;1196.23
11347;SKU-21340;Item 21340 Periféricos - Modelo 41;Periféricos;60;1199.70
11348;SKU-21341;Item 21341 Monitores - Modelo 42;Monitores;67;1203.17
11349;SKU-21342;Item 21342 Áudio - Modelo 43;Áudio;74;1206.64
11350;SKU-21343;Item 21343 Vídeo - Modelo 44;Vídeo;81;1210.11
11351;SKU-21344;Item 21344 Computadores - Modelo 45;Computadores;88;1213.58
11352;SKU-21345;Item 21345 Redes - Modelo 46;Redes;95;1217.05
11353;SKU-21346;Item 21346 Impressão - Modelo 47;Impressão;102;1220.52
11354;SKU-21347;Item 21347 Acessórios - Modelo 48;Acessórios;109;1223.99
11355;SKU-21348;Item 21348 Armazenamento - Modelo 49;Armazenamento;116;1227.46
11356;SKU-21349;Item 21349 Energia - Modelo 50;Energia;3;1230.93
11357;SKU-21350;Item 21350 Periféricos - Modelo 51;Periféricos;10;1234.40
11358;SKU-21351;Item 21351 Monitores - Modelo 52;Monitores;17;1237.87
11359;SKU-21352;Item 21352 Áudio - Modelo 53;Áudio;24;1241.34
11360;SKU-21353;Item 21353 Vídeo - Modelo 54;Vídeo;31;1244.81
11361;SKU-21354;Item 21354 Computadores - Modelo 55;Computadores;38;1248.28
11362;SKU-21355;Item 21355 Redes - Modelo 56;Redes;45;1251.75
11363;SKU-21356;Item 21356 Impressão - Modelo 57;Impressão;52;1255.22
11364;SKU-21357;Item 21357 Acessórios - Modelo 58;Acessórios;59;1258.69
11365;SKU-21358;Item 21358 Armazenamento - Modelo 59;Armazenamento;66;1262.16
11366;SKU-21359;Item 21359 Energia - Modelo 60;Energia;73;1265.63
11367;SKU-21360;Item 21360 Periféricos - Modelo 61;Periféricos;80;1269.10
11368;SKU-21361;Item 21361 Monitores - Modelo 62;Monitores;87;1272.57
11369;SKU-21362;Item 21362 Áudio - Modelo 63;Áudio;94;1276.04
11370;SKU-21363;Item 21363 Vídeo - Modelo 64;Vídeo;101;1279.51
11371;SKU-21364;Item 21364 Computadores - Modelo 65;Computadores;108;1282.98
11372;SKU-21365;Item 21365 Redes - Modelo 66;Redes;115;1286.45
11373;SKU-21366;Item 21366 Impressão - Modelo 67;Impressão;2;1289.92
11374;SKU-21367;Item 21367 Acessórios - Modelo 68;Acessórios;9;1293.39
11375;SKU-21368;Item 21368 Armazenamento - Modelo 69;Armazenamento;16;1296.86
11376;SKU-21369;Item 21369 Energia - Modelo 70;Energia;23;1300.33
11377;SKU-21370;Item 21370 Periféricos - Modelo 71;Periféricos;30;1303.80
11378;SKU-21371;Item 21371 Monitores - Modelo 72;Monitores;37;1307.27
11379;SKU-21372;Item 21372 Áudio - Modelo 73;Áudio;44;1310.74
11380;SKU-21373;Item 21373 Vídeo - Modelo 74;Vídeo;51;1314.21
11381;SKU-21374;Item 21374 Computadores - Modelo 75;Computadores;58;1317.68
11382;SKU-21375;Item 21375 Redes - Modelo 76;Redes;65;1321.15
11383;SKU-21376;Item 21376 Impressão - Modelo 77;Impressão;72;1324.62
11384;SKU-21377;Item 21377 Acessórios - Modelo 78;Acessórios;79;1328.09
11385;SKU-21378;Item 21378 Armazenamento - Modelo 79;Armazenamento;86;1331.56
11386;SKU-21379;Item 21379 Energia - Modelo 80;Energia;93;1335.03
11387;SKU-21380;Item 21380 Periféricos - Modelo 81;Periféricos;100;1338.50
11388;SKU-21381;Item 21381 Monitores - Modelo 82;Monitores;107;1341.97
11389;SKU-21382;Item 21382 Áudio - Modelo 83;Áudio;114;1345.44
11390;SKU-21383;Item 21383 Vídeo - Modelo 84;Vídeo;1;1348.91
11391;SKU-21384;Item 21384 Computadores - Modelo 85;Computadores;8;1352.38
11392;SKU-21385;Item 21385 Redes - Modelo 86;Redes;15;1355.85
11393;SKU-21386;Item 21386 Impressão - Modelo 87;Impressão;22;1359.32
11394;SKU-21387;Item 21387 Acessórios - Modelo 88;Acessórios;29;1362.79
11395;SKU-21388;Item 21388 Armazenamento - Modelo 89;Armazenamento;36;1366.26
11396;SKU-21389;Item 21389 Energia - Modelo 90;Energia;43;1369.73
11397;SKU-21390;Item 21390 Periféricos - Modelo 91;Periféricos;50;1373.20
11398;SKU-21391;Item 21391 Monitores - Modelo 92;Monitores;57;1376.67
11399;SKU-21392;Item 21392 Áudio - Modelo 93;Áudio;64;1380.14
11400;SKU-21393;Item 21393 Vídeo - Modelo 94;Vídeo;71;1383.61
11401;SKU-21394;Item 21394 Computadores - Modelo 95;Computadores;78;1387.08
11402;SKU-21395;Item 21395 Redes - Modelo 96;Redes;85;1390.55
11403;SKU-21396;Item 21396 Impressão - Modelo 97;Impressão;92;1394.02
11404;SKU-21397;Item 21397 Acessórios - Modelo 98;Acessórios;99;1397.49
11405;SKU-21398;Item 21398 Armazenamento - Modelo 99;Armazenamento;106;1400.96
11406;SKU-21399;Item 21399 Energia - Modelo 100;Energia;113;1404.43
11407;SKU-21400;Item 21400 Periféricos - Modelo 1;Periféricos;0;1407.90
11408;SKU-21401;Item 21401 Monitores - Modelo 2;Monitores;7;1411.37
11409;SKU-21402;Item 21402 Áudio - Modelo 3;Áudio;14;1414.84
11410;SKU-21403;Item 21403 Vídeo - Modelo 4;Vídeo;21;1418.31
11411;SKU-21404;Item 21404 Computadores - Modelo 5;Computadores;28;1421.78
11412;SKU-21405;Item 21405 Redes - Modelo 6;Redes;35;1425.25
11413;SKU-21406;Item 21406 Impressão - Modelo 7;Impressão;42;1428.72
11414;SKU-21407;Item 21407 Acessórios - Modelo 8;Acessórios;49;1432.19
11415;SKU-21408;Item 21408 Armazenamento - Modelo 9;Armazenamento;56;1435.66
11416;SKU-21409;Item 21409 Energia - Modelo 10;Energia;63;1439.13
11417;SKU-21410;Item 21410 Periféricos - Modelo 11;Periféricos;70;1442.60
11418;SKU-21411;Item 21411 Monitores - Modelo 12;Monitores;77;1446.07
11419;SKU-21412;Item 21412 Áudio - Modelo 13;Áudio;84;1449.54
11420;SKU-21413;Item 21413 Vídeo - Modelo 14;Vídeo;91;1453.01
11421;SKU-21414;Item 21414 Computadores - Modelo 15;Computadores;98;1456.48
11422;SKU-21415;Item 21415 Redes - Modelo 16;Redes;105;1459.95
11423;SKU-21416;Item 21416 Impressão - Modelo 17;Impressão;112;1463.42
11424;SKU-21417;Item 21417 Acessórios - Modelo 18;Acessórios;119;1466.89
11425;SKU-21418;Item 21418 Armazenamento - Modelo 19;Armazenamento;6;1470.36
11426;SKU-21419;Item 21419 Energia - Modelo 20;Energia;13;1473.83
11427;SKU-21420;Item 21420 Periféricos - Modelo 21;Periféricos;20;1477.30
11428;SKU-21421;Item 21421 Monitores - Modelo 22;Monitores;27;1480.77
11429;SKU-21422;Item 21422 Áudio - Modelo 23;Áudio;34;1484.24
11430;SKU-21423;Item 21423 Vídeo - Modelo 24;Vídeo;41;1487.71
11431;SKU-21424;Item 21424 Computadores - Modelo 25;Computadores;48;1491.18
11432;SKU-21425;Item 21425 Redes - Modelo 26;Redes;55;1494.65
11433;SKU-21426;Item 21426 Impressão - Modelo 27;Impressão;62;1498.12
11434;SKU-21427;Item 21427 Acessórios - Modelo 28;Acessórios;69;1501.59
11435;SKU-21428;Item 21428 Armazenamento - Modelo 29;Armazenamento;76;1505.06
11436;SKU-21429;Item 21429 Energia - Modelo 30;Energia;83;1508.53
11437;SKU-21430;Item 21430 Periféricos - Modelo 31;Periféricos;90;1512.00
11438;SKU-21431;Item 21431 Monitores - Modelo 32;Monitores;97;1515.47
11439;SKU-21432;Item 21432 Áudio - Modelo 33;Áudio;104;1518.94
11440;SKU-21433;Item 21433 Vídeo - Modelo 34;Vídeo;111;1522.41
11441;SKU-21434;Item 21434 Computadores - Modelo 35;Computadores;118;1525.88
11442;SKU-21435;Item 21435 Redes - Modelo 36;Redes;5;1529.35
11443;SKU-21436;Item 21436 Impressão - Modelo 37;Impressão;12;1532.82
11444;SKU-21437;Item 21437 Acessórios - Modelo 38;Acessórios;19;1536.29
11445;SKU-21438;Item 21438 Armazenamento - Modelo 39;Armazenamento;26;1539.76
11446;SKU-21439;Item 21439 Energia - Modelo 40;Energia;33;1543.23
11447;SKU-21440;Item 21440 Periféricos - Modelo 41;Periféricos;40;1546.70
11448;SKU-21441;Item 21441 Monitores - Modelo 42;Monitores;47;1550.17
11449;SKU-21442;Item 21442 Áudio - Modelo 43;Áudio;54;1553.64
11450;SKU-21443;Item 21443 Vídeo - Modelo 44;Vídeo;61;1557.11
11451;SKU-21444;Item 21444 Computadores - Modelo 45;Computadores;68;1560.58
11452;SKU-21445;Item 21445 Redes - Modelo 46;Redes;75;1564.05
11453;SKU-21446;Item 21446 Impressão - Modelo 47;Impressão;82;1567.52
11454;SKU-21447;Item 21447 Acessórios - Modelo 48;Acessórios;89;1570.99
11455;SKU-21448;Item 21448 Armazenamento - Modelo 49;Armazenamento;96;1574.46
11456;SKU-21449;Item 21449 Energia - Modelo 50;Energia;103;1577.93
11457;SKU-21450;Item 21450 Periféricos - Modelo 51;Periféricos;110;1581.40
11458;SKU-21451;Item 21451 Monitores - Modelo 52;Monitores;117;1584.87
11459;SKU-21452;Item 21452 Áudio - Modelo 53;Áudio;4;1588.34
11460;SKU-21453;Item 21453 Vídeo - Modelo 54;Vídeo;11;1591.81
11461;SKU-21454;Item 21454 Computadores - Modelo 55;Computadores;18;1595.28
11462;SKU-21455;Item 21455 Redes - Modelo 56;Redes;25;1598.75
11463;SKU-21456;Item 21456 Impressão - Modelo 57;Impressão;32;1602.22
11464;SKU-21457;Item 21457 Acessórios - Modelo 58;Acessórios;39;1605.69
11465;SKU-21458;Item 21458 Armazenamento - Modelo 59;Armazenamento;46;1609.16
11466;SKU-21459;Item 21459 Energia - Modelo 60;Energia;53;1612.63
11467;SKU-21460;Item 21460 Periféricos - Modelo 61;Periféricos;60;1616.10
11468;SKU-21461;Item 21461 Monitores - Modelo 62;Monitores;67;1619.57
11469;SKU-21462;Item 21462 Áudio - Modelo 63;Áudio;74;1623.04
11470;SKU-21463;Item 21463 Vídeo - Modelo 64;Vídeo;81;1626.51
11471;SKU-21464;Item 21464 Computadores - Modelo 65;Computadores;88;1629.98
11472;SKU-21465;Item 21465 Redes - Modelo 66;Redes;95;1633.45
11473;SKU-21466;Item 21466 Impressão - Modelo 67;Impressão;102;1636.92
11474;SKU-21467;Item 21467 Acessórios - Modelo 68;Acessórios;109;1640.39
11475;SKU-21468;Item 21468 Armazenamento - Modelo 69;Armazenamento;116;1643.86
11476;SKU-21469;Item 21469 Energia - Modelo 70;Energia;3;1647.33
11477;SKU-21470;Item 21470 Periféricos - Modelo 71;Periféricos;10;1650.80
11478;SKU-21471;Item 21471 Monitores - Modelo 72;Monitores;17;1654.27
11479;SKU-21472;Item 21472 Áudio - Modelo 73;Áudio;24;1657.74
11480;SKU-21473;Item 21473 Vídeo - Modelo 74;Vídeo;31;1661.21
11481;SKU-21474;Item 21474 Computadores - Modelo 75;Computadores;38;1664.68
11482;SKU-21475;Item 21475 Redes - Modelo 76;Redes;45;1668.15
11483;SKU-21476;Item 21476 Impressão - Modelo 77;Impressão;52;1671.62
11484;SKU-21477;Item 21477 Acessórios - Modelo 78;Acessórios;59;1675.09
11485;SKU-21478;Item 21478 Armazenamento - Modelo 79;Armazenamento;66;1678.56
11486;SKU-21479;Item 21479 Energia - Modelo 80;Energia;73;1682.03
11487;SKU-21480;Item 21480 Periféricos - Modelo 81;Periféricos;80;1685.50
11488;SKU-21481;Item 21481 Monitores - Modelo 82;Monitores;87;1688.97
11489;SKU-21482;Item 21482 Áudio - Modelo 83;Áudio;94;1692.44
11490;SKU-21483;Item 21483 Vídeo - Modelo 84;Vídeo;101;1695.91
11491;SKU-21484;Item 21484 Computadores - Modelo 85;Computadores;108;1699.38
11492;SKU-21485;Item 21485 Redes - Modelo 86;Redes;115;1702.85
11493;SKU-21486;Item 21486 Impressão - Modelo 87;Impressão;2;1706.32
11494;SKU-21487;Item 21487 Acessórios - Modelo 88;Acessórios;9;1709.79
11495;SKU-21488;Item 21488 Armazenamento - Modelo 89;Armazenamento;16;1713.26
11496;SKU-21489;Item 21489 Energia - Modelo 90;Energia;23;1716.73
11497;SKU-21490;Item 21490 Periféricos - Modelo 91;Periféricos;30;1720.20
11498;SKU-21491;Item 21491 Monitores - Modelo 92;Monitores;37;1723.67
11499;SKU-21492;Item 21492 Áudio - Modelo 93;Áudio;44;1727.14
11500;SKU-21493;Item 21493 Vídeo - Modelo 94;Vídeo;51;1730.61
11501;SKU-21494;Item 21494 Computadores - Modelo 95;Computadores;58;1734.08
11502;SKU-21495;Item 21495 Redes - Modelo 96;Redes;65;1737.55
11503;SKU-21496;Item 21496 Impressão - Modelo 97;Impressão;72;1741.02
11504;SKU-21497;Item 21497 Acessórios - Modelo 98;Acessórios;79;1744.49
11505;SKU-21498;Item 21498 Armazenamento - Modelo 99;Armazenamento;86;1747.96
11506;SKU-21499;Item 21499 Energia - Modelo 100;Energia;93;1751.43
11507;SKU-21500;Item 21500 Periféricos - Modelo 1;Periféricos;100;19.90
11508;SKU-21501;Item 21501 Monitores - Modelo 2;Monitores;107;23.37
11509;SKU-21502;Item 21502 Áudio - Modelo 3;Áudio;114;26.84
11510;SKU-21503;Item 21503 Vídeo - Modelo 4;Vídeo;1;30.31
11511;SKU-21504;Item 21504 Computadores - Modelo 5;Computadores;8;33.78
11512;SKU-21505;Item 21505 Redes - Modelo 6;Redes;15;37.25
11513;SKU-21506;Item 21506 Impressão - Modelo 7;Impressão;22;40.72
11514;SKU-21507;Item 21507 Acessórios - Modelo 8;Acessórios;29;44.19
11515;SKU-21508;Item 21508 Armazenamento - Modelo 9;Armazenamento;36;47.66
11516;SKU-21509;Item 21509 Energia - Modelo 10;Energia;43;51.13
11517;SKU-21510;Item 21510 Periféricos - Modelo 11;Periféricos;50;54.60
11518;SKU-21511;Item 21511 Monitores - Modelo 12;Monitores;57;58.07
11519;SKU-21512;Item 21512 Áudio - Modelo 13;Áudio;64;61.54
11520;SKU-21513;Item 21513 Vídeo - Modelo 14;Vídeo;71;65.01
11521;SKU-21514;Item 21514 Computadores - Modelo 15;Computadores;78;68.48
11522;SKU-21515;Item 21515 Redes - Modelo 16;Redes;85;71.95
11523;SKU-21516;Item 21516 Impressão - Modelo 17;Impressão;92;75.42
11524;SKU-21517;Item 21517 Acessórios - Modelo 18;Acessórios;99;78.89
11525;SKU-21518;Item 21518 Armazenamento - Modelo 19;Armazenamento;106;82.36
11526;SKU-21519;Item 21519 Energia - Modelo 20;Energia;113;85.83
11527;SKU-21520;Item 21520 Periféricos - Modelo 21;Periféricos;0;89.30
11528;SKU-21521;Item 21521 Monitores - Modelo 22;Monitores;7;92.77
11529;SKU-21522;Item 21522 Áudio - Modelo 23;Áudio;14;96.24
11530;SKU-21523;Item 21523 Vídeo - Modelo 24;Vídeo;21;99.71
11531;SKU-21524;Item 21524 Computadores - Modelo 25;Computadores;28;103.18
11532;SKU-21525;Item 21525 Redes - Modelo 26;Redes;35;106.65
11533;SKU-21526;Item 21526 Impressão - Modelo 27;Impressão;42;110.12
11534;SKU-21527;Item 21527 Acessórios - Modelo 28;Acessórios;49;113.59
11535;SKU-21528;Item 21528 Armazenamento - Modelo 29;Armazenamento;56;117.06
11536;SKU-21529;Item 21529 Energia - Modelo 30;Energia;63;120.53
11537;SKU-21530;Item 21530 Periféricos - Modelo 31;Periféricos;70;124.00
11538;SKU-21531;Item 21531 Monitores - Modelo 32;Monitores;77;127.47
11539;SKU-21532;Item 21532 Áudio - Modelo 33;Áudio;84;130.94
11540;SKU-21533;Item 21533 Vídeo - Modelo 34;Vídeo;91;134.41
11541;SKU-21534;Item 21534 Computadores - Modelo 35;Computadores;98;137.88
11542;SKU-21535;Item 21535 Redes - Modelo 36;Redes;105;141.35
11543;SKU-21536;Item 21536 Impressão - Modelo 37;Impressão;112;144.82
11544;SKU-21537;Item 21537 Acessórios - Modelo 38;Acessórios;119;148.29
11545;SKU-21538;Item 21538 Armazenamento - Modelo 39;Armazenamento;6;151.76
11546;SKU-21539;Item 21539 Energia - Modelo 40;Energia;13;155.23
11547;SKU-21540;Item 21540 Periféricos - Modelo 41;Periféricos;20;158.70
11548;SKU-21541;Item 21541 Monitores - Modelo 42;Monitores;27;162.17
11549;SKU-21542;Item 21542 Áudio - Modelo 43;Áudio;34;165.64
11550;SKU-21543;Item 21543 Vídeo - Modelo 44;Vídeo;41;169.11
11551;SKU-21544;Item 21544 Computadores - Modelo 45;Computadores;48;172.58
11552;SKU-21545;Item 21545 Redes - Modelo 46;Redes;55;176.05
11553;SKU-21546;Item 21546 Impressão - Modelo 47;Impressão;62;179.52
11554;SKU-21547;Item 21547 Acessórios - Modelo 48;Acessórios;69;182.99
11555;SKU-21548;Item 21548 Armazenamento - Modelo 49;Armazenamento;76;186.46
11556;SKU-21549;Item 21549 Energia - Modelo 50;Energia;83;189.93
11557;SKU-21550;Item 21550 Periféricos - Modelo 51;Periféricos;90;193.40
11558;SKU-21551;Item 21551 Monitores - Modelo 52;Monitores;97;196.87
11559;SKU-21552;Item 21552 Áudio - Modelo 53;Áudio;104;200.34
11560;SKU-21553;Item 21553 Vídeo - Modelo 54;Vídeo;111;203.81
11561;SKU-21554;Item 21554 Computadores - Modelo 55;Computadores;118;207.28
11562;SKU-21555;Item 21555 Redes - Modelo 56;Redes;5;210.75
11563;SKU-21556;Item 21556 Impressão - Modelo 57;Impressão;12;214.22
11564;SKU-21557;Item 21557 Acessórios - Modelo 58;Acessórios;19;217.69
11565;SKU-21558;Item 21558 Armazenamento - Modelo 59;Armazenamento;26;221.16
11566;SKU-21559;Item 21559 Energia - Modelo 60;Energia;33;224.63
11567;SKU-21560;Item 21560 Periféricos - Modelo 61;Periféricos;40;228.10
11568;SKU-21561;Item 21561 Monitores - Modelo 62;Monitores;47;231.57
11569;SKU-21562;Item 21562 Áudio - Modelo 63;Áudio;54;235.04
11570;SKU-21563;Item 21563 Vídeo - Modelo 64;Vídeo;61;238.51
11571;SKU-21564;Item 21564 Computadores - Modelo 65;Computadores;68;241.98
11572;SKU-21565;Item 21565 Redes - Modelo 66;Redes;75;245.45
11573;SKU-21566;Item 21566 Impressão - Modelo 67;Impressão;82;248.92
11574;SKU-21567;Item 21567 Acessórios - Modelo 68;Acessórios;89;252.39
11575;SKU-21568;Item 21568 Armazenamento - Modelo 69;Armazenamento;96;255.86
11576;SKU-21569;Item 21569 Energia - Modelo 70;Energia;103;259.33
11577;SKU-21570;Item 21570 Periféricos - Modelo 71;Periféricos;110;262.80
11578;SKU-21571;Item 21571 Monitores - Modelo 72;Monitores;117;266.27
11579;SKU-21572;Item 21572 Áudio - Modelo 73;Áudio;4;269.74
11580;SKU-21573;Item 21573 Vídeo - Modelo 74;Vídeo;11;273.21
11581;SKU-21574;Item 21574 Computadores - Modelo 75;Computadores;18;276.68
11582;SKU-21575;Item 21575 Redes - Modelo 76;Redes;25;280.15
11583;SKU-21576;Item 21576 Impressão - Modelo 77;Impressão;32;283.62
11584;SKU-21577;Item 21577 Acessórios - Modelo 78;Acessórios;39;287.09
11585;SKU-21578;Item 21578 Armazenamento - Modelo 79;Armazenamento;46;290.56
11586;SKU-21579;Item 21579 Energia - Modelo 80;Energia;53;294.03
11587;SKU-21580;Item 21580 Periféricos - Modelo 81;Periféricos;60;297.50
11588;SKU-21581;Item 21581 Monitores - Modelo 82;Monitores;67;300.97
11589;SKU-21582;Item 21582 Áudio - Modelo 83;Áudio;74;304.44
11590;SKU-21583;Item 21583 Vídeo - Modelo 84;Vídeo;81;307.91
11591;SKU-21584;Item 21584 Computadores - Modelo 85;Computadores;88;311.38
11592;SKU-21585;Item 21585 Redes - Modelo 86;Redes;95;314.85
11593;SKU-21586;Item 21586 Impressão - Modelo 87;Impressão;102;318.32
11594;SKU-21587;Item 21587 Acessórios - Modelo 88;Acessórios;109;321.79
11595;SKU-21588;Item 21588 Armazenamento - Modelo 89;Armazenamento;116;325.26
11596;SKU-21589;Item 21589 Energia - Modelo 90;Energia;3;328.73
11597;SKU-21590;Item 21590 Periféricos - Modelo 91;Periféricos;10;332.20
11598;SKU-21591;Item 21591 Monitores - Modelo 92;Monitores;17;335.67
11599;SKU-21592;Item 21592 Áudio - Modelo 93;Áudio;24;339.14
11600;SKU-21593;Item 21593 Vídeo - Modelo 94;Vídeo;31;342.61
11601;SKU-21594;Item 21594 Computadores - Modelo 95;Computadores;38;346.08
11602;SKU-21595;Item 21595 Redes - Modelo 96;Redes;45;349.55
11603;SKU-21596;Item 21596 Impressão - Modelo 97;Impressão;52;353.02
11604;SKU-21597;Item 21597 Acessórios - Modelo 98;Acessórios;59;356.49
11605;SKU-21598;Item 21598 Armazenamento - Modelo 99;Armazenamento;66;359.96
11606;SKU-21599;Item 21599 Energia - Modelo 100;Energia;73;363.43
11607;SKU-21600;Item 21600 Periféricos - Modelo 1;Periféricos;80;366.90
11608;SKU-21601;Item 21601 Monitores - Modelo 2;Monitores;87;370.37
11609;SKU-21602;Item 21602 Áudio - Modelo 3;Áudio;94;373.84
11610;SKU-21603;Item 21603 Vídeo - Modelo 4;Vídeo;101;377.31
11611;SKU-21604;Item 21604 Computadores - Modelo 5;Computadores;108;380.78
11612;SKU-21605;Item 21605 Redes - Modelo 6;Redes;115;384.25
11613;SKU-21606;Item 21606 Impressão - Modelo 7;Impressão;2;387.72
11614;SKU-21607;Item 21607 Acessórios - Modelo 8;Acessórios;9;391.19
11615;SKU-21608;Item 21608 Armazenamento - Modelo 9;Armazenamento;16;394.66
11616;SKU-21609;Item 21609 Energia - Modelo 10;Energia;23;398.13
11617;SKU-21610;Item 21610 Periféricos - Modelo 11;Periféricos;30;401.60
11618;SKU-21611;Item 21611 Monitores - Modelo 12;Monitores;37;405.07
11619;SKU-21612;Item 21612 Áudio - Modelo 13;Áudio;44;408.54
11620;SKU-21613;Item 21613 Vídeo - Modelo 14;Vídeo;51;412.01
11621;SKU-21614;Item 21614 Computadores - Modelo 15;Computadores;58;415.48
11622;SKU-21615;Item 21615 Redes - Modelo 16;Redes;65;418.95
11623;SKU-21616;Item 21616 Impressão - Modelo 17;Impressão;72;422.42
11624;SKU-21617;Item 21617 Acessórios - Modelo 18;Acessórios;79;425.89
11625;SKU-21618;Item 21618 Armazenamento - Modelo 19;Armazenamento;86;429.36
11626;SKU-21619;Item 21619 Energia - Modelo 20;Energia;93;432.83
11627;SKU-21620;Item 21620 Periféricos - Modelo 21;Periféricos;100;436.30
11628;SKU-21621;Item 21621 Monitores - Modelo 22;Monitores;107;439.77
11629;SKU-21622;Item 21622 Áudio - Modelo 23;Áudio;114;443.24
11630;SKU-21623;Item 21623 Vídeo - Modelo 24;Vídeo;1;446.71
11631;SKU-21624;Item 21624 Computadores - Modelo 25;Computadores;8;450.18
11632;SKU-21625;Item 21625 Redes - Modelo 26;Redes;15;453.65
11633;SKU-21626;Item 21626 Impressão - Modelo 27;Impressão;22;457.12
11634;SKU-21627;Item 21627 Acessórios - Modelo 28;Acessórios;29;460.59
11635;SKU-21628;Item 21628 Armazenamento - Modelo 29;Armazenamento;36;464.06
11636;SKU-21629;Item 21629 Energia - Modelo 30;Energia;43;467.53
11637;SKU-21630;Item 21630 Periféricos - Modelo 31;Periféricos;50;471.00
11638;SKU-21631;Item 21631 Monitores - Modelo 32;Monitores;57;474.47
11639;SKU-21632;Item 21632 Áudio - Modelo 33;Áudio;64;477.94
11640;SKU-21633;Item 21633 Vídeo - Modelo 34;Vídeo;71;481.41
11641;SKU-21634;Item 21634 Computadores - Modelo 35;Computadores;78;484.88
11642;SKU-21635;Item 21635 Redes - Modelo 36;Redes;85;488.35
11643;SKU-21636;Item 21636 Impressão - Modelo 37;Impressão;92;491.82
11644;SKU-21637;Item 21637 Acessórios - Modelo 38;Acessórios;99;495.29
11645;SKU-21638;Item 21638 Armazenamento - Modelo 39;Armazenamento;106;498.76
11646;SKU-21639;Item 21639 Energia - Modelo 40;Energia;113;502.23
11647;SKU-21640;Item 21640 Periféricos - Modelo 41;Periféricos;0;505.70
11648;SKU-21641;Item 21641 Monitores - Modelo 42;Monitores;7;509.17
11649;SKU-21642;Item 21642 Áudio - Modelo 43;Áudio;14;512.64
11650;SKU-21643;Item 21643 Vídeo - Modelo 44;Vídeo;21;516.11
11651;SKU-21644;Item 21644 Computadores - Modelo 45;Computadores;28;519.58
11652;SKU-21645;Item 21645 Redes - Modelo 46;Redes;35;523.05
11653;SKU-21646;Item 21646 Impressão - Modelo 47;Impressão;42;526.52
11654;SKU-21647;Item 21647 Acessórios - Modelo 48;Acessórios;49;529.99
11655;SKU-21648;Item 21648 Armazenamento - Modelo 49;Armazenamento;56;533.46
11656;SKU-21649;Item 21649 Energia - Modelo 50;Energia;63;536.93
11657;SKU-21650;Item 21650 Periféricos - Modelo 51;Periféricos;70;540.40
11658;SKU-21651;Item 21651 Monitores - Modelo 52;Monitores;77;543.87
11659;SKU-21652;Item 21652 Áudio - Modelo 53;Áudio;84;547.34
11660;SKU-21653;Item 21653 Vídeo - Modelo 54;Vídeo;91;550.81
11661;SKU-21654;Item 21654 Computadores - Modelo 55;Computadores;98;554.28
11662;SKU-21655;Item 21655 Redes - Modelo 56;Redes;105;557.75
11663;SKU-21656;Item 21656 Impressão - Modelo 57;Impressão;112;561.22
11664;SKU-21657;Item 21657 Acessórios - Modelo 58;Acessórios;119;564.69
11665;SKU-21658;Item 21658 Armazenamento - Modelo 59;Armazenamento;6;568.16
11666;SKU-21659;Item 21659 Energia - Modelo 60;Energia;13;571.63
11667;SKU-21660;Item 21660 Periféricos - Modelo 61;Periféricos;20;575.10
11668;SKU-21661;Item 21661 Monitores - Modelo 62;Monitores;27;578.57
11669;SKU-21662;Item 21662 Áudio - Modelo 63;Áudio;34;582.04
11670;SKU-21663;Item 21663 Vídeo - Modelo 64;Vídeo;41;585.51
11671;SKU-21664;Item 21664 Computadores - Modelo 65;Computadores;48;588.98
11672;SKU-21665;Item 21665 Redes - Modelo 66;Redes;55;592.45
11673;SKU-21666;Item 21666 Impressão - Modelo 67;Impressão;62;595.92
11674;SKU-21667;Item 21667 Acessórios - Modelo 68;Acessórios;69;599.39
11675;SKU-21668;Item 21668 Armazenamento - Modelo 69;Armazenamento;76;602.86
11676;SKU-21669;Item 21669 Energia - Modelo 70;Energia;83;606.33
11677;SKU-21670;Item 21670 Periféricos - Modelo 71;Periféricos;90;609.80
11678;SKU-21671;Item 21671 Monitores - Modelo 72;Monitores;97;613.27
11679;SKU-21672;Item 21672 Áudio - Modelo 73;Áudio;104;616.74
11680;SKU-21673;Item 21673 Vídeo - Modelo 74;Vídeo;111;620.21
11681;SKU-21674;Item 21674 Computadores - Modelo 75;Computadores;118;623.68
11682;SKU-21675;Item 21675 Redes - Modelo 76;Redes;5;627.15
11683;SKU-21676;Item 21676 Impressão - Modelo 77;Impressão;12;630.62
11684;SKU-21677;Item 21677 Acessórios - Modelo 78;Acessórios;19;634.09
11685;SKU-21678;Item 21678 Armazenamento - Modelo 79;Armazenamento;26;637.56
11686;SKU-21679;Item 21679 Energia - Modelo 80;Energia;33;641.03
11687;SKU-21680;Item 21680 Periféricos - Modelo 81;Periféricos;40;644.50
11688;SKU-21681;Item 21681 Monitores - Modelo 82;Monitores;47;647.97
11689;SKU-21682;Item 21682 Áudio - Modelo 83;Áudio;54;651.44
11690;SKU-21683;Item 21683 Vídeo - Modelo 84;Vídeo;61;654.91
11691;SKU-21684;Item 21684 Computadores - Modelo 85;Computadores;68;658.38
11692;SKU-21685;Item 21685 Redes - Modelo 86;Redes;75;661.85
11693;SKU-21686;Item 21686 Impressão - Modelo 87;Impressão;82;665.32
11694;SKU-21687;Item 21687 Acessórios - Modelo 88;Acessórios;89;668.79
11695;SKU-21688;Item 21688 Armazenamento - Modelo 89;Armazenamento;96;672.26
11696;SKU-21689;Item 21689 Energia - Modelo 90;Energia;103;675.73
11697;SKU-21690;Item 21690 Periféricos - Modelo 91;Periféricos;110;679.20
11698;SKU-21691;Item 21691 Monitores - Modelo 92;Monitores;117;682.67
11699;SKU-21692;Item 21692 Áudio - Modelo 93;Áudio;4;686.14
11700;SKU-21693;Item 21693 Vídeo - Modelo 94;Vídeo;11;689.61
11701;SKU-21694;Item 21694 Computadores - Modelo 95;Computadores;18;693.08
11702;SKU-21695;Item 21695 Redes - Modelo 96;Redes;25;696.55
11703;SKU-21696;Item 21696 Impressão - Modelo 97;Impressão;32;700.02
11704;SKU-21697;Item 21697 Acessórios - Modelo 98;Acessórios;39;703.49
11705;SKU-21698;Item 21698 Armazenamento - Modelo 99;Armazenamento;46;706.96
11706;SKU-21699;Item 21699 Energia - Modelo 100;Energia;53;710.43
11707;SKU-21700;Item 21700 Periféricos - Modelo 1;Periféricos;60;713.90
11708;SKU-21701;Item 21701 Monitores - Modelo 2;Monitores;67;717.37
11709;SKU-21702;Item 21702 Áudio - Modelo 3;Áudio;74;720.84
11710;SKU-21703;Item 21703 Vídeo - Modelo 4;Vídeo;81;724.31
11711;SKU-21704;Item 21704 Computadores - Modelo 5;Computadores;88;727.78
11712;SKU-21705;Item 21705 Redes - Modelo 6;Redes;95;731.25
11713;SKU-21706;Item 21706 Impressão - Modelo 7;Impressão;102;734.72
11714;SKU-21707;Item 21707 Acessórios - Modelo 8;Acessórios;109;738.19
11715;SKU-21708;Item 21708 Armazenamento - Modelo 9;Armazenamento;116;741.66
11716;SKU-21709;Item 21709 Energia - Modelo 10;Energia;3;745.13
11717;SKU-21710;Item 21710 Periféricos - Modelo 11;Periféricos;10;748.60
11718;SKU-21711;Item 21711 Monitores - Modelo 12;Monitores;17;752.07
11719;SKU-21712;Item 21712 Áudio - Modelo 13;Áudio;24;755.54
11720;SKU-21713;Item 21713 Vídeo - Modelo 14;Vídeo;31;759.01
11721;SKU-21714;Item 21714 Computadores - Modelo 15;Computadores;38;762.48
11722;SKU-21715;Item 21715 Redes - Modelo 16;Redes;45;765.95
11723;SKU-21716;Item 21716 Impressão - Modelo 17;Impressão;52;769.42
11724;SKU-21717;Item 21717 Acessórios - Modelo 18;Acessórios;59;772.89
11725;SKU-21718;Item 21718 Armazenamento - Modelo 19;Armazenamento;66;776.36
11726;SKU-21719;Item 21719 Energia - Modelo 20;Energia;73;779.83
11727;SKU-21720;Item 21720 Periféricos - Modelo 21;Periféricos;80;783.30
11728;SKU-21721;Item 21721 Monitores - Modelo 22;Monitores;87;786.77
11729;SKU-21722;Item 21722 Áudio - Modelo 23;Áudio;94;790.24
11730;SKU-21723;Item 21723 Vídeo - Modelo 24;Vídeo;101;793.71
11731;SKU-21724;Item 21724 Computadores - Modelo 25;Computadores;108;797.18
11732;SKU-21725;Item 21725 Redes - Modelo 26;Redes;115;800.65
11733;SKU-21726;Item 21726 Impressão - Modelo 27;Impressão;2;804.12
11734;SKU-21727;Item 21727 Acessórios - Modelo 28;Acessórios;9;807.59
11735;SKU-21728;Item 21728 Armazenamento - Modelo 29;Armazenamento;16;811.06
11736;SKU-21729;Item 21729 Energia - Modelo 30;Energia;23;814.53
11737;SKU-21730;Item 21730 Periféricos - Modelo 31;Periféricos;30;818.00
11738;SKU-21731;Item 21731 Monitores - Modelo 32;Monitores;37;821.47
11739;SKU-21732;Item 21732 Áudio - Modelo 33;Áudio;44;824.94
11740;SKU-21733;Item 21733 Vídeo - Modelo 34;Vídeo;51;828.41
11741;SKU-21734;Item 21734 Computadores - Modelo 35;Computadores;58;831.88
11742;SKU-21735;Item 21735 Redes - Modelo 36;Redes;65;835.35
11743;SKU-21736;Item 21736 Impressão - Modelo 37;Impressão;72;838.82
11744;SKU-21737;Item 21737 Acessórios - Modelo 38;Acessórios;79;842.29
11745;SKU-21738;Item 21738 Armazenamento - Modelo 39;Armazenamento;86;845.76
11746;SKU-21739;Item 21739 Energia - Modelo 40;Energia;93;849.23
11747;SKU-21740;Item 21740 Periféricos - Modelo 41;Periféricos;100;852.70
11748;SKU-21741;Item 21741 Monitores - Modelo 42;Monitores;107;856.17
11749;SKU-21742;Item 21742 Áudio - Modelo 43;Áudio;114;859.64
11750;SKU-21743;Item 21743 Vídeo - Modelo 44;Vídeo;1;863.11
11751;SKU-21744;Item 21744 Computadores - Modelo 45;Computadores;8;866.58
11752;SKU-21745;Item 21745 Redes - Modelo 46;Redes;15;870.05
11753;SKU-21746;Item 21746 Impressão - Modelo 47;Impressão;22;873.52
11754;SKU-21747;Item 21747 Acessórios - Modelo 48;Acessórios;29;876.99
11755;SKU-21748;Item 21748 Armazenamento - Modelo 49;Armazenamento;36;880.46
11756;SKU-21749;Item 21749 Energia - Modelo 50;Energia;43;883.93
11757;SKU-21750;Item 21750 Periféricos - Modelo 51;Periféricos;50;887.40
11758;SKU-21751;Item 21751 Monitores - Modelo 52;Monitores;57;890.87
11759;SKU-21752;Item 21752 Áudio - Modelo 53;Áudio;64;894.34
11760;SKU-21753;Item 21753 Vídeo - Modelo 54;Vídeo;71;897.81
11761;SKU-21754;Item 21754 Computadores - Modelo 55;Computadores;78;901.28
11762;SKU-21755;Item 21755 Redes - Modelo 56;Redes;85;904.75
11763;SKU-21756;Item 21756 Impressão - Modelo 57;Impressão;92;908.22
11764;SKU-21757;Item 21757 Acessórios - Modelo 58;Acessórios;99;911.69
11765;SKU-21758;Item 21758 Armazenamento - Modelo 59;Armazenamento;106;915.16
11766;SKU-21759;Item 21759 Energia - Modelo 60;Energia;113;918.63
11767;SKU-21760;Item 21760 Periféricos - Modelo 61;Periféricos;0;922.10
11768;SKU-21761;Item 21761 Monitores - Modelo 62;Monitores;7;925.57
11769;SKU-21762;Item 21762 Áudio - Modelo 63;Áudio;14;929.04
11770;SKU-21763;Item 21763 Vídeo - Modelo 64;Vídeo;21;932.51
11771;SKU-21764;Item 21764 Computadores - Modelo 65;Computadores;28;935.98
11772;SKU-21765;Item 21765 Redes - Modelo 66;Redes;35;939.45
11773;SKU-21766;Item 21766 Impressão - Modelo 67;Impressão;42;942.92
11774;SKU-21767;Item 21767 Acessórios - Modelo 68;Acessórios;49;946.39
11775;SKU-21768;Item 21768 Armazenamento - Modelo 69;Armazenamento;56;949.86
11776;SKU-21769;Item 21769 Energia - Modelo 70;Energia;63;953.33
11777;SKU-21770;Item 21770 Periféricos - Modelo 71;Periféricos;70;956.80
11778;SKU-21771;Item 21771 Monitores - Modelo 72;Monitores;77;960.27
11779;SKU-21772;Item 21772 Áudio - Modelo 73;Áudio;84;963.74
11780;SKU-21773;Item 21773 Vídeo - Modelo 74;Vídeo;91;967.21
11781;SKU-21774;Item 21774 Computadores - Modelo 75;Computadores;98;970.68
11782;SKU-21775;Item 21775 Redes - Modelo 76;Redes;105;974.15
11783;SKU-21776;Item 21776 Impressão - Modelo 77;Impressão;112;977.62
11784;SKU-21777;Item 21777 Acessórios - Modelo 78;Acessórios;119;981.09
11785;SKU-21778;Item 21778 Armazenamento - Modelo 79;Armazenamento;6;984.56
11786;SKU-21779;Item 21779 Energia - Modelo 80;Energia;13;988.03
11787;SKU-21780;Item 21780 Periféricos - Modelo 81;Periféricos;20;991.50
11788;SKU-21781;Item 21781 Monitores - Modelo 82;Monitores;27;994.97
11789;SKU-21782;Item 21782 Áudio - Modelo 83;Áudio;34;998.44
11790;SKU-21783;Item 21783 Vídeo - Modelo 84;Vídeo;41;1001.91
11791;SKU-21784;Item 21784 Computadores - Modelo 85;Computadores;48;1005.38
11792;SKU-21785;Item 21785 Redes - Modelo 86;Redes;55;1008.85
11793;SKU-21786;Item 21786 Impressão - Modelo 87;Impressão;62;1012.32
11794;SKU-21787;Item 21787 Acessórios - Modelo 88;Acessórios;69;1015.79
11795;SKU-21788;Item 21788 Armazenamento - Modelo 89;Armazenamento;76;1019.26
11796;SKU-21789;Item 21789 Energia - Modelo 90;Energia;83;1022.73
11797;SKU-21790;Item 21790 Periféricos - Modelo 91;Periféricos;90;1026.20
11798;SKU-21791;Item 21791 Monitores - Modelo 92;Monitores;97;1029.67
11799;SKU-21792;Item 21792 Áudio - Modelo 93;Áudio;104;1033.14
11800;SKU-21793;Item 21793 Vídeo - Modelo 94;Vídeo;111;1036.61
11801;SKU-21794;Item 21794 Computadores - Modelo 95;Computadores;118;1040.08
11802;SKU-21795;Item 21795 Redes - Modelo 96;Redes;5;1043.55
11803;SKU-21796;Item 21796 Impressão - Modelo 97;Impressão;12;1047.02
11804;SKU-21797;Item 21797 Acessórios - Modelo 98;Acessórios;19;1050.49
11805;SKU-21798;Item 21798 Armazenamento - Modelo 99;Armazenamento;26;1053.96
11806;SKU-21799;Item 21799 Energia - Modelo 100;Energia;33;1057.43
11807;SKU-21800;Item 21800 Periféricos - Modelo 1;Periféricos;40;1060.90
11808;SKU-21801;Item 21801 Monitores - Modelo 2;Monitores;47;1064.37
11809;SKU-21802;Item 21802 Áudio - Modelo 3;Áudio;54;1067.84
11810;SKU-21803;Item 21803 Vídeo - Modelo 4;Vídeo;61;1071.31
11811;SKU-21804;Item 21804 Computadores - Modelo 5;Computadores;68;1074.78
11812;SKU-21805;Item 21805 Redes - Modelo 6;Redes;75;1078.25
11813;SKU-21806;Item 21806 Impressão - Modelo 7;Impressão;82;1081.72
11814;SKU-21807;Item 21807 Acessórios - Modelo 8;Acessórios;89;1085.19
11815;SKU-21808;Item 21808 Armazenamento - Modelo 9;Armazenamento;96;1088.66
11816;SKU-21809;Item 21809 Energia - Modelo 10;Energia;103;1092.13
11817;SKU-21810;Item 21810 Periféricos - Modelo 11;Periféricos;110;1095.60
11818;SKU-21811;Item 21811 Monitores - Modelo 12;Monitores;117;1099.07
11819;SKU-21812;Item 21812 Áudio - Modelo 13;Áudio;4;1102.54
11820;SKU-21813;Item 21813 Vídeo - Modelo 14;Vídeo;11;1106.01
11821;SKU-21814;Item 21814 Computadores - Modelo 15;Computadores;18;1109.48
11822;SKU-21815;Item 21815 Redes - Modelo 16;Redes;25;1112.95
11823;SKU-21816;Item 21816 Impressão - Modelo 17;Impressão;32;1116.42
11824;SKU-21817;Item 21817 Acessórios - Modelo 18;Acessórios;39;1119.89
11825;SKU-21818;Item 21818 Armazenamento - Modelo 19;Armazenamento;46;1123.36
11826;SKU-21819;Item 21819 Energia - Modelo 20;Energia;53;1126.83
11827;SKU-21820;Item 21820 Periféricos - Modelo 21;Periféricos;60;1130.30
11828;SKU-21821;Item 21821 Monitores - Modelo 22;Monitores;67;1133.77
11829;SKU-21822;Item 21822 Áudio - Modelo 23;Áudio;74;1137.24
11830;SKU-21823;Item 21823 Vídeo - Modelo 24;Vídeo;81;1140.71
11831;SKU-21824;Item 21824 Computadores - Modelo 25;Computadores;88;1144.18
11832;SKU-21825;Item 21825 Redes - Modelo 26;Redes;95;1147.65
11833;SKU-21826;Item 21826 Impressão - Modelo 27;Impressão;102;1151.12
11834;SKU-21827;Item 21827 Acessórios - Modelo 28;Acessórios;109;1154.59
11835;SKU-21828;Item 21828 Armazenamento - Modelo 29;Armazenamento;116;1158.06
11836;SKU-21829;Item 21829 Energia - Modelo 30;Energia;3;1161.53
11837;SKU-21830;Item 21830 Periféricos - Modelo 31;Periféricos;10;1165.00
11838;SKU-21831;Item 21831 Monitores - Modelo 32;Monitores;17;1168.47
11839;SKU-21832;Item 21832 Áudio - Modelo 33;Áudio;24;1171.94
11840;SKU-21833;Item 21833 Vídeo - Modelo 34;Vídeo;31;1175.41
11841;SKU-21834;Item 21834 Computadores - Modelo 35;Computadores;38;1178.88
11842;SKU-21835;Item 21835 Redes - Modelo 36;Redes;45;1182.35
11843;SKU-21836;Item 21836 Impressão - Modelo 37;Impressão;52;1185.82
11844;SKU-21837;Item 21837 Acessórios - Modelo 38;Acessórios;59;1189.29
11845;SKU-21838;Item 21838 Armazenamento - Modelo 39;Armazenamento;66;1192.76
11846;SKU-21839;Item 21839 Energia - Modelo 40;Energia;73;1196.23
11847;SKU-21840;Item 21840 Periféricos - Modelo 41;Periféricos;80;1199.70
11848;SKU-21841;Item 21841 Monitores - Modelo 42;Monitores;87;1203.17
11849;SKU-21842;Item 21842 Áudio - Modelo 43;Áudio;94;1206.64
11850;SKU-21843;Item 21843 Vídeo - Modelo 44;Vídeo;101;1210.11
11851;SKU-21844;Item 21844 Computadores - Modelo 45;Computadores;108;1213.58
11852;SKU-21845;Item 21845 Redes - Modelo 46;Redes;115;1217.05
11853;SKU-21846;Item 21846 Impressão - Modelo 47;Impressão;2;1220.52
11854;SKU-21847;Item 21847 Acessórios - Modelo 48;Acessórios;9;1223.99
11855;SKU-21848;Item 21848 Armazenamento - Modelo 49;Armazenamento;16;1227.46
11856;SKU-21849;Item 21849 Energia - Modelo 50;Energia;23;1230.93
11857;SKU-21850;Item 21850 Periféricos - Modelo 51;Periféricos;30;1234.40
11858;SKU-21851;Item 21851 Monitores - Modelo 52;Monitores;37;1237.87
11859;SKU-21852;Item 21852 Áudio - Modelo 53;Áudio;44;1241.34
11860;SKU-21853;Item 21853 Vídeo - Modelo 54;Vídeo;51;1244.81
11861;SKU-21854;Item 21854 Computadores - Modelo 55;Computadores;58;1248.28
11862;SKU-21855;Item 21855 Redes - Modelo 56;Redes;65;1251.75
11863;SKU-21856;Item 21856 Impressão - Modelo 57;Impressão;72;1255.22
11864;SKU-21857;Item 21857 Acessórios - Modelo 58;Acessórios;79;1258.69
11865;SKU-21858;Item 21858 Armazenamento - Modelo 59;Armazenamento;86;1262.16
11866;SKU-21859;Item 21859 Energia - Modelo 60;Energia;93;1265.63
11867;SKU-21860;Item 21860 Periféricos - Modelo 61;Periféricos;100;1269.10
11868;SKU-21861;Item 21861 Monitores - Modelo 62;Monitores;107;1272.57
11869;SKU-21862;Item 21862 Áudio - Modelo 63;Áudio;114;1276.04
11870;SKU-21863;Item 21863 Vídeo - Modelo 64;Vídeo;1;1279.51
11871;SKU-21864;Item 21864 Computadores - Modelo 65;Computadores;8;1282.98
11872;SKU-21865;Item 21865 Redes - Modelo 66;Redes;15;1286.45
11873;SKU-21866;Item 21866 Impressão - Modelo 67;Impressão;22;1289.92
11874;SKU-21867;Item 21867 Acessórios - Modelo 68;Acessórios;29;1293.39
11875;SKU-21868;Item 21868 Armazenamento - Modelo 69;Armazenamento;36;1296.86
11876;SKU-21869;Item 21869 Energia - Modelo 70;Energia;43;1300.33
11877;SKU-21870;Item 21870 Periféricos - Modelo 71;Periféricos;50;1303.80
11878;SKU-21871;Item 21871 Monitores - Modelo 72;Monitores;57;1307.27
11879;SKU-21872;Item 21872 Áudio - Modelo 73;Áudio;64;1310.74
11880;SKU-21873;Item 21873 Vídeo - Modelo 74;Vídeo;71;1314.21
11881;SKU-21874;Item 21874 Computadores - Modelo 75;Computadores;78;1317.68
11882;SKU-21875;Item 21875 Redes - Modelo 76;Redes;85;1321.15
11883;SKU-21876;Item 21876 Impressão - Modelo 77;Impressão;92;1324.62
11884;SKU-21877;Item 21877 Acessórios - Modelo 78;Acessórios;99;1328.09
11885;SKU-21878;Item 21878 Armazenamento - Modelo 79;Armazenamento;106;1331.56
11886;SKU-21879;Item 21879 Energia - Modelo 80;Energia;113;1335.03
11887;SKU-21880;Item 21880 Periféricos - Modelo 81;Periféricos;0;1338.50
11888;SKU-21881;Item 21881 Monitores - Modelo 82;Monitores;7;1341.97
11889;SKU-21882;Item 21882 Áudio - Modelo 83;Áudio;14;1345.44
11890;SKU-21883;Item 21883 Vídeo - Modelo 84;Vídeo;21;1348.91
11891;SKU-21884;Item 21884 Computadores - Modelo 85;Computadores;28;1352.38
11892;SKU-21885;Item 21885 Redes - Modelo 86;Redes;35;1355.85
11893;SKU-21886;Item 21886 Impressão - Modelo 87;Impressão;42;1359.32
11894;SKU-21887;Item 21887 Acessórios - Modelo 88;Acessórios;49;1362.79
11895;SKU-21888;Item 21888 Armazenamento - Modelo 89;Armazenamento;56;1366.26
11896;SKU-21889;Item 21889 Energia - Modelo 90;Energia;63;1369.73
11897;SKU-21890;Item 21890 Periféricos - Modelo 91;Periféricos;70;1373.20
11898;SKU-21891;Item 21891 Monitores - Modelo 92;Monitores;77;1376.67
11899;SKU-21892;Item 21892 Áudio - Modelo 93;Áudio;84;1380.14
11900;SKU-21893;Item 21893 Vídeo - Modelo 94;Vídeo;91;1383.61
11901;SKU-21894;Item 21894 Computadores - Modelo 95;Computadores;98;1387.08
11902;SKU-21895;Item 21895 Redes - Modelo 96;Redes;105;1390.55
11903;SKU-21896;Item 21896 Impressão - Modelo 97;Impressão;112;1394.02
11904;SKU-21897;Item 21897 Acessórios - Modelo 98;Acessórios;119;1397.49
11905;SKU-21898;Item 21898 Armazenamento - Modelo 99;Armazenamento;6;1400.96
11906;SKU-21899;Item 21899 Energia - Modelo 100;Energia;13;1404.43
11907;SKU-21900;Item 21900 Periféricos - Modelo 1;Periféricos;20;1407.90
11908;SKU-21901;Item 21901 Monitores - Modelo 2;Monitores;27;1411.37
11909;SKU-21902;Item 21902 Áudio - Modelo 3;Áudio;34;1414.84
11910;SKU-21903;Item 21903 Vídeo - Modelo 4;Vídeo;41;1418.31
11911;SKU-21904;Item 21904 Computadores - Modelo 5;Computadores;48;1421.78
11912;SKU-21905;Item 21905 Redes - Modelo 6;Redes;55;1425.25
11913;SKU-21906;Item 21906 Impressão - Modelo 7;Impressão;62;1428.72
11914;SKU-21907;Item 21907 Acessórios - Modelo 8;Acessórios;69;1432.19
11915;SKU-21908;Item 21908 Armazenamento - Modelo 9;Armazenamento;76;1435.66
11916;SKU-21909;Item 21909 Energia - Modelo 10;Energia;83;1439.13
11917;SKU-21910;Item 21910 Periféricos - Modelo 11;Periféricos;90;1442.60
11918;SKU-21911;Item 21911 Monitores - Modelo 12;Monitores;97;1446.07
11919;SKU-21912;Item 21912 Áudio - Modelo 13;Áudio;104;1449.54
11920;SKU-21913;Item 21913 Vídeo - Modelo 14;Vídeo;111;1453.01
11921;SKU-21914;Item 21914 Computadores - Modelo 15;Computadores;118;1456.48
11922;SKU-21915;Item 21915 Redes - Modelo 16;Redes;5;1459.95
11923;SKU-21916;Item 21916 Impressão - Modelo 17;Impressão;12;1463.42
11924;SKU-21917;Item 21917 Acessórios - Modelo 18;Acessórios;19;1466.89
11925;SKU-21918;Item 21918 Armazenamento - Modelo 19;Armazenamento;26;1470.36
11926;SKU-21919;Item 21919 Energia - Modelo 20;Energia;33;1473.83
11927;SKU-21920;Item 21920 Periféricos - Modelo 21;Periféricos;40;1477.30
11928;SKU-21921;Item 21921 Monitores - Modelo 22;Monitores;47;1480.77
11929;SKU-21922;Item 21922 Áudio - Modelo 23;Áudio;54;1484.24
11930;SKU-21923;Item 21923 Vídeo - Modelo 24;Vídeo;61;1487.71
11931;SKU-21924;Item 21924 Computadores - Modelo 25;Computadores;68;1491.18
11932;SKU-21925;Item 21925 Redes - Modelo 26;Redes;75;1494.65
11933;SKU-21926;Item 21926 Impressão - Modelo 27;Impressão;82;1498.12
11934;SKU-21927;Item 21927 Acessórios - Modelo 28;Acessórios;89;1501.59
11935;SKU-21928;Item 21928 Armazenamento - Modelo 29;Armazenamento;96;1505.06
11936;SKU-21929;Item 21929 Energia - Modelo 30;Energia;103;1508.53
11937;SKU-21930;Item 21930 Periféricos - Modelo 31;Periféricos;110;1512.00
11938;SKU-21931;Item 21931 Monitores - Modelo 32;Monitores;117;1515.47
11939;SKU-21932;Item 21932 Áudio - Modelo 33;Áudio;4;1518.94
11940;SKU-21933;Item 21933 Vídeo - Modelo 34;Vídeo;11;1522.41
11941;SKU-21934;Item 21934 Computadores - Modelo 35;Computadores;18;1525.88
11942;SKU-21935;Item 21935 Redes - Modelo 36;Redes;25;1529.35
11943;SKU-21936;Item 21936 Impressão - Modelo 37;Impressão;32;1532.82
11944;SKU-21937;Item 21937 Acessórios - Modelo 38;Acessórios;39;1536.29
11945;SKU-21938;Item 21938 Armazenamento - Modelo 39;Armazenamento;46;1539.76
11946;SKU-21939;Item 21939 Energia - Modelo 40;Energia;53;1543.23
11947;SKU-21940;Item 21940 Periféricos - Modelo 41;Periféricos;60;1546.70
11948;SKU-21941;Item 21941 Monitores - Modelo 42;Monitores;67;1550.17
11949;SKU-21942;Item 21942 Áudio - Modelo 43;Áudio;74;1553.64
11950;SKU-21943;Item 21943 Vídeo - Modelo 44;Vídeo;81;1557.11
11951;SKU-21944;Item 21944 Computadores - Modelo 45;Computadores;88;1560.58
11952;SKU-21945;Item 21945 Redes - Modelo 46;Redes;95;1564.05
11953;SKU-21946;Item 21946 Impressão - Modelo 47;Impressão;102;1567.52
11954;SKU-21947;Item 21947 Acessórios - Modelo 48;Acessórios;109;1570.99
11955;SKU-21948;Item 21948 Armazenamento - Modelo 49;Armazenamento;116;1574.46
11956;SKU-21949;Item 21949 Energia - Modelo 50;Energia;3;1577.93
11957;SKU-21950;Item 21950 Periféricos - Modelo 51;Periféricos;10;1581.40
11958;SKU-21951;Item 21951 Monitores - Modelo 52;Monitores;17;1584.87
11959;SKU-21952;Item 21952 Áudio - Modelo 53;Áudio;24;1588.34
11960;SKU-21953;Item 21953 Vídeo - Modelo 54;Vídeo;31;1591.81
11961;SKU-21954;Item 21954 Computadores - Modelo 55;Computadores;38;1595.28
11962;SKU-21955;Item 21955 Redes - Modelo 56;Redes;45;1598.75
11963;SKU-21956;Item 21956 Impressão - Modelo 57;Impressão;52;1602.22
11964;SKU-21957;Item 21957 Acessórios - Modelo 58;Acessórios;59;1605.69
11965;SKU-21958;Item 21958 Armazenamento - Modelo 59;Armazenamento;66;1609.16
11966;SKU-21959;Item 21959 Energia - Modelo 60;Energia;73;1612.63
11967;SKU-21960;Item 21960 Periféricos - Modelo 61;Periféricos;80;1616.10
11968;SKU-21961;Item 21961 Monitores - Modelo 62;Monitores;87;1619.57
11969;SKU-21962;Item 21962 Áudio - Modelo 63;Áudio;94;1623.04
11970;SKU-21963;Item 21963 Vídeo - Modelo 64;Vídeo;101;1626.51
11971;SKU-21964;Item 21964 Computadores - Modelo 65;Computadores;108;1629.98
11972;SKU-21965;Item 21965 Redes - Modelo 66;Redes;115;1633.45
11973;SKU-21966;Item 21966 Impressão - Modelo 67;Impressão;2;1636.92
11974;SKU-21967;Item 21967 Acessórios - Modelo 68;Acessórios;9;1640.39
11975;SKU-21968;Item 21968 Armazenamento - Modelo 69;Armazenamento;16;1643.86
11976;SKU-21969;Item 21969 Energia - Modelo 70;Energia;23;1647.33
11977;SKU-21970;Item 21970 Periféricos - Modelo 71;Periféricos;30;1650.80
11978;SKU-21971;Item 21971 Monitores - Modelo 72;Monitores;37;1654.27
11979;SKU-21972;Item 21972 Áudio - Modelo 73;Áudio;44;1657.74
11980;SKU-21973;Item 21973 Vídeo - Modelo 74;Vídeo;51;1661.21
11981;SKU-21974;Item 21974 Computadores - Modelo 75;Computadores;58;1664.68
11982;SKU-21975;Item 21975 Redes - Modelo 76;Redes;65;1668.15
11983;SKU-21976;Item 21976 Impressão - Modelo 77;Impressão;72;1671.62
11984;SKU-21977;Item 21977 Acessórios - Modelo 78;Acessórios;79;1675.09
11985;SKU-21978;Item 21978 Armazenamento - Modelo 79;Armazenamento;86;1678.56
11986;SKU-21979;Item 21979 Energia - Modelo 80;Energia;93;1682.03
11987;SKU-21980;Item 21980 Periféricos - Modelo 81;Periféricos;100;1685.50
11988;SKU-21981;Item 21981 Monitores - Modelo 82;Monitores;107;1688.97
11989;SKU-21982;Item 21982 Áudio - Modelo 83;Áudio;114;1692.44
11990;SKU-21983;Item 21983 Vídeo - Modelo 84;Vídeo;1;1695.91
11991;SKU-21984;Item 21984 Computadores - Modelo 85;Computadores;8;1699.38
11992;SKU-21985;Item 21985 Redes - Modelo 86;Redes;15;1702.85
11993;SKU-21986;Item 21986 Impressão - Modelo 87;Impressão;22;1706.32
11994;SKU-21987;Item 21987 Acessórios - Modelo 88;Acessórios;29;1709.79
11995;SKU-21988;Item 21988 Armazenamento - Modelo 89;Armazenamento;36;1713.26
11996;SKU-21989;Item 21989 Energia - Modelo 90;Energia;43;1716.73
11997;SKU-21990;Item 21990 Periféricos - Modelo 91;Periféricos;50;1720.20
11998;SKU-21991;Item 21991 Monitores - Modelo 92;Monitores;57;1723.67
11999;SKU-21992;Item 21992 Áudio - Modelo 93;Áudio;64;1727.14
12000;SKU-21993;Item 21993 Vídeo - Modelo 94;Vídeo;71;1730.61
